S0040000FB
S315100000004849535745444744010100031000000076
S31510000010000219741000002000000000000000000B
S31510000020004800474111001000F002F800F06FF888
S315100000300AA090E8000C82448344AAF10107DA452D
S3151000004001D100F064F8AFF2090EBAE80F0013F010
S31510000050010F18BFFB1A43F001031847D41402000E
S31510000060F41402000A444FF0000C10F8013B13F090
S31510000070070408BF10F8014B1D1108BF10F8015BEB
S31510000080641E05D010F8016B641E01F8016BF9D1DE
S3151000009013F0080F1EBF10F8014BAD1C0C1B09D135
S315100000A06D1E58BF01F801CBFAD505E014F8016BA7
S315100000B001F8016B6D1EF9D59142D6D37047000039
S315100000C00023002400250026103A28BF78C1FBD84B
S315100000D0520728BF30C148BF0B607047642904F02F
S315100000E06984782904F0CD84002070471FB59DE8F7
S315100000F0030004F071FF05F037F80400002000211A
S315100001001BF024FE401C60601FBD10B510BD05F02D
S3151000011055F81146FFF7EAFF14F06EF905F073F87B
S3151000012003B4FFF7F2FF03BC05F014F8000000005B
S3151000013000000000000000000000000000000000A9
S315100001407B2266697865645F6B6579223A22383955
S315100001503537443037323544383445333442222C1F
S31510000160227273615F6B65795F62697473223A39C3
S3151000017036302C2273797374656D5F6461746122F5
S315100001803A22222C22757365725F64617461223A79
S3151000019022222C226465766963655F6964223A229D
S315100001A041363337313733313632343337344441CD
S315100001B03644353445444135413431463736384175
S315100001C0222C22636F64655F6964223A22423645A7
S315100001D04434334244393034324442373831394268
S315100001E043364546413230334436384430222C2289
S315100001F073797374656D5F6B6579223A223932347F
S3151000020044343635334631423941383732222C227E
S315100002106672616D5F6B6579223A223031383041F2
S315100002203842314335463036423732222C22666CFC
S315100002306173685F6B6579223A22413930444635DD
S3151000024037333031333234323939222C226E7672CA
S31510000250616D5F6B6579223A2242324642393245E8
S31510000260433246363130344532222C227273615F66
S31510000270707269766174655F6B6579223A224330D4
S3151000028030333030303044463636354230363646E6
S3151000029036433245373437413638414443363132A6
S315100002A045433032363533423330433137454238A1
S315100002B04139434230303843454235434536453659
S315100002C03439444633433330364338314335373681
S315100002D0374637363335364339363930363031349A
S315100002E0464244313732433634414538353530424B
S315100002F03630453630464234464533464131343938
S315100003003935433233373945394632463737423035
S315100003104233343145313045383431413246433039
S31510000320443338394634444431333138334546370B
S3151000033046443044433246334630333041303343FB
S3151000034045464535384339333838433245433333D8
S3151000035031394637323036383937463845353239FD
S3151000036030453338413739313833384143343631F3
S31510000370313837353344303030303030303030303B
S315100003803030303030303030303030303030303057
S315100003903030303030303030303030303030303047
S315100003A03030303030303030303030303030303037
S315100003B03030303030303030303030303030303027
S315100003C03030303030303030303030303030303017
S315100003D03030303030303030303030303030303007
S315100003E030303030303030303030303030303030F7
S315100003F030303030303030303030303030303030E7
S3151000040030303030303030303030303030303030D6
S3151000041030303030303030303030303030303030C6
S3151000042030303030303030303030303030303030B6
S3151000043030303030303030303030303030303030A6
S315100004403030303030303030303030303030303096
S315100004503030303030303030303030303030303086
S315100004603031303030314238424442383430393607
S315100004703142454333454245384239413438443692
S3151000048039344644353632314130414332324433C1
S31510000490324146363839333946464439304643397F
S315100004A03139303544363843363445454443313096
S315100004B0413634463636443641393943333331388A
S315100004C04137333630394138313938323046463291
S315100004D0314345424133433939353037413031396B
S315100004E04239464533364338363039323234463857
S315100004F0444543463041304544334345313835460B
S3151000050043444242433533464441383930414243ED
S31510000510423539343534343141443839464139312C
S315100005203044303546464430354542383631313719
S3151000053045323443334433454539363846383341EA
S315100005404631323035333844393242453833343116
S3151000055044333730383146363538433243334237F1
S3151000056045323738453642444331344235414437B3
S3151000057035343246313542304543343338413830DC
S31510000580324441363241383342383843324241429E
S3151000059030373931383839323937344434394232D0
S315100005A034443238303444383133364641344436A4
S315100005B043324138363937383434323333304241A6
S315100005C0464144324635333835423542303945385E
S315100005D03237363645303745373634434645463951
S315100005E04334354630423344464146384431374128
S315100005F04435454539393634384341434632453317
S315100006004234383641463042363134443246344527
S31510000610384632304531463043303836303642432C
S31510000620453642414239463638323436324439300C
S315100006303045443333374130393934303043313231
S3151000064042314631393533414538434545413645C2
S3151000065042364331413241433044453532463342C6
S3151000066046454544413338413433373538333531CF
S3151000067035333939343045313645453835363238E3
S3151000068046383045354435323730434331324142AE
S315100006903838423745313330414142353246464586
S315100006A03042354541413941304646313341354472
S315100006B04643344432363436454244314331453666
S315100006C0344530383632313733324437303936469E
S315100006D04430394539353331383441333838373485
S315100006E04641374333433532323242383834333069
S315100006F0444545423641303542393145373031412E
S31510000700443832344246453032444145303834421A
S315100007103237464446464634304241333031314111
S3151000072035333841423833394142324537443842FD
S3151000073041323539434444454337453533413135E4
S3151000074043434244463236323434303636413342ED
S3151000075043374130304237434135373035444537DA
S3151000076041374235353837363832444434364630D8
S315100007704443464237384146414637393741313985
S3151000078042364231364632343338433332413834C6
S3151000079038434532373741333133353243423645A4
S315100007A03442303341353035303946394438222CCD
S315100007B0227273615F7075626C69635F6B65792213
S315100007C03A224330303330303030444636363542B4
S315100007D0303636463643324537343741363841445B
S315100007E04336313245433032363533423330433176
S315100007F03745423841394342303038434542354314
S31510000800453645363439444633433330364338312A
S31510000810433537363746373633353643393639303A
S315100008203630313446424431373243363441453816
S3151000083035353042363045363046423446453346F5
S3151000084041313439393543323337394539463246F1
S3151000085037374230423334314531304538343141FF
S3151000086032464330443338394634444431333138D0
S3151000087033454637464430444332463346303330A8
S31510000880413033434546453538433933383843329A
S3151000089045433333313946373230363839374638AF
S315100008A045353239304533384137393138333841A7
S315100008B043343631313837353344303030303030D8
S315100008C03030303030303030303030303030303012
S315100008D03030303030303030303030303030303002
S315100008E030303030303030303030303030303030F2
S315100008F030303030303030303030303030303030E2
S3151000090030303030303030303030303030303030D1
S3151000091030303030303030303030303030303030C1
S3151000092030303030303030303030303030303030B1
S3151000093030303030303030303030303030303030A1
S315100009403030303030303030303030303030303091
S315100009503030303030303030303030303030303081
S315100009603030303030303030303030303030303071
S315100009703030303030303030303030303030303061
S315100009803030303030303030303030303030303051
S315100009903030303030303030303030303030303041
S315100009A030303030303130303031227D00000000B0
S315100009B00000000000000000000000000000000021
S315100009C00000000000000000000000000000000011
S315100009D00000000000000000000000000000000001
S315100009E000000000000000000000000000000000F1
S315100009F000000000000000000000000000000000E1
S31510000A0000000000000000000000000000000000D0
S31510000A1000000000000000000000000000000000C0
S31510000A2000000000000000000000000000000000B0
S31510000A3000000000000000000000000000000000A0
S31510000A400000000000000000000000000000000090
S31510000A500000000000000000000000000000000080
S31510000A600000000000000000000000000000000070
S31510000A700000000000000000000000000000000060
S31510000A800000000000000000000000000000000050
S31510000A900000000000000000000000000000000040
S31510000AA00000000000000000000000000000000030
S31510000AB00000000000000000000000000000000020
S31510000AC00000000000000000000000000000000010
S31510000AD00000000000000000000000000000000000
S31510000AE000000000000000000000000000000000F0
S31510000AF000000000000000000000000000000000E0
S31510000B0000000000000000000000000000000000CF
S31510000B1000000000000000000000000000000000BF
S31510000B2000000000000000000000000000000000AF
S31510000B30000000000000000000000000000000009F
S31510000B40000000000000000000000000000000008F
S31510000B50000000000000000000000000000000007F
S31510000B60000000000000000000000000000000006F
S31510000B70000000000000000000000000000000005F
S31510000B80000000000000000000000000000000004F
S31510000B90000000000000000000000000000000003F
S31510000BA0000000000000000000000000000000002F
S31510000BB0000000000000000000000000000000001F
S31510000BC0000000000000000000000000000000000F
S31510000BD000000000000000000000000000000000FF
S31510000BE000000000000000000000000000000000EF
S31510000BF000000000000000000000000000000000DF
S31510000C0000000000000000000000000000000000CE
S31510000C1000000000000000000000000000000000BE
S31510000C2000000000000000000000000000000000AE
S31510000C30000000000000000000000000000000009E
S31510000C40000000000000000000000000000000008E
S31510000C50000000000000000000000000000000007E
S31510000C60000000000000000000000000000000006E
S31510000C70000000000000000000000000000000005E
S31510000C80000000000000000000000000000000004E
S31510000C90000000000000000000000000000000003E
S31510000CA0000000000000000000000000000000002E
S31510000CB0000000000000000000000000000000001E
S31510000CC0000000000000000000000000000000000E
S31510000CD000000000000000000000000000000000FE
S31510000CE000000000000000000000000000000000EE
S31510000CF000000000000000000000000000000000DE
S31510000D0000000000000000000000000000000000CD
S31510000D1000000000000000000000000000000000BD
S31510000D2000000000000000000000000000000000AD
S31510000D30000000000000000000000000000000009D
S31510000D40000000000000000000000000000000008D
S31510000D50000000000000000000000000000000007D
S31510000D60000000000000000000000000000000006D
S31510000D70000000000000000000000000000000005D
S31510000D80000000000000000000000000000000004D
S31510000D90000000000000000000000000000000003D
S31510000DA0000000000000000000000000000000002D
S31510000DB0000000000000000000000000000000001D
S31510000DC0000000000000000000000000000000000D
S31510000DD000000000000000000000000000000000FD
S31510000DE000000000000000000000000000000000ED
S31510000DF000000000000000000000000000000000DD
S31510000E0000000000000000000000000000000000CC
S31510000E1000000000000000000000000000000000BC
S31510000E2000000000000000000000000000000000AC
S31510000E30000000000000000000000000000000009C
S31510000E40000000000000000000000000000000008C
S31510000E50000000000000000000000000000000007C
S31510000E60000000000000000000000000000000006C
S31510000E70000000000000000000000000000000005C
S31510000E80000000000000000000000000000000004C
S31510000E90000000000000000000000000000000003C
S31510000EA0000000000000000000000000000000002C
S31510000EB0000000000000000000000000000000001C
S31510000EC0000000000000000000000000000000000C
S31510000ED000000000000000000000000000000000FC
S31510000EE000000000000000000000000000000000EC
S31510000EF000000000000000000000000000000000DC
S31510000F0000000000000000000000000000000000CB
S31510000F1000000000000000000000000000000000BB
S31510000F2000000000000000000000000000000000AB
S31510000F30000000000000000000000000000000009B
S31510000F40000000000000000000000000000000008B
S31510000F50000000000000000000000000000000007B
S31510000F60000000000000000000000000000000006B
S31510000F70000000000000000000000000000000005B
S31510000F80000000000000000000000000000000004B
S31510000F90000000000000000000000000000000003B
S31510000FA0000000000000000000000000000000002B
S31510000FB0000000000000000000000000000000001B
S31510000FC0000000000000000000000000000000000B
S31510000FD000000000000000000000000000000000FB
S31510000FE000000000000000000000000000000000EB
S31510000FF000000000000000000000000000000000DB
S3151000100000000000000000000000000000000000CA
S3151000101000000000000000000000000000000000BA
S3151000102000000000000000000000000000000000AA
S31510001030000000000000000000000000000000009A
S31510001040000000000000000000000000000000008A
S31510001050000000000000000000000000000000007A
S31510001060000000000000000000000000000000006A
S31510001070000000000000000000000000000000005A
S31510001080000000000000000000000000000000004A
S31510001090000000000000000000000000000000003A
S315100010A0000000000000000000000000000000002A
S315100010B0000000000000000000000000000000001A
S315100010C0000000000000000000000000000000000A
S315100010D000000000000000000000000000000000FA
S315100010E000000000000000000000000000000000EA
S315100010F000000000000000000000000000000000DA
S3151000110000000000000000000000000000000000C9
S3151000111000000000000000000000000000000000B9
S3151000112000000000000000000000000000000000A9
S315100011300000000000000000000000000000000099
S3151000114072B6DFF830D00C4B0C4818600C480047CC
S315100011500C480047FEE7FEE7FEE7FEE7FEE7FEE780
S31510001160FEE7FEE7FEE7FEE707480849084A094B8F
S31510001170704700002832012008ED00E0000500202D
S315100011805111001029000010289200202832012049
S31510001190281201202812012010B54E4A5106486027
S315100011A000F000433BB900BF4B6803401BB1131E50
S315100011B0A2F10102F8D110BD4FF080410122824008
S315100011C04A6070474FF0804182018A6070474FF045
S315100011D080418A68C2F382120270704730B50246A7
S315100011E03D4881073D4BD3F8004144F00104C3F854
S315100011F00041072A02DD38480B3821E00C6944F01B
S3151000120001040C6100BF0C6904F00304032CFAD12D
S315100012104C6944F001044C6100BF4C6904F00304AE
S31510001220032CFAD18C684FF4007545EA82152C43CD
S315100012308C6000BF8C6804F40054002CFAD0002097
S3151000124030BD10B50146244A11B9234A0A3A10E0B6
S3151000125000204FF080439C68C4F38210072805D8FD
S315100012601F4C246804410C60002201E01A4A093A16
S3151000127000BF104610BD10B504462046FFF7E1FF2B
S3151000128010BD30B50446144D2046FFF7F4FF054651
S3151000129015B9206840082060284630BD00B54FF0CB
S315100012A00040FFF779FF00BD4FF08040016841F024
S315100012B01001016070474FF08040016821F0100165
S315100012C0016070474FF08040016821F00101016014
S315100012D070470000A08601000D00007000A00240BB
S315100012E0B401021010B5FF224FF40071FB4803F051
S315100012F0BAFD10BD10B5FF224FF40071F74803F088
S31510001300B2FD10BDF64800BF8168F64A11400029AB
S31510001310FAD1F5490164F5490164F549016400BF44
S315100013208168F04A11400029FAD17047EC4800BF95
S315100013308168EC4A11400029FAD1016400BF816826
S31510001340E84A11400029FAD1704730B502460B46DB
S31510001350E848E34900244C6200BF8C68E14D2C40FC
S31510001360002CFAD1E44C8C601C680C630A608C6803
S3151000137044F001048C6000BF8C68DA4DAD1F2C4020
S31510001380002CF9D14C621C681568AC4201D0DB48C0
S3151000139000E000208C6824F070448C6030BD02465A
S315100013A013680B6070472DE9F04102460D46D1488F
S315100013B0540A640202EB050C4FEA5C264FEA4626F5
S315100013C0570A7F02C6494FF0000CC1F824C000BF6F
S315100013D0D1F808C0DFF80C830CEA080CBCF1000F3A
S315100013E0F6D1DFF81CC3C1F808C014E00C60D1F8C0
S315100013F008C04CF0040CC1F808C000BFD1F808C0F2
S31510001400DFF8E082A8F103080CEA080CBCF1000F23
S31510001410F4D104F50074B442E8D3D1F808C0DFF86B
S31510001420E4820CEA080CC1F808C0002308E057F85B
S3151000143023C0BCF1FF3F02D0B048401C04E05B1C47
S31510001440802BF4D3002000BFBDE8F081A948A44941
S3151000145000224A6200BF8A68A24B1A40002AFAD1BB
S31510001460A94A8A604FF080520A608A6842F00202E6
S315100014708A6000BF8A689B4B5B1F1A40002AF9D10D
S315100014808A68A04B1A408A60002070472DE9F84FF1
S3151000149006460F461446DFF85C82B14600200090DF
S315100014A0A246BB460AF0030020B1DFF85082A8F12D
S315100014B0060818E04FEA9A00009000250DE05946FC
S315100014C04846FFF742FF8046B8F1000F00D00AE009
S315100014D009F104090BF1040B6D1C00988542EED33B
S315100014E04FF0000800BF4046BDE8F88F2DE9F041E7
S315100014F004460D4616467F4F15B97E4F0A3F0CE03F
S31510001500A0198249884202D97C4F7F1E05E03246D7
S315100015102146284603F030FC00273846BDE8F08106
S315100015202DE9F84F05460F461446DFF8C881A24646
S31510001530B9464FF0000B002627B9DFF8B881A8F19D
S315100015400A0844E005F0030020B1DFF8B081A8F1E5
S3151000155005083CE028196D49884204D9DFF89C81BA
S31510001560A8F1010833E0281920F0030B2819A0EB85
S315100015700B0600200090042E04D9DFF87881A8F11C
S31510001580070824E0A4EB060A524649462846FFF708
S315100015907DFF8046B8F1000F00D018E0D144AEB1FF
S315100015A0C6F1040A042269465846FFF79FFF804693
S315100015B0B8F1000F0AD132464946684603F0DCFB03
S315100015C0042269465846FFF761FF804600BF404631
S315100015D0BDE8F88F2DE9F84F0446884600200090A4
S315100015E0444D002682468346002704EB08004749EF
S315100015F0884202D9414D6D1E9DE004F0030010B1E2
S315100016003E4D6D1F97E0C4F30807660A76021FB3B6
S31510001610FF224FF40071314803F025FCA4EB060BB2
S315100016205A462E493046FFF761FF054605B182E05E
S315100016304FF400713046FFF7B6FE054605B17AE065
S315100016404FF4007225493046FFF720FF054605B1D5
S3151000165071E00120009001E00020009004EB0800EA
S31510001660C0F3080704EB08004FEA502A4FEA4A2A4B
S31510001670BAEB060023D017B3FF224FF400711748B8
S3151000168003F0F1FBC7F5007B144AD11904EB0800EF
S315100016905A46FFF72BFF054605B14CE04FF4007193
S315100016A05046FFF780FE054605B144E04FF4007240
S315100016B00A495046FFF7EAFE054605B13BE0AAEB9C
S315100016C006004FEA502BBBF1000F01D14FF0010B72
S315100016D0009801281CD106F500771AE0F08B00203F
S315100016E00090024007000001A35C7F3A204FE3A15F
S315100016F0C1B208960D000070100000200800877017
S3151000170000550020FF00FF0F00AA0020000008105F
S3151000171037464FF000090BE04FF400713846FFF7DB
S3151000172042FE054605B106E007F5007709F1010905
S31510001730D945F1D300BF2846BDE8F88F2DE9F0430F
S3151000174006460C4617461D46DFF82C814FF0000959
S3151000175027B9DFF82481A8F10A0834E004F0030061
S3151000176010B1DFF818812EE005F0070020B1DFF880
S315100017700C81A8F1010826E0012E05D140488442CB
S3151000178002D3DFF800910BE02EB93D48844202D215
S31510001790DFF8F49004E0DFF8E080A8F10B0812E01F
S315100017A06019484504D9DFF8D48008F1040809E027
S315100017B0FFF7A8FD2A4639462046FFF767FE804602
S315100017C0FFF7B4FD00BF4046BDE8F0832DE9F047B2
S315100017D005460C4617461E46DFF89C804FF000095A
S315100017E027B9DFF89480A8F10A0842E02748844216
S315100017F003D3A0192449884205D925B9DFF8788082
S31510001800A8F1090835E01E48844203D3A0191D49E2
S31510001810884206D9012D04D1DFF85C80A8F10908A9
S3151000182027E0012D05D11648844202D3DFF85490E3
S315100018300BE02DB91248844202D2DFF84C9004E036
S31510001840DFF83480A8F10B0813E0A019484504D935
S31510001850DFF8288008F104080AE0FFF753FD324646
S315100018602146384603F088FAFFF760FD4FF000086E
S3151000187000BF4046BDE8F0870D000070030087707A
S31510001880001010100014101000041010000010109A
S3151000189070B50B464FF0E021D1F8085D3DB1D1F897
S315100018A0084D42F0010600F1100544F8256001F5D7
S315100018B080652B5470BD10B54FF0E021D1F8083D6E
S315100018C043B1D1F8082D254B43F0010400F1100364
S315100018D042F8234010BD10B54FF0E021402808D241
S315100018E000F01F0301229A40440901F5807343F862
S315100018F0242010BD10B54FF0E021402808D200F08A
S315100019001F0301229A40440901F5C07343F82420AD
S3151000191010BD10B54FF0E021402808D200F01F038B
S3151000192001229A40440901F5207343F8242010BD82
S31510001930F0B504460D461646094F402C02D9084FFD
S315100019400B3F08E0324629462046FFF7A1FF204606
S31510001950FFF7C1FF00273846F0BD000067110010E1
S315100019600D0000700FB430B50446F948F94B53F822
S315100019703420116901F080030BB1F7482FE09DF870
S315100019801D30032B06D1069D049BAB4202D2F048B4
S31510001990001F24E0049B5360059B13609DF81D30C7
S315100019A0032B01D1069B936021F0070121F0400122
S315100019B021F49C719DF81D3019439DF81C3003F0DD
S315100019C0070341EAC3019DF81C3003F0080341EAFE
S315100019D003219DF81E3041EA83111161002030BCAD
S315100019E05DF814FB2DE9F04788B006460C46DFF883
S315100019F060834FF0000A4FF08049D648001F0078E8
S31510001A00B8B9D648D349091F4860D549D148001FEF
S31510001A10C160D4494161D449C161D4494162D449B4
S31510001A20C162D4494163D449C1630120C949091F20
S31510001A300870082E25D2DFE806F004080C101418DA
S31510001A401C2005254FF00F0A20E006254FF0100A3E
S31510001A501CE007254FF0110A18E008254FF0120A6E
S31510001A6014E009254FF0130A10E00A254FF0140A66
S31510001A700CE020254FF0190A08E021254FF01A0A2C
S31510001A8004E0DFF8CC82A8F10B0864E000BFB1488F
S31510001A9000EBC6000079012804D1DFF8B482A8F162
S31510001AA0050857E00CB1206920B9DFF8A482A8F127
S31510001AB00A084FE0207B242805DC607B072802DC1F
S31510001AC0A07B012802DDA248093800E00020A8BB4F
S31510001AD0A04850F83670D9F82400012101FA0AF10D
S31510001AE08843C9F82400002038610120F860606836
S31510001AF038602068786094E80F00CDE90523CDE9B9
S31510001B000301206907900799CDE900311346304645
S31510001B10DDE90312FFF726FF8046B8F1000F18D152
S31510001B20226920212846FFF703FF8046B8F1000FEF
S31510001B3005D0DFF82482A8F102080AE00AE00121A4
S31510001B40844800EBC60001710021824800EBC600F4
S31510001B50417100BF00BF404608B0BDE8F08730B500
S31510001B6001467B4B082901DB794B0B3B794800EB8F
S31510001B70C1000079012802D0754B5B1F17E075482C
S31510001B8000EBC1004079012802D1734B5B1E0EE0B9
S31510001B904FF08042506A01248C4040EA0440506263
S31510001BA000256C4C04EBC1042571002300BF1846B8
S31510001BB030BD724A51064868714B1843486000BFE1
S31510001BC048686F4B184018B1101EA2F10102F7D1E8
S31510001BD00020704770B505465E4850F83560082DF0
S31510001BE015D2DFE805F00406080A0C0E10120524BB
S31510001BF00EE006240CE007240AE0082408E0092475
S31510001C0006E00A2404E0202402E0212400E006E095
S31510001C1000BF0120F0602046FFF77BFE00BF70BDBD
S31510001C20F0B587B006460C46494F062E10D2DFE8AF
S31510001C3006F0030507090B0D05250CE006250AE03D
S31510001C40072508E0082506E0092504E00A2502E034
S31510001C503F4F0B3F46E000BF3E4800EBC600007901
S31510001C60012802D03C4F3F1F3BE03A4800EBC6002C
S31510001C704079012802D1384F7F1E32E00CB120691D
S31510001C8010B9334F0A3F2CE0207B242805DC607BFB
S31510001C90072802DCA07B012802DD2D48093800E068
S31510001CA00020F0B994E80F00CDE90423CDE9020134
S31510001CB0206906900699CDE9003113463046DDE9D4
S31510001CC00212FFF74FFE07465FB93046FFF782FF55
S31510001CD0226920212846FFF72BFE07460FB11E4F1B
S31510001CE0BF1E00BF384607B0F0BD10B50146184AF2
S31510001CF0082902DB164A0B3A1FE0164800EBC10012
S31510001D000079012802D0144A121F16E0114800EB80
S31510001D10C1004079012802D10F4A521E0DE00D4B29
S31510001D2053F83100036943F0800303610124094B22
S31510001D3003EBC1035C71002200BF104610BD10B545
S31510001D400146034A08291DDB014A0B3A30E0000020
S31510001D500D0000700400002005007970000001409D
S31510001D6000100140002001400030014000400140B9
S31510001D70005001400060014000700140A086010043
S31510001D80E0070009CB4800EBC1000079012801D01B
S31510001D90C94A0DE0C74B53F83100036923F080039D
S31510001DA003610024C34B03EBC1035C71002200BF27
S31510001DB0104610BD0246C148082A02DBBF480B3840
S31510001DC010E0BC4B03EBC2031B790BB9BA4809E010
S31510001DD011B9BA480A3805E0B64B53F832301B68C9
S31510001DE00B60002070472DE9F04104460E4615465B
S31510001DF0B24F082C02DBB14F0B3F74E0AD4800EB3D
S31510001E00C4000079012801D0AB4F6CE0A94800EB63
S31510001E10C4004079012802D1A74FFF1C63E015B911
S31510001E20A64F0A3F5FE00020DFF888C25CF8343026
S31510001E3026B1012E16D0022E50D141E02978242940
S31510001E4002D99E4F093F0CE0186920F49C7001F0EE
S31510001E50070C40EACC0001F0080C40EA0C2018618F
S31510001E6000273EE02A4692F80DC0BCF1070F02DDAE
S31510001E70924F093F23E092F80DC0BCF1030F0CD12D
S31510001E80DFF830C25CF834C0DCF804C0D2F8088041
S31510001E90C44502D2894F093F11E092F80DC0BCF13A
S31510001EA0030F03D1D2F808C0C3F808C0186920F090
S31510001EB0070092F80DC04CEA00001861002710E0E8
S31510001EC02978012902D97D4F093F06E0186920F0CB
S31510001ED0400040EA81101861002702E0774F3F1F4B
S31510001EE000BF00BF00BF3846BDE8F0812DE9F041C4
S31510001EF005460E46714F062D10D2DFE805F0030594
S31510001F0007090B0D05240CE006240AE0072408E057
S31510001F10082406E0092404E00A2402E0674F0B3F78
S31510001F201CE000BF634800EBC5000079012801D012
S31510001F30614F12E05F4800EBC5004079012802D1DD
S31510001F405D4FFF1C09E016B95C4F0A3F05E03246AB
S31510001F5020212046FFF79CFC002700BF3846BDE82D
S31510001F60F08170B50546554E062D10D2DFE805F006
S31510001F70030507090B0D05240CE006240AE00724C7
S31510001F8008E0082406E0092404E00A2402E04B4E87
S31510001F900B3E16E000BF474800EBC500007901284C
S31510001FA001D0454E0CE0434800EBC50040790128AE
S31510001FB002D1414EF61C03E02046FFF77CFC0026BA
S31510001FC000BF304670BD70B505463C4E082D15D283
S31510001FD0DFE805F00406080A0C0E1012052410E0BE
S31510001FE006240EE007240CE008240AE0092408E081
S31510001FF00A2406E0202404E0212402E02E4EB61C1A
S3151000200005E000BF2046FFF766FC002600BF3046FD
S3151000201070BD70B50546294E082D15D2DFE805F0BE
S315100020200406080A0C0E1012052410E006240EE011
S3151000203007240CE008240AE0092408E00A2406E034
S31510002040202404E0212402E01B4EB61C05E000BF4C
S315100020502046FFF74FFC002600BF304670BD70B516
S315100020600B4600F110010E6826F08004802544EA24
S31510002070C5160E6000BF0D6825F0070444F0010573
S315100020800D6000BF0D6825F41C6444EAC3050D609D
S3151000209001210160426000F110010D6825F08004F5
S315100020A044F080040D6825430D6070BD0121C160A8
S315100020B07047000004000020010079700D000070C8
S315100020C003B59DF8002002EB4203F94A02EBC30266
S315100020D0506802680A43026000BF02680A40002A7C
S315100020E0FBD10CBD2DE9F3470C46F24F9DF80000CD
S315100020F0032802DBEF4F093FAEE014B9ED4F0A3F5C
S31510002100AAE0EB48001F006810B9EA4F7F1FA3E052
S315100021102078032802DDE74F0B3F9DE06078022808
S3151000212002DDE44F0B3F97E06078022805D0A078D7
S31510002130012802DDDF4F0B3F8EE0E078012802DD3B
S31510002140DC4F0B3F88E02079012802DDD94F0B3F89
S3151000215082E0207928B96079012802DDD54F0B3F3E
S315100021607AE0A068B0F5966F03D3A068B0F5612F3A
S3151000217002D9D04F0B3F6FE09DF8000000EB4001F5
S31510002180CB4800EBC100466800BF706800F0030042
S3151000219000285FD10025C84909684800C11700EB1F
S315100021A051614FEAE119D4F80880B9FBF8F0C0F391
S315100021B00B003061B9FBF8F008FB1090C001A16864
S315100021C0B0FBF1F000F07F007061356825F44065D2
S315100021D0207845EA80256078022802D125F010057E
S315100021E00EE045F0100525F02005607845EA40150B
S315100021F06078022804D025F04005A07845EA8015BD
S3151000220025F48055E07845EA003525F40055207907
S3151000221045EA403525F00F0545F001053560207972
S3151000222020B1F069617940EA4100F061E06870B16F
S31510002230E2689DF8001001EB41039D4951F8330007
S315100022403021FFF775FB07461FB19C4F01E0994FF0
S315100022500A3F00E099E700BF3846BDE8FC870FB497
S315100022602DE9F047DFF84CA203254FF0804990483E
S31510002270001F006858B992498D48001F8160914926
S3151000228001629149816301208949091F08609DF8FF
S31510002290200020B1012818D0022842D12BE09DF849
S315100022A0200000EB4001824800EBC1004668874CD5
S315100022B04FF0000809272D020E219DF8200000EB93
S315100022C040027B4840F8321030E09DF8200000EBC9
S315100022D04001774800EBC10046687C4C4FF000087F
S315100022E00A272D030F219DF8200000EB40027048AD
S315100022F040F832101AE09DF8200000EB40016C48BF
S3151000230000EBC1004668724C4FF001080427AD037C
S3151000231022219DF8200000EB4002654840F832105B
S3151000232004E0DFF890A1AAF1090A25E000BFD9F868
S3151000233024000121B9408843C9F82400D9F82400A3
S31510002340012101FA08F18843C9F824002068A8433E
S315100023502060A06EA843A0660020B060F06009A9B6
S315100023609DF82000FFF7BEFE82464FF440719DF89F
S315100023702000FFF7A5FE00BF5046BDE8F0075DF848
S3151000238014FB544A51064868534B1843486000BF23
S315100023904868514B184018B1101EA2F10102F7D12E
S315100023A00020704713B5434B9DF80000032802DB4D
S315100023B0404B093B28E011B93E4B0A3B24E09DF8FF
S315100023C0000000EB40023A4800EBC200406810B92A
S315100023D0384B083B18E09DF8002002EB4204344AC3
S315100023E002EBC4025068426802F010024AB9026A4F
S315100023F002F4807414B90A70002301E02D4B1B1FE0
S3151000240001E02C4B9B1F00BF18461CBD13B5294A73
S315100024109DF80000032802DB264A093A28E09DF8B9
S31510002420000000EB4003224800EBC300406810B9DF
S31510002430204A083A1CE09DF8003003EB43041C4B7D
S3151000244003EBC4035868436803F080036BB9016259
S3151000245000BF436803F04003002BFAD0436803F033
S315100024600103002BF5D1002201E0124A921F00BF92
S3151000247010461CBD33B50C460E4D9DF800000328C2
S3151000248002DB0C4D093D11E09DF8000000EB400108
S31510002490074800EBC100406810B9064D083D05E03D
S315100024A021469DF80000FFF70BFE002528463CBD8F
S315100024B0480000200D000070B40102100500717074
S315100024C00000024000100240002002400080004040
S315100024D000900040A08601000018001003B59F4828
S315100024E09DF80020032A02DB9C4809381AE011B92E
S315100024F09A480A3816E09DF8002002EB4203984AE3
S3151000250002EBC302526812B9944808380AE09DF8E3
S31510002510002002EB4203924A02EBC3025268526851
S315100025200A6000200CBD2DE9F141DFF830829DF8DC
S315100025300000032804DBDFF82482A8F1090845E02F
S315100025409DF8000000EB4001854800EBC100406893
S3151000255020B9DFF80882A8F1080837E04FF0804765
S31510002560804D4FF440719DF80000FFF7A9FD002142
S315100025709DF8000000EB4002794800EBC20040686D
S3151000258081609DF8000010B1012808D103E00926EA
S315100025904FF4706408E00A264FF4706404E0DFF824
S315100025A0BC81A8F10B0812E000BF786A0121B14086
S315100025B008437862286820432860A86E2043A866DE
S315100025C000206749091F0860804600BF00BF4046CB
S315100025D0BDE8F88173B50C46604D9DF8000050B10A
S315100025E09DF80000012806D09DF80000022802D0B0
S315100025F05A4D0B3D1AE09DF8000000EB400158487B
S3151000260000EBC100406808B9574D0FE014B9534D9F
S315100026100A3D0BE09DF8001001EB4102504951F8BC
S31510002620320022462021FFF733F9002528467CBDCB
S3151000263031B54A4C9DF8000050B19DF800000128B4
S3151000264006D09DF80000022802D0444C0B3C14E042
S315100026509DF8000000EB4001414800EBC1004068C6
S3151000266008B9414C09E09DF8001001EB41023C49C4
S3151000267051F83200FFF71FF90024204638BD73B514
S315100026800C46364D9DF8000050B19DF8000001280B
S3151000269006D09DF80000022802D0304D0B3D16E002
S315100026A0012C0AD19DF8001001EB41022C4951F87A
S315100026B03200FFF710F9002509E09DF8001001EB34
S315100026C04102274951F83200FFF714F90025284630
S315100026D07CBD03B59DF8002002EB4203204A02EBB5
S315100026E0C3025068C2688A43C2600CBD03B59DF828
S315100026F0002002EB42031A4A02EBC3025068C2687A
S315100027008A43C26082680A4382600CBD01B59DF897
S31510002710001001EB4102124951F83200FFF7F9F8A7
S3151000272008BD1FB5044621600298206103986061B8
S31510002730002004B010BD014600BF486800F020001C
S315100027400028FAD1086AC0B2704700BF426802F08A
S315100027504002002AFAD10162704700000D00007095
S3151000276048000020008000400100717070B50446DA
S315100027700D461646092C00DA15B94FF0FF3070BD1C
S315100027804B4840F8345000EBC4004660204600F039
S31510002790DCFB0020F3E710B50446092C02DB4FF0F2
S315100027A0FF3010BD204600F0E1FB0020404941F803
S315100027B0340001EBC401486000BFF2E710B53D4894
S315100027C000F03AFA3B48007800F0010038B138487A
S315100027D0006820B1364841680268002090473548A5
S315100027E00078C0F3400038B13148806820B13048D5
S315100027F0C1688268012090472E480078C0F3800097
S3151000280038B12B48006920B1294841690269022074
S31510002810904728480078C0F3C00038B12448806932
S3151000282020B12348C1698269032090472148007866
S31510002830C0F3001038B11E48006A20B11C48416A26
S31510002840026A042090471B480078C0F3401038B144
S315100028501748806A20B11648C16A826A05209047D7
S3151000286014480078C0F3801038B11148006B20B1BD
S315100028700F48416B026B062090470E480078C0F354
S31510002880C01038B10A48806B20B10948C16B826B01
S315100028900720904707480088C0F3002038B1044845
S315100028A0006C20B10248416C026C0820904710BDA4
S315100028B0F08D0020500900200246002106E000207D
S315100028C0FE4B43F82100FE4B5854491C1029F6DBE9
S315100028D04020FB4B18700020FA4B1860012018603E
S315100028E00020F94B1860F74BC3F804022020F64B72
S315100028F0083B186000201860F448F34B1433186036
S31510002900002070472020F049083908600020ED4962
S31510002910C1F8040208607047EB48006840F4B850EC
S31510002920E849C1F80C020846D0F8800240F01000C1
S31510002930C1F880020846D0F8040240F40270C1F8CB
S31510002940040200207047E0480838006820F00800AC
S31510002950DC49C1F804020020704730B5034614461E
S31510002960102B02D34FF0FF3030BD402C02D94FF060
S31510002970FF30F9E70A4642F0400211B922F0100280
S3151000298001E042F01002CE4DEC54CF48743040F8BE
S3151000299023200020E8E70146CB48743050F8210088
S315100029A000F0030008B1012070470020FCE770B565
S315100029B004464CB9C448743050F8240040F40071F1
S315100029C0C148743040F82410BF48743050F82400C1
S315100029D040F48071BC48743040F82410B74850F861
S315100029E024500020B54941F8240035B1401E286115
S315100029F0686910B1D5E905108847002070BD0146F9
S31510002A00B148743050F8210040F04002AE4874309E
S31510002A1040F8212050F8210020F48072AA48743022
S31510002A2040F82120002070470146A748743050F81E
S31510002A302100C0F30020704770B50446102C02D355
S31510002A404FF0FF3070BD9D4850F8245000209B4930
S31510002A5041F824009C48743050F8240020F00301FB
S31510002A609948743040F8241050F8240040F0400182
S31510002A709548743040F824103DB14FF0FF3028616E
S31510002A80686910B1D5E9051088470020DAE70146D4
S31510002A908D48743050F8210040F480628A487430B2
S31510002AA040F82120002070472DE9F0478146002488
S31510002AB058E0012000FA04F709EA070000B950E0CF
S31510002AC07E4850F8240000B94BE07C4850F824505A
S31510002AD0D5E90201A0EB010814B97C4E103604E0CA
S31510002AE0601E7A49203101EB0016306848B9002083
S31510002AF0724941F82400686910B1D5E90510884774
S31510002B002FE0B8F1000F16D06D48005D404503D890
S31510002B106B48005D306001E0C6F80080E8683168F7
S31510002B200844E86070686649095D08447060664844
S31510002B301C30076014E06249095D491EA868084008
S31510002B4028B90020306060481C30076008E000207B
S31510002B505A4941F82400686910B1D5E9051088472B
S31510002B6000BF641C102CA4D3BDE8F0872DE9F047F4
S31510002B70814600255CE0012000FA05F709EA070006
S31510002B8000B954E04D4850F8250000B94FE00DB992
S31510002B904E4E04E0681E4D49203101EB00164748A1
S31510002BA050F82540D4E90201401A4549495D88424A
S31510002BB003D3434810F805A003E0D4E90201A0EBC3
S31510002BC0010A3068504501D9D04601E0D6F8008098
S31510002BD0E0684044E060207F012806D03848405D18
S31510002BE0404502D8B8F1000F09D10020334941F809
S31510002BF025006069D0B1D4E90510884716E07068E1
S31510002C002F49495D08447060D4E90201401A2C49E5
S31510002C10495D884203D32A48405D306003E0D4E919
S31510002C200201401A306028482030076000BF6D1C32
S31510002C30102DA0D3BDE8F087F8B504462248001F32
S31510002C400068009960F3000100911E48D0F8080250
S31510002C504108009861F3410000901B48001F00686E
S31510002C608108009861F3820000901648D0F8080297
S31510002C70C108009861F3C30000901348001F006854
S31510002C800109009861F3041000900E48D0F808026C
S31510002C904109009861F3451000900B48001F006829
S31510002CA08109009861F3861000900748001F00689C
S31510002CB0C109009861F3C710009009E01091002037
S31510002CC05091002000000B400C020B400090002099
S31510002CD0FA48001F0068010A009861F30820009066
S31510002CE0F648001F0068410A009861F349200090D9
S31510002CF0F248001F0068810A009861F38A2000904C
S31510002D00EE48001F0068C10A009861F3CB200090BE
S31510002D10EA48001F0068010B009861F30C30009020
S31510002D20E648001F0068410B009861F34D30009093
S31510002D30E248001F0068810B009861F38F30009005
S31510002D40DF48D0F80802010C009861F3104000909B
S31510002D50DB490098D1F8081260F30001D748001F2C
S31510002D60016000984108D648D0F8080261F3410086
S31510002D70D249091F086000988108D148D0F8080286
S31510002D8061F38200CD49091F08600098C108CC483C
S31510002D90D0F8080261F3C300C849091F08600098FB
S31510002DA00109C748D0F8080261F30410C349091F86
S31510002DB0086000984109C248D0F8080261F345102E
S31510002DC0BE49091F086000988109BD48D0F808025D
S31510002DD061F38610B949091F08600098C109B848FF
S31510002DE0D0F8080261F3C710B449091F08600098AB
S31510002DF0010AB348D0F8080261F30820AF49091F49
S31510002E0008600098410AAE48D0F8080261F34920DC
S31510002E10AA49091F08600098810AA948D0F8080233
S31510002E2061F38A20A549091F08600098C10AA448C1
S31510002E30D0F8080261F3CB20A049091F086000985A
S31510002E40010B9F48D0F8080261F30C309B49091F0B
S31510002E5008600098410B9A48D0F8080261F34D308B
S31510002E609649091F08600098810B9548D0F808020A
S31510002E7061F38F309149091F08600098010C904842
S31510002E80D0F8080261F310408D49C1F80802009885
S31510002E90216860F30001216000984108206861F301
S31510002EA04100206000988108206861F3820020604C
S31510002EB00098C108206861F3C300206000980109DA
S31510002EC0206861F30410206000984109206861F3BE
S31510002ED04510206000988109206861F386102060F3
S31510002EE00098C109206861F3C71020600098010A94
S31510002EF0206861F3082020600098C0F3C00040B13C
S31510002F00002703E03846FFF797FD7F1C102FF9DBEB
S31510002F10F8BD0098C0F3402040B1684824300568D9
S31510002F206748C0F830522846FFF7BEFD0098C0F338
S31510002F30802040B16148283006686148C0F8346284
S31510002F403046FFF713FE00BFE2E7014600220929CB
S31510002F5001DB501E7047012000FA01F25748006845
S31510002F601043574BC3F80C020020F3E7014600222A
S31510002F70092901DB501E7047012000FA01F24F4863
S31510002F80006890434E4BC3F80C020020F3E701464D
S31510002F904A480C38026E0A60406E4860002070473E
S31510002FA0F0B50246116855689468012000FA01F6DA
S31510002FB0102901D3801EF0BD05F0030010B14FF0AB
S31510002FC0FF30F8E73D48743050F8210000F0030058
S31510002FD010B94FF0FF30EEE73A4850F8210020B90B
S31510002FE036481C300068304010B14FF0FF30E2E731
S31510002FF0344840F821200020106109B9324B04E012
S31510003000481E314F103707EB00133048405CA04282
S3151000301009D22E48405C18602C48405C294F57F85E
S315100030202170F86004E01C60264850F82100C46046
S315100030305D6022481C3006600020BCE730B50246B1
S315100030401368012000FA03F5102B01D3801E30BD42
S31510003050107900F0030010B14FF0FF30F7E7184673
S31510003060FFF799FC18B11846FFF7DEFC10B14FF0C8
S31510003070FF30ECE713B9144C103C04E0581E12490B
S31510003080103101EB00140F4850F8230020B90B48FB
S3151000309020300068284010B14FF0FF30D7E70948BC
S315100030A040F8232000201061D0600849C95C906860
S315100030B088420DD2906820600DE000000C020B4093
S315100030C000000B401091002010900020509100201D
S315100030D00448C05C206050686060034805600020AA
S315100030E0B5E70000509100202C020B4010B50446A5
S315100030F0E08818B10020FFF75AFC10BDF748006AA7
S3151000310050B1F648C169826920469047002809DA0D
S315100031100020FFF74CFCF0E7608818B10020FFF79D
S3151000312046FCEAE70020FFF7B2FCE6E770B5054675
S31510003130688810B9E888012803D00020FFF737FC0B
S3151000314070BDE648006A70B1E448416A026A2846D2
S3151000315090470446002C03DA0020FFF728FCEFE71F
S31510003160DF490C7002E00020DD4908702022DD499D
S31510003170DD4801F046FEDA48DB49486001208860E8
S315100031800846FFF70DFF0446002C04DA0020FFF76F
S315100031900EFC2046D4E70020D2E710B50446A088DE
S315100031A008B9E08818B10020FFF701FC10BDCB4824
S315100031B0006950B1C9484169026920469047002804
S315100031C003DA0020FFF7F3FBF0E7A078C749087091
S315100031D00020FFF75CFCE9E770B50446608820B96B
S315100031E0A08810B9E088012803D00020FFF7DFFB84
S315100031F070BD2022BB49BC4801F003FEBB48BA494A
S315100032004860012088600846FFF7CAFE0546002D73
S3151000321004DA0020FFF7CBFB2846E9E70020E7E7B2
S315100032207CB50446002001900090608800120128A9
S3151000323004D0022817D0032844D12EE0207800F0BD
S315100032401F0008B9A08810B1002000900AE0A84815
S3151000325000680190019810B90020009002E00198D2
S315100032600078009040E0207800F01F0008B9A08890
S3151000327010B1002000900FE09D4840680190019821
S3151000328010B90020009007E0019880780199C9785C
S3151000329000EB012080B2009026E0207800F01F009D
S315100032A000B110E0A078082809DAA078801C9049AF
S315100032B051F82000019001980078009001E000205C
S315100032C0009011E000BF8B48006850B16A4601A912
S315100032D02046884B1B689847019820B9002000901B
S315100032E001E00020009000BF00BFE088BDF800108C
S315100032F0884201DAE0880090BDF80000002815DD4C
S3151000330020227849784801F07CFD77490198486079
S31510003310BDF8000088600846FFF742FE0546002DFE
S3151000332008DA0020FFF743FB28467CBD0020FFF794
S315100033303EFBFAE70020F8E770B50446E088A0B92E
S31510003340608820B9207800F01F0002280DD160880F
S31510003350012803D1207800F01F0030B960880228B8
S3151000336007D1207800F01F0018B10020FFF71FFBCF
S3151000337070BD608878B9A08800280CDD217901F02D
S315100033800F00FFF714FB0546002D0ADA0020FFF7A1
S315100033900EFB2846ECE70020FFF709FB4FF0FF3045
S315100033A0E6E70020FFF773FBE2E770B504462078E6
S315100033B000F08000B0B9E088A0B9608820B9207804
S315100033C000F01F0002280DD16088012803D1207853
S315100033D000F01F0030B96088022807D1207800F06D
S315100033E01F0018B10020FFF7E2FA70BD608878B9A7
S315100033F0A08800280CDD217901F00F00FFF7FFFAF5
S315100034000546002D0ADA0020FFF7D1FA2846ECE728
S315100034100020FFF7CCFA4FF0FF30E6E70020FFF769
S3151000342036FBE2E770B50446608840B9E0880228AA
S3151000343005D1207800F01F0028B9A08818B1002007
S31510003440FFF7B5FA70BD207800F01F00022804D0EF
S31510003450002023490870487015E0217901F00F000B
S31510003460FFF7E2FA0546002D04DA0020FFF79FFA6F
S315100034702846E7E7002D01DD012000E0002018496D
S3151000348008700020487020221649174801F0B9FC30
S31510003490134815494860022088600846FFF780FDEA
S315100034A00546002D04DA0020FFF781FA2846C9E701
S315100034B00020C7E770B5054668780D284AD2DFE8C0
S315100034C000F0071B492049252A2F32373C41460078
S315100034D02846FFF7A7FF04463FE000006091002052
S315100034E05C090020B81202108891002058090020AB
S315100034F0A8910020540900202846FFF756FF0446DD
S315100035002BE02846FFF718FF044626E00020FFF7B9
S31510003510BEFA044621E02846FFF782FE04461CE068
S315100035204FF0FF3419E02846FFF756FE044614E024
S315100035302846FFF732FE04460FE02846FFF7F6FD51
S3151000354004460AE02846FFF7D1FD044605E04FF091
S31510003550FF3402E04FF0FF3400BF00BF204670BDBD
S315100035607CB505460E466846FFF711FD002802DABF
S315100035704FF0FF307CBD4548406828B10020FFF76A
S3151000358016FA4FF0FF30F5E79DF8000000F06000E6
S3151000359020B1202807D040281FD111E06846FFF738
S315100035A089FF04461CE03A48006830B13848416843
S315100035B0026868469047044601E04FF0FF340FE07A
S315100035C03348806830B13248C1688268684690478F
S315100035D0044601E04FF0FF3402E04FF0FF3400BF25
S315100035E000BF002C02DA0020FFF7E1F92046C1E700
S315100035F010B52821264801F060FC2021254801F04D
S315100036005CFC002224490820FFF7B0F8002010BD0A
S315100036100346052B02DB4FF0FF3070471C4840F87D
S31510003620331000EBC30042600020F6E701461B484A
S3151000363001600020704770B504462546286918B900
S315100036400020FFF724FA02E00020FFF7B0F920214E
S31510003650284601F032FC70BD10B50346032B01DA83
S31510003660082A02DB4FF0FF3010BD022B00DA0022D1
S315100036709818084C44F820100020F5E70848007800
S315100036807047002006490870704700008891002096
S3151000369060910020A8910020613500105409002087
S315100036A05809002010B50346FD48032B01DBFD48E1
S315100036B00EE01F2902DDFB48401C09E0002A03DB4F
S315100036C0C1F12004944202DAF648401C00E00020C2
S315100036D010BDF0B504460D461646F14F3246294642
S315100036E02046FFF7DFFF07466FB94FF0FF33B340B1
S315100036F0DA43ED4B03EBC4035968C86802FA05F3C5
S315100037001843C86000BF3846F0BD2DE9F0410646A3
S315100037100F4614461D46DFF888832A462146304652
S31510003720FFF7C0FF8046B8F1000F39D14FF0FF3CCC
S315100037300CFA05FC6FEA0C00DFF86CC30CEBC60C38
S31510003740DCF8043019689A6E27B1012F0BD0022FBE
S315100037501BD111E000FA04FC4CEA010100FA04FC4A
S3151000376022EA0C0216E000FA04FC21EA0C0100FA27
S3151000377004FC22EA0C020DE000FA04FC21EA0C011A
S3151000378000FA04FC4CEA020204E0DFF8188308F1A0
S31510003790010806E000BF19609A664FF0000800BFE6
S315100037A000BF4046BDE8F0812DE9F04106460F46C0
S315100037B014461D46DFF8E8822A4621463046FFF7B2
S315100037C071FF8046B8F1000F44D14FF0FF3C0CFA60
S315100037D005FC6FEA0C00DFF8D0C20CEBC60CDCF867
S315100037E00430196E5A6E37B1012F0DD0022F14D036
S315100037F0032F24D11AE000FA04FC21EA0C0100FA86
S3151000380004FC22EA0C021FE000FA04FC4CEA010157
S3151000381000FA04FC22EA0C0216E000FA04FC21EA83
S315100038200C0100FA04FC4CEA02020DE000FA04FC5A
S315100038304CEA010100FA04FC4CEA020204E0DFF84B
S31510003840648208F1010806E000BF19665A664FF057
S31510003850000800BF00BF4046BDE8F081F0B5044641
S315100038600D4616468E4F324629462046FFF71AFF5A
S3151000387007466FB94FF0FF33B340DA438A4B03EB79
S31510003880C4035968C86802FA05F39843C86000BFB4
S315100038903846F0BD70B504460B4615464FF0FF3658
S315100038A0AE40F243804E06EBC4067168886902FA90
S315100038B003F6B0438861486B02FA03F6B0434863D7
S315100038C0C86C02FA03F6B043C86470BD0FB4F0B505
S315100038D007460D461646724C324629463846FFF7BD
S315100038E0E1FE044604B12AE0324629463846FFF77F
S315100038F0D1FF324629463846FFF7B0FF044604B1D9
S315100039001DE09DF8241033462A463846FFF74CFF33
S31510003910044604B113E09DF8211033462A46384672
S31510003920FFF7F3FE04464CB99DF82000012805D197
S31510003930324629463846FFF7CCFE044600BF2046DD
S31510003940F0BC5DF814FB0FB4F8B505460E461746E5
S31510003950534C5548001F006858B954495248001F27
S315100039608160534901615349816101204E49091F04
S3151000397008603A4631462846FFF794FE044604B1DD
S3151000398015E03A4631462846FFF784FF9DF8280091
S315100039908DF800003A4631462846099BFFF796FFF8
S315100039A004461CB90121404800F8351000BF2046D6
S315100039B0F8BC5DF814FB404A5106486840F0070011
S315100039C0486000BF486800F0070018B1101EA2F149
S315100039D00102F7D10020704730B50446304D202241
S315100039E000212046FFF756FF202200212046FFF730
S315100039F035FF05461DB900212B4800F8341028461E
S31510003A0030BDF0B504460D461646254F32462946BA
S31510003A102046FFF747FE07465FB94FF0FF32B24028
S31510003A20D143214A02EBC402506801FA05F28263BF
S31510003A3000BF3846F0BDF0B504460D461646184F81
S31510003A40324629462046FFF72DFE07465FB94FF04E
S31510003A50FF32B240D143144A02EBC402506801FA55
S31510003A6005F2C26300BF3846F0BDF0B504460D46F8
S31510003A7016460B4F324629462046FFF713FE0746D9
S31510003A805FB94FF0FF32B240D143074A02EBC4028E
S31510003A90506801FA05F2826400BF3846F0BD000096
S31510003AA00D00007002007470940000200080004029
S31510003AB00090004000A00040A08601002DE9F041D2
S31510003AC004460D4616461F46DFF81482324629462E
S31510003AD02046FFF7E7FD8046B8F1000F0DD14FF0F5
S31510003AE0FF32B240D1437F4A02EBC4025068026CE7
S31510003AF001FA05F31A403A6000BF4046BDE8F0816E
S31510003B0030B5044676481CB1022B01DA76480AE035
S31510003B101F2901D9744806E0C1F12005954201D24A
S31510003B20714800E0002030BD02466E4800EBC2002E
S31510003B30406881610020704702466A4800EBC20067
S31510003B40406880690860002070470246654800EBAF
S31510003B50C2004068406A086000207047F0B506460B
S31510003B600B4615465E4F13B95D4F0A3F0BE0002416
S31510003B7005E053F824103046FFF7D6FF641CAC421C
S31510003B80F7D3002700BF3846F0BDF0B506460B4602
S31510003B901546534F13B9524F0A3F0BE0002405E068
S31510003BA003EB84013046FFF7D0FF641CAC42F7D319
S31510003BB0002700BF3846F0BD2DE9F04105460C46FA
S31510003BC016461F46DFF81881324621462846FFF76B
S31510003BD069FD8046B8F1000F10D14FF0FF33B340A6
S31510003BE0DA43404B03EBC5035968886902FA04F3BC
S31510003BF0984307FA04F31843886100BF4046BDE8AE
S31510003C00F0812DE9F04105460E4617461C46DFF8B1
S31510003C10D0803A4631462846FFF744FD8046B8F133
S31510003C20000F10D14FF0FF32BA40D0432D4A02EBAD
S31510003C30C50251684A6A22602268F24022602268F0
S31510003C400240226000BF4046BDE8F08170B50346D1
S31510003C50234D1F2901D9244D17E00020214E06EBD4
S31510003C60C3067468002512B1012A0AD103E00126A1
S31510003C708E40B04307E0E06901268E403043E06194
S31510003C8001E0194D00BF00BF00BF284670BD70B5DA
S31510003C90034613481F2901D913480FE0114D05EBB0
S31510003CA0C3056C68656A01268E40354015B101253D
S31510003CB0157001E000251570002000BF70BDF0B52D
S31510003CC005682E684368846804FA03F726EA070233
S31510003CD0012902D104FA03F73A432A60F0BD000025
S31510003CE00D00007094000020030074702DE9F84355
S31510003CF006460D46DFF8F893002000904FF08047F7
S31510003D0026B1012E0CD0022E1ED113E0F949FA4825
S31510003D1000EBC6004160786A20F04000786218E037
S31510003D20F649F54800EBC6004160786A20F080003D
S31510003D3078620EE0F249F04800EBC6004160786AFE
S31510003D4020F48070786204E0DFF8A493A9F10909E1
S31510003D50ECE000BF6846FDF794FA8146B9F1000F12
S31510003D6000D0E3E0687A01280AD12868400000995B
S31510003D70B1FBF0F1E04800EBC6004068416106E097
S31510003D804FF6FF71DC4800EBC60040684161DA4827
S31510003D9000EBC6004068C46824F03C04287A10285A
S31510003DA005D10021D44800EBC600417006E0287A00
S31510003DB000F00F01D04800EBC60041700021CE483C
S31510003DC000EBC600418088460EE0CB4800EBC600EB
S31510003DD04088012101FA08F189B20143C64800EB77
S31510003DE0C600418008F10108C34800EBC6004078C0
S31510003DF04045EAD8C04800EBC600407844EA800443
S31510003E0024F00304687A012810D1A87B012802D176
S31510003E1044F0010401E024F00104E87B012802D1FA
S31510003E2044F002040CE024F0020409E0E87B0128C7
S31510003E3004D1DFF8BC92A9F10B0977E024F0020453
S31510003E4024F08004287C012801D144F08004AA487B
S31510003E5000EBC6004068C460A74800EBC600406887
S31510003E608469687C012810D148F20370844344F0B9
S31510003E701004A87C00F003000443E87C00F007005F
S31510003E8044EA002444F4004401E024F40044287D6C
S31510003E90012810D19B48044044F48014687D00F03A
S31510003EA0030044EA0044A87D00F0070044EA0064D9
S31510003EB044F0004401E024F000448F4800EBC600B3
S31510003EC0406884618C4800EBC60040684468687A94
S31510003ED0012802D144F0020401E024F00204A87A79
S31510003EE0012802D144F0040401E024F00404E87A25
S31510003EF0012802D144F0080401E024F00804287BCC
S31510003F00012802D144F0100401E024F0100424F03A
S31510003F102004687B012801D144F02004764800EB88
S31510003F20C600406844604FF0000900BF4846BDE82F
S31510003F30F8832DE9F04106460C466D4F14B96C4FC7
S31510003F400A3F86E0022E02DD694F0B3F81E06E4983
S31510003F502068884203D82068B0F5377F05D2607A8A
S31510003F60012802D1624F0B3F73E0207A102802DC41
S31510003F70207A012802DA5E4F0B3F6AE026B1012E45
S31510003F8015D0022E53D125E0604D2868A1880F2246
S31510003F9002EAC14141F4E02188432860A86EA18855
S31510003FA002EAC14141F4E0218843A86642E0574D38
S31510003FB0286821790F2202EA017141F06061884375
S31510003FC02860A86E217902EA017141F06061884388
S31510003FD0A8662FE04E4DA088012101EAC0404D4948
S31510003FE00843A188012202EA01510843217902EA15
S31510003FF0C1610843217902EA0171084329688143A6
S315100040002960A088012101EAC04042490843A188DD
S3151000401002EA01510843217902EAC1610843217974
S3151000402002EA01710843A96E8143A96602E0304F86
S31510004030093F0EE000BF002028666866214630461C
S31510004040FFF754FE07461FB901212B4800F836101A
S3151000405000BF3846BDE8F08110B5024624488107F6
S31510004060032A25DA244B03EBC2035B685B6823F053
S315100040700104214B03EBC2035B685C60002022B194
S31510004080012A07D0022A0FD109E04B6A43F04003F8
S315100040904B620CE04B6A43F080034B6207E04B6ABD
S315100040A043F480734B6202E011480B3800BF01E005
S315100040B00F48093810BD184A5106486840F4604048
S315100040C0486000BF486800F4604018B1101EA2F1A5
S315100040D00102F7D1002070472DE9F84303460E463A
S315100040E0174603483146032B18DB01480938D5E13A
S315100040F00D00007000800140B000002000900140CB
S3151000410000A00140FFFFFC78001BB70000800040B4
S315100041100090004000202020A0860100DFF8ECC3AC
S315100041201CF833C0BCF1000F01D1F948B6E1DFF835
S31510004130DCC30CEBC30C9CF801C0BCF1000F01D121
S31510004140102405E0DFF8C4C30CEBC30C9CF8014047
S3151000415000223D46DFF8B4C30CEBC30CDCF804C0F8
S31510004160DCF80CC02CF00108DFF8A0C30CEBC30C74
S31510004170DCF804C0CCF80C8079E1082C7DDC91F8D1
S3151000418000C0CDF800C091F801C0DDF8008048EA03
S315100041900C2CCDF800C0DDF800C02CFA02FCCDF8CE
S315100041A000C0DFF868C30CEBC30CBCF802C0DDF826
S315100041B000800CEA080CCDF800C0C4F11008DDF838
S315100041C000C00CFA08FCCDF800C091F800C0DFF86A
S315100041D03C8308EBC308B8F8028008FA02F82CEA08
S315100041E0080C81F800C004EB020CBCF1080F0FDDBF
S315100041F0DFF818C30CEBC30CBCF802C0C2F10808F8
S315100042000CFA08FC91F8018028EA0C0881F8018064
S31510004210DFF8F8C20CEBC30CDDF80080DCF804C044
S31510004220CCF8008000BFDFF8E4C20CEBC30CDCF85E
S3151000423004C0DCF808C00CF0020CBCF1000FF2D17F
S31510004240DFF8C8C20CEBC30CDCF804C0DCF800C005
S31510004250DFF8B88208EBC308B8F802800CEA080C3D
S31510004260CDF800C091F800C0DDF8008008FA02F819
S315100042704CEA080C81F800C000E011E004EB020CD7
S31510004280BCF1080F0BDD91F801C0C2F10809DDF889
S31510004290008008FA09F84CEA080C81F801C0D9E048
S315100042A091F800C0CDF800C091F801C0DDF800808B
S315100042B048EA0C2CCDF800C091F802C0DDF8008059
S315100042C048EA0C4CCDF800C091F803C0DDF8008028
S315100042D048EA0C6CCDF800C0DDF800C02CFA02FCE0
S315100042E0CDF800C0DFF824C20CEBC30CBCF802C03A
S315100042F0DDF800800CEA080CCDF800C0C4F11008F7
S31510004300DDF800C00CFA08FCCDF800C091F800806A
S31510004310DFF8F8C10CEBC30CBCF802C00CFA02FCB7
S3151000432028EA0C0881F80080082A0FDBDFF8DCC1C8
S315100043300CEBC30CBCF802C0A2F108080CFA08FC7E
S3151000434091F8018028EA0C0881F8018004EB020C30
S31510004350BCF1100F1FDDDFF8B4C10CEBC30CBCF8B9
S3151000436002C0C2F110084CFA08FC91F8028028EA43
S315100043700C0881F80280DFF894C10CEBC30CBCF872
S3151000438002C0C2F118084CFA08FC91F8038028EA1A
S315100043900C0881F80380DFF874C10CEBC30CDDF850
S315100043A00080DCF804C0CCF8008000BFDFF85CC1E8
S315100043B00CEBC30CDCF804C0DCF808C00CF0020CE3
S315100043C0BCF1000FF2D1DFF844C10CEBC30CDCF8E2
S315100043D004C0DCF80080DFF834C10CEBC30CBCF869
S315100043E002C008EA0C08CDF8008091F800C0DDF88C
S315100043F0008008FA02F84CEA080C81F800C0082A76
S315100044000BDB91F801C0A2F10808DDF8009009FA5B
S3151000441008F96CEA090C81F801C004EB020CBCF136
S31510004420100F17DD91F802C0C2F11009DDF80080F7
S3151000443028FA09F82CEA080C81F802C091F803C092
S31510004440C2F11809DDF8008028FA09F82CEA080CE0
S3151000445081F803C002EB040C0CF0FF0205E0491CC6
S31510004460A2F1080C0CF0FF026D1E082AF7DA002DD7
S315100044707FF483AEDFF894C00CEBC30CDCF804C0F9
S31510004480DCF80CC04CF00108DFF880C00CEBC30C54
S31510004490DCF804C0CCF80C80002000BFBDE8F8831F
S315100044A010B502461A48083011B91948801E1DE089
S315100044B0032A02DB1648401E18E0144B13F832305C
S315100044C00BB9134812E0114B03EBC2035B689B68F0
S315100044D003F002040D4B03EBC2035B689C600B4BAD
S315100044E003EBC2035B689B680B60002010BD70B5C0
S315100044F00346074D0835032B02DB054D6D1E17E1EC
S31510004500024810F8330028B9014D11E1B00000201F
S3151000451005000070002510297ED2DFE801F008158D
S31510004520222F3C49566D8693A0ADBAC7DBF1814860
S3151000453000EBC3004068406840F001047D4800EB82
S31510004540C30040684460F2E07A4800EBC30040685C
S31510004550406820F00104774800EBC30040684460CF
S31510004560E5E0744800EBC3004068406840F0020480
S31510004570704800EBC30040684460D8E06D4800EB1B
S31510004580C3004068406820F002046A4800EBC3008C
S3151000459040684460CBE0674800EBC3004068406861
S315100045A040F00404634800EBC30040684460BEE07A
S315100045B0604800EBC3004068406820F004045D4882
S315100045C000EBC30040684460B1E000BF594800EBFF
S315100045D0C3004068806800F002000028F6D15548F4
S315100045E000EBC3004068806940F01004514800EBAE
S315100045F0C300406884619AE000BF4E4800EBC300D8
S315100046004068806900F0E0600028F6D1494800EB68
S31510004610C3004068806900E086E040F48014454895
S3151000462000EBC3004068846181E0424800EBC300A0
S315100046304068406840F008043E4800EBC3004068FC
S31510004640446074E03B4800EBC3004068406820F0CB
S315100046500804384800EBC3004068446067E03548FA
S3151000466000EBC3004068406840F01004314800EB8E
S31510004670C300406844605AE02E4800EBC30040680F
S31510004680406820F010042B4800EBC30040684460DB
S315100046904DE0284C04EBC3046468A06820F0FC00CD
S315100046A0244C04EBC3046468A06040E00AB9224DB0
S315100046B03DE0204E06EBC3067668F66826F0010448
S315100046C0106800F0010634431A4E06EBC3067668EE
S315100046D0F4602CE00AB9184D29E0164E06EBC30615
S315100046E07668F66826F00204106800F0010644EABF
S315100046F04604104E06EBC3067668F46017E0FFE733
S315100047000AB90D4D13E00B4E06EBC3067668F66834
S3151000471026F4E064106800F001063443054E06EBFB
S31510004720C3067668F46002E0034D6D1C00BF00BF3F
S31510004730284670BDB00000200300007070B5064614
S3151000474000F02EFC056806F10B0020F00704B442B9
S315100047509CBF002070BD2B466A68BAB11068A04293
S3151000476010D304F1080188423CBF5068586007D343
S315100047705168101941601168091B01605860146076
S31510004780101D70BD13465268002AE7D121462846EF
S3151000479000F00EFC0028DED170BD70B50446051F72
S315100047A000F0FEFB0068002C14BF446870BD002C9E
S315100047B018BFAC423CBF20466468F8D301680A189B
S315100047C0AA4218BF456003D12A6805461144016004
S315100047D028684119A1421CBF6C6070BD6168696090
S315100047E021680844286070BD53EA020C00F0698005
S315100047F02DE9F04B4FF00006002B1FBFB3FA83F5DF
S3151000480003FA05F424FA05F65E4012BF1643B2FA0F
S3151000481082F502FA05F4C5F120051EBF22FA05FC41
S3151000482044EA0C04203556EA044C4FEA144418BFE7
S31510004830641C4FF000084FF00009904271EB030C16
S3151000484039D3002919BFB1FA81F701FA07F6B0FA80
S3151000485080F700FA07F6C7F120071EBF20FA07FCFB
S3151000486046EA0C062037B6FBF4FCA7EB0507103F0B
S3151000487007F01F0BCBF120060CFA0BFB2CFA06F6F1
S3151000488044BFB3460026202FA4BF5E464FF0000B50
S315100048905BEA060C08BF4FF0010B19EB0B09ABFBDB
S315100048A0027C48EB0608C01B06FB02CC0BFB03CCB4
S315100048B071EB0C01C1E70B46024641464846BDE87E
S315100048C0F08B13B54FF000004FF00001AFF30080EE
S315100048D0BDE81C40704710B54C1084EA530404D54B
S315100048E04042C1F1000138BF491E1B4204D5524255
S315100048F0C3F1000338BF5B1EFFF776FF14F0804F3D
S3151000490004D04042C1F1000138BF491E14F0004FD7
S3151000491004D05242C3F1000338BF5B1E10BD10B560
S31510004920044600F035FB0068005DC00602D504F1B0
S31510004930200010BD204610BD0FB41CB5084B06AAAA
S315100049407B4469460090059800F0E5FB044600207C
S31510004950694600F0F3FB20461CBC5DF814FB000012
S31510004960F907000070B5044685690068C10601D5CF
S31510004970302600E02026C00707D070BDD4E90121FB
S3151000498030469047206A401C20626D1EF6D570BDD9
S3151000499070B5044685690078C00707D170BDD4E9A3
S315100049A0012120209047206A401C20626D1EF6D5FA
S315100049B070BD00002DE9F0410646002410687529E7
S315100049C0314616A510D0AFF30080002802DA404217
S315100049D013A507E031688A0701D512A502E0490739
S315100049E004D511A5012401E0AFF3008000210A22AD
S315100049F006F1240709E0B0FBF2FCB0FBF2F302FB70
S31510004A001C00303078541846491C0028F3D1234630
S31510004A102A463046BDE8F04100F01FBB00000000FA
S31510004A202D0000002B00000020000000F0B40D4601
S31510004A300188090502D5214C7C4402E01F4C7C44B8
S31510004A400E34002100F1240608E002F00F071209C7
S31510004A50E75D42EA03721B097754491C52EA0307C1
S31510004A60F3D102780023120704D5702D06D009B1B0
S31510004A70022311342246F0BC00F0EFBA01231034A1
S31510004A80F8E770B504460D4621461068AFF300806E
S31510004A90024629462046BDE870400023C6E7D21DCF
S31510004AA022F00703D3E90023C0E70368126843F036
S31510004AB0200303600823C3610023B7E7B4C80100CD
S31510004AC02DE9F05F894604464FF0000ADFF874B10D
S31510004AD0FB44C0F820A02046E1688847002874D01F
S31510004AE0252806D0D4E901219047206A401C20626F
S31510004AF0F1E700265F462046E168884720280546EC
S31510004B0007DB312D05D2781910F8200C08B10643B1
S31510004B10F1E7B00701D526F00406C4F81CA000275B
S31510004B20C4F818A02A2D09D028460AF047FF38B332
S31510004B3004EB8708303DC8F8185019E059F8041BE3
S31510004B40204604EB87029161E1688847012F0546EC
S31510004B5018D1E069002820DA26F020061DE0D8F8E2
S31510004B60180000EB800005EB40003038C8F818003C
S31510004B702046E168884705460AF020FF0028EED156
S31510004B80012F0AD02E2D08D12046E16888477F1CB8
S31510004B900546022F46F02006C4DBA069002803DA7A
S31510004BA0404246F00106A061F00701D026F010063B
S31510004BB06C2D0BD0682D09D04C2D39D06A2D35D0DF
S31510004BC0742D35D07A2D33D016E038E0E1682F46B3
S31510004BD020468847B842054609D16C2F26D04FF497
S31510004BE08060E168064320468847054604E06C2F3E
S31510004BF01AD04FF4807006430DB3A5F14100192861
S31510004C0002D8203546F400664A46294620462660D4
S31510004C104E46FBF763FA80B101280BD0F61D26F03D
S31510004C20070000F1080956E74020E4E78020D8E79E
S31510004C300020D6E706F104094DE7284652E7206A18
S31510004C40BDE8F09F44C80100401ECAB210F8011F0B
S31510004C508A4202D00029F9D10020704740EA0103A8
S31510004C60024630B59B0710D14FF0013400E008C260
S31510004C7008C91D1B9D4315EAC41FF8D013F0FF0188
S31510004C8002F8011B0DD01B0AF8E711F8013B002BA7
S31510004C9002F8013B05D011F8013B002B02F8013B4D
S31510004CA0F3D130BD10B5431C02E010F8011B71B1F1
S31510004CB08107FAD14FF0013202C88C1A8C4314EADC
S31510004CC0C211F9D0C01A0A0603D0C01E10BDC01AF0
S31510004CD010BD0A0401D0801E10BD0902FCD0401E72
S31510004CE010BD40EA010370B59B072ED14FF0013677
S31510004CF0042A2AD308C810C99D1B9D43121F15EA02
S31510004D00C61517D0D8B2E1B2401A50EA056110D1D3
S31510004D1098B2A1B2401A50EA05410AD123F07F4059
S31510004D2024F07F41401A50EA052102D1180EA0EB5B
S31510004D30146070BDA342DBD018BA21BA884201D9DB
S31510004D40012070BD4FF0FF3070BD0AB9002070BD54
S31510004D5010F8013B11F8014B63B1A3420AD1521E60
S31510004D6008D010F8013B11F8014B1BB1A34201D139
S31510004D70521EEDD1181B70BD032A40F2308010F080
S31510004D80030C00F0158011F8013BBCF1020F6244D0
S31510004D9098BF11F801CB00F8013B38BF11F8013B61
S31510004DA0A2F1040298BF00F801CB38BF00F8013B0E
S31510004DB011F0030300F02580083AC0F0088051F87E
S31510004DC0043B083A51F804CBA0E80810F5E7121D89
S31510004DD05CBF51F8043B40F8043BAFF30080D207A8
S31510004DE024BF11F8013B11F801CB48BF11F8012B74
S31510004DF024BF00F8013B00F801CB48BF00F8012B97
S31510004E00704710B5203AC0F00B80B1E81850203A20
S31510004E10A0E81850B1E81850A0E81850BFF4F5AF44
S31510004E205FEA027C24BFB1E81850A0E8185044BFCE
S31510004E3018C918C0BDE810405FEA827C24BF51F83B
S31510004E40043B40F8043B08BF7047D20728BF31F82F
S31510004E50023B48BF11F8012B28BF20F8023B48BF80
S31510004E6000F8012B704702F0FF0343EA032242EADF
S31510004E70024200F002B84FF000020429C0F012807E
S31510004E8010F0030C00F01B80CCF1040CBCF1020FE7
S31510004E9018BF00F8012BA8BF20F8022BA1EB0C01BC
S31510004EA000F00DB85FEAC17C24BF00F8012B00F8B2
S31510004EB0012B48BF00F8012B70474FF0000200B5D8
S31510004EC0134694469646203922BFA0E80C50A0E817
S31510004ED00C50B1F12001BFF4F7AF090728BFA0E8C5
S31510004EE00C5048BF0CC05DF804EB890028BF40F891
S31510004EF0042B08BF704748BF20F8022B11F0804FD3
S31510004F0018BF00F8012B70474FF0013C50F8042BE6
S31510004F1051F8043B9A4221D1A2EB0C03934313EAB6
S31510004F20CC1317D150F8042B51F8043B9A4215D1E3
S31510004F30A2EB0C03934313EACC130BD150F8042BBA
S31510004F4051F8043B9A4209D1A2EB0C03934313EA9E
S31510004F50CC13DBD04FF00000704700BFD01A01BA57
S31510004F60B1FA81F101F0180122FA01F0CB40C1F13A
S31510004F702001DBB2C0B2C01A2CFA01F3D11A914348
S31510004F8011EAC311E6D170477047704770470000A9
S31510004F9010B500F0E9F8001D10BD00BFB16D01009D
S31510004FA000487047D091002070477047704770478F
S31510004FB038B504460A4600206946AFF3008000283B
S31510004FC008BF38BD02460099204600F0D5F80120EA
S31510004FD038BD012000F0EAB8F8B5AFF300800546F9
S31510004FE000200C46102000BF0646A819A0420DD975
S31510004FF0324669460020AFF30080070008BF00F074
S31510005000D5F80098A04218BF0546C419FFF7C8FF87
S3151000501005600746F01D20F007004619284600F0E7
S315100050200AF8B44208BFF8BDA21B31463868BDE87D
S31510005030F84000F0A1B800210160C0E901107047E6
S315100050401020704710B500F093F8006810BD10B529
S31510005050044600F08DF8046010BD2DE9F0470D46AA
S3151000506099469246044600F124080168880604D53C
S31510005070E06921F01001216000E00120A84201DD65
S31510005080471B00E00027A1697A1902EB0900081AEC
S31510005090A0612078C00602D42046FFF763FC0026E4
S315100050A008E0D4E901211AF806009047206A401C4E
S315100050B0761C20624E45F4DB2078C0060AD52046C1
S315100050C0FFF750FC06E0D4E9012130209047206A12
S315100050D0401C2062381EA7F10107F4DC07E0D4E972
S315100050E0012118F805009047206A401C2062281EEE
S315100050F0A5F10105F3DC2046FFF74AFC20780006EF
S3151000510002D50220BDE8F0870120FBE701694A1CA1
S3151000511002610878704700B58FB0CDE901310021E2
S31510005120059105497944CDE9031011466846FFF704
S31510005130C7FC0FB000BD0000E5FFFFFF0A6802F8CC
S31510005140010B0A60704708B569468DF80000032008
S31510005150ABBE08BD01491820ABBEFEE72600020013
S3151000516000487047C891002000487047E891002019
S3151000517000487047C8910020034640688C460028B6
S3151000518018BF88423CBF03464068F8D318681844D5
S31510005190884207D00CF1030020F00700001D411AC9
S315100051A0521A0146081D0A60FFF7F7BA10B500F04B
S315100051B039F8BDE8104000F02FB870477546FFF774
S315100051C0CFFFAE4605006946534620F007008546D8
S315100051D018B020B5FBF7C8FFBDE820404FF0000619
S315100051E04FF000074FF000084FF0000B21F00701B9
S315100051F0AC46ACE8C009ACE8C009ACE8C009ACE8FC
S31510005200C0098D46704710B50446AFF3008020469E
S31510005210BDE81040FAF784BF002801D0FFF79ABF07
S315100052207047000010B5012805D0002103A000F03A
S3151000523021F8012010BD09A1F8E700005349475293
S31510005240544D454D3A204F7574206F662068656140
S3151000525070206D656D6F7279000000003A20486508
S315100052606170206D656D6F727920636F72727570E3
S315100052707465640070B505460C460A2000E06D1C86
S31510005280FFF761FF35B128780028F8D102E0641CD9
S31510005290FFF759FF14B120780028F8D1BDE8704007
S315100052A00A20FFF750BF70477CB5DDE90654CDE9FB
S315100052B0005405F0FBFB7CBD05F00FBC2DE9FC4747
S315100052C006460F4690464FF480694846FFF736FA71
S315100052D005460020019045B1287019A301AA494638
S315100052E028460AF08FFB002413E00020BDE8FC8757
S315100052F0B8F1000F02D156F8240040B156F8240038
S31510005300009010A301AA494628460AF07BFB641CAC
S3151000531064B2BC42ECDB0198012804D9284410F889
S31510005320011C2C2907D008A301AA494628460AF0D1
S3151000533069FB2846DAE75D2100F8011CF9E7000051
S315100053405B00000025642C005D0000002DE9FC4781
S3151000535006460F4690464FF480694846FFF7EEF929
S3151000536005460020019045B1287018A301AA4946A8
S3151000537028460AF047FB002412E00020BDE8FC870F
S31510005380B8F1000F02D136F8140040B136F8140007
S3151000539000900FA301AA494628460AF033FB641C65
S315100053A0BC42EDDB0198012804D9284410F8011CF1
S315100053B02C2907D007A301AA494628460AF022FB42
S315100053C02846DBE75D2100F8011CF9E75B000000C9
S315100053D025642C005D00000070B50023092506E049
S315100053E0C418A678964200D1A5705B1C5BB291F8E2
S315100053F0394C9C42F4DC70BD70B50023092506E0DB
S31510005400C418A678964200D1A5705B1C5BB291F8C1
S31510005410394C9C42F4DC70BD2DE9FC4106460F4622
S315100054204FF480684046FFF789F905460020019041
S3151000543045B1287016A301AA414628460AF0E2FA99
S3151000544000240EE00020BDE8FC8130570F2806D05E
S31510005450009010A301AA414628460AF0D3FA641C0C
S3151000546064B2BC42F1DB0198012804D9284410F833
S31510005470011C2C2907D008A301AA414628460AF088
S31510005480C1FA2846DFE75D2100F8011CF9E70000A4
S315100054905B00000025642C005D00000010B504467A
S315100054A010212046FFF7E7FC002020706070607323
S315100054B0A073E073207310BD0020704710B500F084
S315100054C023FD04461CB100F05FFC0249086020462B
S315100054D010BD000004010020F8B50D46069E1446C6
S315100054E022462946009605F09BFB30460EF098F8AA
S315100054F000285BD02E4BD3F81016491CC3F8101693
S315100055006178012904D1D3F81C16491CC3F81C165E
S31510005510217859B1D3F81816491CC3F818166178B2
S31510005520022909D003290DD091B116E0D3F814162B
S31510005530491CC3F81416F2E7D3F82416491CC3F80D
S3151000554024160AE0D3F82016491CC3F8201604E0E6
S31510005550D3F82816491CC3F828162178C9B903F2BE
S315100055603463A26E196805FB021119605968D4F8E4
S31510005570842005FB021159609968D4F8F02005FBC8
S3151000558002119960D968D4F8B8241144D960A3F2ED
S315100055903463D4F8B814002904DDD3F82C16491C4A
S315100055A0C3F82C16D0F8240CC3F84806F8BD000032
S315100055B074590020014900F047B80000785F0020B8
S315100055C070B5044600200EF02BF80546204609F06B
S315100055D071FE002D0BD0002C09DD0549486A401CD0
S315100055E04862886B2044886308682044086070BD50
S315100055F0805F002070B505460E46144620460EF014
S315100056000FF80146234632462846BDE8704005F09D
S31510005610EEBA002A01D00023136018B111B16FF051
S31510005620010070474FF0FF307047704709F0CEBE4B
S3151000563009F0F6BE09F000BF09F038BF002101706D
S3151000564041708170C170704742684B681A4442605D
S3151000565082688B681A448260C268CB681A44C2603A
S3151000566002690B691A44026142694B691A44426124
S31510005670C269CB691A44C261026A0B6A1A44026291
S31510005680426A4B6A1A444262426B4B6B1A4442633B
S31510005690826B8B6B1A448263826A8B6A1A448262AB
S315100056A0C26BCB6B1A44C263C26ACB6A1A44C2621B
S315100056B0026C0B6C1A440264426C4B6C1A444264C2
S315100056C082698B691A448261026B096B114401630A
S315100056D070474821FFF7F1BB10B50446002C09D0DE
S315100056E040F6E4312046FFF7E8FB2046BDE81040BF
S315100056F006F00EBF10BD002807D000F6D8300021E6
S31510005700817041600180C1700181704710B5002819
S3151000571010D00DF0B9FE00280CDB40F2E121484311
S315100057200549BDE8104001EB8000083040F6843191
S31510005730FFF7C3BB10BD0000C45F002010B540F6D4
S315100057408C3119480EF0E2FA174C1848216881423C
S3151000575002D16068042807D00DF0C2FEBDE81040E3
S31510005760042113A012F0A8BA04221F4812F0A4FABA
S315100057701EA0D4F8241B12F09FFA20A0D4F8301BD8
S3151000578012F09AFA94F9081020A012F095FA94F9EA
S31510005790091023A012F090FAD4F8881BBDE8104027
S315100057A025A012F089BA0000C45F0020425052466C
S315100057B00D0A205B474D5D204672656547616D6534
S315100057C0207065727369737420626C6F6220696EE3
S315100057D069742F7265696E69742076657273696F64
S315100057E06E3D2575000000000C1402100D0A20678E
S315100057F0616D654964203A20256400000D0A206E0B
S3151000580042657456616C203A202564000D0A206E9C
S3151000581043757246726565496478203A202564009E
S315100058200D0A206E52656D61696E46726565426538
S3151000583074203A20256400000D0A206E46726565B4
S31510005840426574203A2025640000000070B50446B5
S31510005850002C2DD0206800282AD004F148000DF025
S315100058602FFE70B120680DF00FFE002801DA0DF042
S31510005870F5FD00280ADA2168BDE870400DA012F087
S315100058801BBA2068BDE87040FFF740BF40F2E12127
S315100058904843164901EB8005083540F68431284601
S315100058A0FFF70BFB21462846BDE870400DF038BEC9
S315100058B070BD00000D0A205B474D5D204672656580
S315100058C047616D6520706572736973743A206E6FE7
S315100058D020656D70747920736C6F7420666F7220FA
S315100058E067616D6549643D2575000000C45F002041
S315100058F010B50446002C23D02068002820D00DF0C7
S31510005900C3FD00281CDB40F2E12148430D4901EBA1
S31510005910800208320C49D2F8200B884210D110466A
S315100059200DF0EEFD28B12046BDE8104011460DF0F1
S3151000593039BEBDE8104040F684311046FFF7BDBAB7
S3151000594010BD0000C45F00204C5352462DE9F04FA5
S3151000595087B0684600F0EFF900240094ADF80440D3
S31510005960ADF806404FF00C0A8DF808A04FF0090963
S315100059708DF809904FF0140B8DF80AB04FF005080A
S315100059808DF80B8003278DF80C700F208DF80D0005
S315100059908DF80EB08DF80FA08DF811900A268DF89F
S315100059A010600B208DF812008DF8134001258DF82C
S315100059B014508DF815506A4640F69F71B5A006F042
S315100059C0F7FC00287DD0684600F0B5F98DF8005038
S315100059D08DF801408DF802408DF80340ADF8044073
S315100059E0ADF806408DF8086008208DF809001421DE
S315100059F08DF80A108DF80B808DF80C704FF00F0B88
S31510005A008DF80DB08DF80E1006218DF80F108DF84B
S31510005A1011008DF812908DF8106002208DF8130089
S31510005A208DF814708DF815506A4640F69E719EA03A
S31510005A3006F0BEFC002844D0684600F07CF902202F
S31510005A408DF800008DF801408DF802408DF8034066
S31510005A50ADF80440ADF806400C208DF8080009207A
S31510005A608DF809004FF014098DF80A908DF80B8007
S31510005A708DF80C700F218DF80D108DF80E908DF895
S31510005A800F608DF811008DF810604FF00B0A8DF82D
S31510005A9012A004208DF813008DF814808DF815705F
S31510005AA06A4640F69D7185A006F082FC002808D053
S31510005AB0684600F040F903208DF800008DF801408B
S31510005AC000E0B3E08DF802408DF80340ADF80440D5
S31510005AD0ADF806404FF00C0B8DF808B009278DF87D
S31510005AE009701E218DF80A1005228DF80B208DF8ED
S31510005AF00C004FF00F088DF80D808DF80E108DF8F4
S31510005B000FB08DF811700A218DF810108DF812A0B3
S31510005B1006218DF8131007218DF814108DF8150035
S31510005B206A4640F69C716AA006F042FC00287DD0B9
S31510005B30684600F000F904218DF800108DF8014038
S31510005B408DF802408DF80340ADF80440ADF80640DC
S31510005B500E208DF808008DF809A032208DF80A0065
S31510005B6005268DF80B608DF80C108DF80D908DF8BC
S31510005B700E008DF80F908DF811A00C208DF81000E6
S31510005B800D208DF812004FF0080B8DF813B08DF81C
S31510005B90147001208DF815006A4640F69B7151A0CD
S31510005BA006F006FC002872D0684600F0C4F88DF89E
S31510005BB000608DF801408DF802408DF80340ADF875
S31510005BC00440ADF806400E208DF808008DF809B097
S31510005BD019258DF80A508DF80B604FF0030B8DF8D0
S31510005BE00CB00F208DF80D008DF80E508DF80FA00B
S31510005BF08DF811700A278DF810708DF812A08DF897
S31510005C0013708DF814A04FF001088DF815806A46B0
S31510005C1040F69A7138A006F0CBFB002837D06846BC
S31510005C2000F089F806208DF8000000E02FE08DF8CE
S31510005C3001408DF802408DF80340ADF80440ADF8F0
S31510005C4006400D208DF808008DF809708DF80A5061
S31510005C508DF80B608DF80CB00F218DF80D108DF8A6
S31510005C600E508DF80F908DF811708DF810A00C2134
S31510005C708DF812108DF813000E208DF814008DF883
S31510005C8015806A4640F6997120A006F091FB07B080
S31510005C90BDE8F08F43616946755A68694D656E5F58
S31510005CA0333939390000000058696E6759756E5AD4
S31510005CB068694C756E5F333939380000436169463F
S31510005CC0755A68694A69615F3339393700000000CF
S31510005CD0436169467548756F4368655F3339393670
S31510005CE00000000048756F59616E476F6E674E6908
S31510005CF0755F3339393500004665695A686F7548DE
S31510005D00656958585F333939340000004D65695A52
S31510005D10686F7548656942616F5F333939330000C2
S31510005D2070B504460D46182229462046FFF724F87A
S31510005D30287E207670BD002802D01A21FFF79BB866
S31510005D407047000070B50646002E13D000240D4D86
S31510005D5040F28910604305EBC00090F8451021B160
S31510005D60001D3146FFF7D0F830B1641C072CEFD375
S31510005D70002070BD002070BD40F28910444355F8D4
S31510005D80340070BD740900200248D0F8F80500F000
S31510005D9003B800007459002010B500280BD000215C
S31510005DA00D4B40F289124A4303EBC20494F8454066
S31510005DB0012C02D00BE0002010BD53F83220824295
S31510005DC005D140F28910414303EBC10010BD491CB7
S31510005DD00729E6D3002010BD7409002070B545F2DE
S31510005DE050611148FFF769F8104C0020C4F8F80507
S31510005DF004F20460482106460DF088FF0C4DD4F8D5
S31510005E000416A94209D03046FFF763FC2946C4F8A8
S31510005E10045608A011F050FF03E02A460D4811F071
S31510005E204BFF012070BD000074090020745900203A
S31510005E302F5BA6D10D0A205B474D5D204669727314
S31510005E40742073657420646F6E653A20666C6167A2
S31510005E503D257500C013021010B50446002C02D063
S31510005E6094F8450008B1002010BD012084F84500C3
S31510005E70002084F8440004F62C40FFF75CFF04F180
S31510005E804800FFF729FC012010BD00002DE9F04164
S31510005E9006460D46002E22D03046FFF753FF002847
S31510005EA01ED10DF0C3FA0446E4B140F64847394610
S31510005EB02046FFF702F8256040223146201DFEF7E6
S31510005EC05BFF2046FFF7C8FF70B10E4890F84C16DE
S31510005ED0491C80F84C16D0F8F80558B10DE0002092
S31510005EE0BDE8F0810020FBE739462046FEF7E5FFC6
S31510005EF00020F5E7284600F007F82046FFF7F8FCE3
S31510005F002846EDE77459002070B506463046FFF76F
S31510005F1043FF044620000FD0084DD5F8F80528B1E8
S31510005F20FFF73AFF10B1002180F84410012084F8E1
S31510005F304400C5F8F86570BD002070BD7459002086
S31510005F4000B587B00D4890E80E00CDE90523049101
S31510005F50D0E903124069CDE90112039005F092F8D9
S31510005F6001AA04A9064805F045F9FFF7EFFC00F071
S31510005F7029F805F0C1FC07B0012000BD8CF3011013
S31510005F80506B002010B5002804D000210C4B0B4A92
S31510005F901B680FE0002010BD01EB410402EB041456
S31510005FA02468844205D101EB410002EB0010001D6C
S31510005FB010BD491C9942EFDB002010BD306C00204B
S31510005FC0D4010020F0B5CDB04FF4A8716748FEF7A4
S31510005FD074FF6749002008602C2142A8FEF76DFF68
S31510005FE064484290644C4394644D4495644845908B
S31510005FF0644846906448479064484890644F4A976E
S31510006000644E499664484B9064484C9042A940F6B9
S315100060109F7000F027F92C2137A8FEF74EFF604835
S315100060203790389439955F483A905F483B905F486F
S315100060303C905F483D905F483F903E965E4840904A
S315100060405E48419037A940F69E7000F00BF92C215E
S315100060502CA8FEF732FF5A482C902D942E955948AD
S315100060602F90594830905948319059483290594894
S3151000607034905948339059483590594836902CA940
S3151000608040F69D7000F0EEF82C2121A8FEF715FFC2
S315100060905448219022942395534824905348259090
S315100060A05348269053482790534829905348289090
S315100060B053482A9053482B9021A940F69C7000F023
S315100060C0D1F82C2116A8FEF7F8FE4F481690179413
S315100060D018954E4819904E481A904E481B904E48A7
S315100060E01C904E481E901D964D481F904D4820906E
S315100060F016A940F69B7000F0B5F82C210BA8FEF7F8
S31510006100DCFE49480B900C940D9548480E90484873
S315100061100F9048481090484811904848139012968E
S3151000612047481490474815900BA940F69A7000F00E
S3151000613099F82C216846FEF7C0FE4348009001945A
S3151000614002954248039042480490424805904248BE
S315100061500690089707964148099041480A90694663
S3151000616040F6997000F07EF84DB0F0BD306C00200E
S31510006170D401002071A4001097AA001095AA00104F
S3151000618001A30010E7A2001061A400106DA4001076
S3151000619081A8001089A9001085A40010C1A70010BD
S315100061A07B9C0010899A0010D5970010759C0010E2
S315100061B0779C0010AD960010919C001031A1001034
S315100061C0D19100101D8F0010FD8D00104D90001004
S315100061D0CD9100102D8C0010798D0010F1910010CA
S315100061E0719500105587001015840010F582001067
S315100061F0D185001051870010238100106F82001086
S3151000620075870010F18A0010517C001091790010EA
S31510006210ED780010417C00104D7C0010E3770010E3
S31510006220C57C00104580001055720010516D00108D
S31510006230D96B0010B170001051720010536A001023
S315100062406972001055760010E5650010E9630010BC
S31510006250D5620010D5650010E1650010F9650010D3
S315100062607569001070B5002905D030B10022184D9F
S31510006270164C2B6815E0002070BD002070BD02EB97
S31510006280420604EB06163668864209D102EB420036
S3151000629004EB0010001D2C22FEF7B3FD012070BD8B
S315100062A0521C9A42EBDB072B01DD002070BD03EB7D
S315100062B0430204EB021301C32C221846FEF7A1FD7C
S315100062C02868401C2860012070BD0000306C00203A
S315100062D0D40100202DE9F04F93B005461646984696
S315100062E0002D7BD03C223F4904A8FEF78AFD0F24DF
S315100062F00020EB4604AA05E012F820100BF8001057
S31510006300401CC0B2A042F7D300272EE008EB0700CE
S3151000631096F83E1C8078884225D128210A2004F060
S3151000632062FE96F8361C484305EB470180B2A1F889
S315100063309A0BD5F8941B0844C5F8940B002010E06E
S315100063401BF80010B9420BD1641E05E00BEB0001DF
S3151000635049780BF80010401CA042F7DBE4B202E0CB
S31510006360401CA042ECDB7F1CFFB296F8390CB842F9
S31510006370CCD84FF00009012C05D9611E012004F07C
S3151000638032FE00F0FF09002726E0611E002004F00F
S315100063902AFE00F0FF081BF808A028210A2004F0A6
S315100063A022FE96F8361C484305EB4A0180B2A1F846
S315100063B09A0BD5F8941B0844C5F8940B641E06E096
S315100063C00BEB080040780BF8080008F10108A0450F
S315100063D0F6DBE4B27F1CFFB24F45D6D313B0BDE84F
S315100063E0F08F000054F701102DE9F04FA9B00746C1
S315100063F014461D46002F7DD0002C7BD0002D79D061
S3151000640021A805F08DFB642108A8FEF756FD94F827
S315100064103C0C04F62C41289104900C310E2268464F
S315100064202791FEF7EEFC04F62C4128460EC905F01E
S3151000643017FB94F82C1C634AC01E52F82110085CF6
S3151000644087F8FC090020C7F8000A5FA000680790CB
S3151000645000265EA0006806905DA000680590B04614
S31510006460A8E021A805F05CFB04F62C4421A9227BA8
S3151000647094F9130005F088FE092004900E22684650
S315100064802799FEF7BEFC94E80E00A4F62C4421A82A
S3151000649005F0E6FA30444FFA80F903260DF1180B91
S315100064A00DF1140A1BF9060048450BDC002507E020
S315100064B01AF80520214621A8FEF78EFF6D1C6DB235
S315100064C0B542F5DD761E76B2002EEBDA94F83D0C69
S315100064D004900E2268462799FEF793FC04F62C4189
S315100064E021A80EC905F0BCFA484446B200250DF1A4
S315100064F0840A00E063E008EB88000DF11C0B07EB43
S31510006500800911E00AEB050094F83D1C807888425A
S3151000651009D10221002004F066FD1BF8000009EBEA
S31510006520050181F8040A6D1C94F8390CA842E9D8C3
S3151000653009F60429CDF8009008A921A8329B289ABB
S315100065400AF040F90546D7F8000A2844C7F8000AA9
S3151000655008EB480000EBC80007EB400909F12400DE
S3151000656021A905F063FA07EB8800C0F8DC51002D6D
S3151000657014DD002008EBC80101EB081108AA07EB8F
S31510006580810107E001EB400532F81030A5F82C32F6
S31510006590401CC0B29DF885308342F3D89DF8850023
S315100065A089F825009DF8840089F8240008F101086F
S315100065B008F0FF0897F8FC0940453FF652AF29B09E
S315100065C0BDE8F08FE003002002030500040A121C48
S315100065D00506070838B5049C0094FFF77BFE38BD06
S315100065E004F00FBAFEB5DDE908650A9CCDE9006531
S315100065F0029404F02CFAFEBD2DE9F04F87B0044644
S315100066000D464FF4006A5046FEF798F807460021EB
S31510006610069195F939BC380021D004B339708AA394
S3151000662006AA514609F0EEF92078009087A306AA2B
S315100066305146384609F0E6F96078009087A306AA15
S315100066405146384609F0DEF900223221A01CFEF729
S315100066507DFE8046B8F1000F05D0404604E00020CC
S3151000666007B0BDE8F08F82A0009082A306AA51461B
S31510006670384609F0C7F9594604F16E00FEF7CCFE0C
S3151000668081465FEA090000D000E079A000907CA363
S3151000669006AA5146384609F0B5F96078022826D17F
S315100066A054F8840F00907AA306AA5146384609F08A
S315100066B0A9F9207900907BA306AA5146384609F01D
S315100066C0A1F92179843C012204F18C00FEF7F6FD34
S315100066D00646300000D000E065A0009076A306AA1A
S315100066E05146384609F08EF93046FEF756F82078AE
S315100066F0012813D1594604F1DC00FEF78DFE06463B
S315100067000EB1304600E05AA0009070A306AA51467A
S31510006710384609F077F93046FEF73FF86FA0006863
S3151000672005907DB195F83E0C04900E2205F6384181
S315100067306846FEF766FB05F62C4504F16C000ECD97
S3151000674005F08EF96078032826D194F83E0400905F
S3151000675063A306AA5146384609F054F9D4F8F00056
S31510006760009063A306AA5146384609F04BF9012258
S31510006770594604F1F600FEF7E9FD05460DB1284627
S3151000678000E03BA000905EA306AA5146384609F0E9
S3151000679039F92846FEF701F894F8A50400283CD0EC
S315100067A094F9A51404F2A640FEF736FE054694F8B1
S315100067B0A514012204F2AC40FEF780FD064694F8BB
S315100067C0A504009052A306AA5146384609F01AF9B4
S315100067D00DB1284600E026A0009051A306AA514606
S315100067E0384609F00FF90EB1304600E020A00090AF
S315100067F050A306AA5146384609F004F9D4F8B8044D
S31510006800009051A306AA5146384609F0FBF82846CF
S31510006810FDF7C3FF3046FDF7C0FFA06E009050A3F2
S3151000682006AA5146384609F0EDF851A306AA514674
S31510006830384609F0E7F84046FDF7AFFF4846FDF742
S31510006840ACFF38460CE700007B000000224F706555
S315100068506E54797065223A25642C000022526573B5
S31510006860756C7454797065223A25642C000000000A
S315100068705B5D0000224944566563223A25732C005D
S31510006880224D6174726978223A25732C000000003B
S3151000689022546F74616C46726565426574223A259E
S315100068A0642C000022546F74616C467265655469DD
S315100068B06D65223A25642C00224672656542657420
S315100068C04172726179223A25732C00002257696C45
S315100068D06444617461223A25732C0000010203039B
S315100068E022426F6E757354797065223A25642C00B6
S315100068F022426F6E7573426574223A25642C00002D
S3151000690022426F6E757344617461223A25732C00AE
S31510006910224A50436F756E74223A25642C0000008B
S31510006920224A50547970654172726179223A257300
S315100069302C000000224A504265744172726179221D
S315100069403A25732C0000000022546F74616C4A6162
S31510006950636B706F74426574223A25642C000000D4
S3151000696022546F74616C426574223A2564000000EB
S315100069707D00000070B591F8394C136001785160B4
S315100069804178916090F86D10D160816E1161062189
S315100069905461002307E000EB43056E880D46491C41
S315100069A042F825605B1C90F86D509D42F3DC002385
S315100069B007E0C51895F86E600D46491C42F825602B
S315100069C05B1CA342F5DB4378022B18D190F8885054
S315100069D04B1C42F82150D0F88450591C42F82350D1
S315100069E0002308E000EB8305D5F88C600D46491CA2
S315100069F042F825605B1C90F888509D42F2DC0378C3
S31510006A00012B0BD1002307E0C51895F9DC600D4664
S31510006A10491C42F825605B1CA342F5DB4378032B27
S31510006A2016D1D0F8F0504B1C42F8215090F83E1475
S31510006A305D1C42F82310002308E000EB4301B1F877
S31510006A40F66029466D1C42F821605B1CA342F4DBFC
S31510006A5070BD2DE9F0410446DDF818800E46154646
S31510006A601F466670394604F16C0004F0DFFF002003
S31510006A7006E004EB400238F810105180401CC0B2FA
S31510006A8079788142F5D8022E21D0032E39D0012EE5
S31510006A9035D0002E33D0042E31D1D5F8940BC4F84E
S31510006AA0F00095F8990B84F8F400787884F86D0066
S31510006AB0002005EB400104EB4002B1F89A1BA2F846
S31510006AC0F610401CC0B21428F3D3002662E0D5F8A5
S31510006AD0000AC4F8840095F8FC0984F888007878D0
S31510006AE084F86D00002005EB800104EB8002D1F8DC
S31510006AF0DC11C2F88C10401CC0B21428F3D3BDE8C8
S31510006B00F081D5F8940BC4F8F00095F8980B84F83A
S31510006B103E0495F8990B84F8F400002005EB40012B
S31510006B2004EB4002B1F89A1BA2F8F610401CC0B252
S31510006B301428F3D3787884F86D00002612E006EB5B
S31510006B40C60000EB061005EB800106EB860004EB91
S31510006B50C00001F50B7100F58F702822FEF70CF9B5
S31510006B60761CF6B294F8F400B042E8D8C7E706EB04
S31510006B70C60000EB061005EB800106EB860004EB61
S31510006B80C00001F50B7100F58F702822FEF7F4F89E
S31510006B90761CF6B294F8F400B042E8D895F8C30B18
S31510006BA084F8A504002005EB800104EB8002D1F8DF
S31510006BB0C81BC2F8AC142918221891F8C41B82F805
S31510006BC0A614401C0328EEDBD5F8D40BC4F8B80481
S31510006BD0787884F86D0092E72DE9F04F8FB006466D
S31510006BE017464FF0030800250C200D9082464FF0F3
S31510006BF00D0B4FF00009002E7ED0002F7CD0002BFD
S31510006C007AD0304605F0E4FC07F638400E908CE05A
S31510006C10A8F1010808F0FF080D9897F8382C07A975
S31510006C2040B205F0B1FA05EB450000EBC50006EBE6
S31510006C304000243007A904F0F9FEB9F1040F20D260
S31510006C4042F21071002004F0CEF940F6B8318842B5
S31510006C5017D90321012004F0C6F9C4B2CDE904A462
S31510006C600E2268460E99FEF7CCF807F62C4107A8B7
S31510006C700EC904F019FF4FF0030809EB040000F0E9
S31510006C80FF0900244BE004940E2268460E99FEF785
S31510006C90B8F807F62C4107A80EC904F0D5FE5845DA
S31510006CA01FD121210F2004F09EF997F8361C484376
S31510006CB005EBC50202EB051206EB820247F23051D4
S31510006CC002EB44020144A2F82C12D6F8941B01449C
S31510006CD0C6F8941B06EB4501B1F89A2B1044A1F89F
S31510006CE09A0B04940E2268460E99FEF78AF807F658
S31510006CF02C4107A80EC900E027E004F0A5FE504578
S31510006D000BD105EBC50101EB051106EB810101EB7A
S31510006D10440144F62160A1F82C02641CE4B297F8F1
S31510006D20390CA042AFD86D1CEDB2B8F1000F7FF44C
S31510006D306FAF0A2D06D94FF003080025304605F02F
S31510006D4047FCF2E76D1E86F8995B0FB0BDE8F08F31
S31510006D502DE9F04FEDB0804614461D46B8F1000FF0
S31510006D6079D0002C77D0002D75D0404605F030FC38
S31510006D7065A804F0D5FE642109A8FEF79EF894F8DC
S31510006D803C0C04F62C416C9104900C310E22684692
S31510006D906B91FEF736F804F62C4128460EC904F01E
S31510006DA05FFE94F82C1CBF4AC01E52F82110085CD6
S31510006DB088F8FC090020C8F8000A824669E165A82F
S31510006DC004F0AEFE5FA804F0ABFE94F8382C94F9EC
S31510006DD0400C65A905F0D8F965A95FA804F026FE50
S31510006DE0012626E000251EE004F62C44E07A05FB79
S31510006DF00060C0B204900E2268466B99FEF701F847
S31510006E0094E80E005FA804F01FFE617CA4F62C44E3
S31510006E10884206D194F83D1C32465FA804F036FE2F
S31510006E2005E06D1C6DB294F8380CA842DCDC761CBB
S31510006E30F6B294F8370CB042D4D89BA003C8CDE96B
S31510006E4007014FF0000907A810F8091006914844E9
S31510006E5046780025CBE021E10E22049568466B9911
S31510006E60FDF7CFFF04F62C415FA80EC904F0ECFD28
S31510006E70069988427ED194F8370C281A47B2002F0B
S31510006E8028DD94F8390CB84224DD07F0FF0B0E22EA
S31510006E90CDF810B068466B99FDF7B3FF04F62C4198
S31510006EA05FA80EC904F0D0FD94F83D1C884211D09D
S31510006EB00E22CDF810B068466B99FDF7A2FF04F6C6
S31510006EC02C415FA80EC904F0BFFDB04202D15FA8E5
S31510006ED03844867094F8370C284447B2002F28DDC2
S31510006EE094F8390CB84224DD07F0FF0B0E22CDF8CA
S31510006EF010B068466B99FDF784FF04F62C415FA825
S31510006F000EC904F0A1FD94F83D1C884211D00E2242
S31510006F10CDF810B068466B99FDF773FF04F62C4157
S31510006F205FA80EC904F090FDB04202D15FA83844A4
S31510006F308670681E47B2002F2ADD94F8390CB842C5
S31510006F4026DD07F0FF0B0E22CDF810B068466B99C0
S31510006F50FDF757FF04F62C415FA80EC904F074FD27
S31510006F6094F83D1C884213D00E22CDF810B0684616
S31510006F706B9900E039E0FDF744FF04F62C415FA859
S31510006F800EC904F061FDB04202D15FA83844867084
S31510006F90681C47B2002F28DD94F8390CB84224DD5E
S31510006FA007F0FF0B0E22CDF810B068466B99FDF76F
S31510006FB028FF04F62C415FA80EC904F045FD94F88D
S31510006FC03D1C884211D00E22CDF810B068466B9940
S31510006FD0FDF717FF04F62C415FA80EC904F034FD27
S31510006FE0B04202D15FA8384486706D1CEDB294F899
S31510006FF0390CA8423FF630AF09F1010909F0FF0933
S31510007000B9F1040FFFF41FAFCDF8008009A95FA8EE
S31510007010769B6C9A04F004FD05460AEB4A0000EBD9
S31510007020CA0622A800EB46005FA904F0FFFCD8F8B8
S31510007030000A2844C8F8000A08EB460606F12400A0
S3151000704065A904F0F3FC08EB8A00C0F8DC51002DAA
S3151000705014DD00200AEBCA0101EB0A1109AA08EB9C
S31510007060810107E001EB400532F81030A5F82C320B
S31510007070401CC0B29DF87D318342F3D824369DF86A
S315100070807D0170709DF87C0130700AF1010A0AF0DA
S31510007090FF0A98F8FC0950453FF691AE6DB0BDE871
S315100070A0F08F000088040020080706050400000081
S315100070B02DE9F04F91B0054617464FF0030800260C
S315100070C00C200F9082460D200E904FF000095EA006
S315100070D000680D905DA000680C9095F8C40B0DA982
S315100070E011F800B0002D7CD0002F7AD0002B78D06C
S315100070F0284605F0CBFA07F63840109090E0A8F134
S31510007100010808F0FF080F9897F8382C06A940B226
S3151000711005F03AF806EB460000EBC60005EB40001A
S31510007120243006A904F082FCD94524D242F210710B
S31510007130002003F058FF41F6583188421BD295F8CB
S31510007140C40B0CA9085C00EB400103F04CFFC4B261
S31510007150CDE904A40E2268461099FDF752FE07F6F3
S315100071602C4106A80EC904F09FFC4FF0030809EB4A
S31510007170040000F0FF0900244CE00E220494684637
S315100071801099FDF73EFE07F62C4106A80EC904F02D
S315100071905BFC0E9988421FD114210F2003F023FFA8
S315100071A097F8361C484306EBC60202EB061205EBAF
S315100071B0820247F2305102EB44020144A2F82C122B
S315100071C0D5F8941B0144C5F8941B05EB4601B1F89C
S315100071D09A2B1044A1F89A0B0E2204946846109923
S315100071E000E02EE0FDF70DFE07F62C4106A80EC9AD
S315100071F004F02AFC50450BD106EBC60101EB061133
S3151000720005EB810101EB440144F62160A1F82C0243
S31510007210641CE4B297F8390CA042AED8761CF6B2CC
S31510007220B8F1000F7FF46BAF0A2E08D9CB4506D9FB
S315100072304FF003080026284605F028FAF0E785F8EF
S31510007240996B11B0BDE8F08F0F0A0500030201001B
S3151000725003F0D7BBFEB5DDE908650A9CCDE90065EC
S31510007260029403F0F4FBFEBD2DE9F04F89B00446FD
S315100072700D464FF4006A5046FDF760FA07460020A7
S31510007280089095F9391C07910FB304B33870A9A368
S3151000729008AA5146384608F0B5FB20780090A6A3F8
S315100072A008AA5146384608F0ADFB60780090A6A3B0
S315100072B008AA5146384608F0A5FB00223221A01C28
S315100072C0FEF744F880465FEA080004D004E0002088
S315100072D009B0BDE8F08FA1A00090A1A308AA51465D
S315100072E0384608F08FFB04F16E000799FEF794F804
S315100072F081465FEA090000D000E098A000909BA3A9
S3151000730008AA5146384608F07DFB6078022826D137
S3151000731054F8840F009099A308AA5146384608F0ED
S3151000732071FB207900909AA308AA5146384608F0B6
S3151000733069FB2179843C012204F18C00FDF7BEFF24
S315100073400646300000D000E084A0009095A308AA5D
S315100073505146384608F056FB3046FDF71EFA96A001
S31510007360006806907DB195F83E0C04900E2205F645
S3151000737038416846FDF745FD05F62C4504F16C00CD
S315100073800ECD04F06DFB607804F1F60B03283BD1AB
S31510007390D4F8F000009089A308AA5146384608F0A0
S315100073A031FB012258460799FDF7D0FF06463000FB
S315100073B000D000E069A0009084A308AA5146384680
S315100073C008F020FB002518E005EB850004EBC00053
S315100073D000F58F7001220799FDF7B8FF06463000B9
S315100073E000D000E05DA0CDE900507CA308AA51466C
S315100073F0384608F007FB6D1CEDB294F8F400A8426D
S31510007400E2D83046FDF7C9F994F8A50400287BD0D8
S3151000741094F9A51404F2A640FDF7FEFF064694F86B
S31510007420A514012204F2AC40FDF748FF0590D4F8EC
S31510007430F000009061A308AA5146384608F0E2FA17
S31510007440012258460799FDF781FF83465FEA0B0034
S3151000745000D000E041A000905CA308AA514638462F
S3151000746008F0D0FA002519E005EB850004EBC00002
S3151000747000F58F7001220799FDF768FF83465FEAD2
S315100074800B0000D000E035A0CDE9005053A308AAA8
S315100074905146384608F0B6FA6D1CEDB294F8F40071
S315100074A0A842E1D894F8A504009051A308AA514621
S315100074B0384608F0A7FA0EB1304600E027A0009033
S315100074C04FA308AA5146384608F09CFA059808B109
S315100074D0059800E021A000904EA308AA5146384610
S315100074E008F090FAD4F8B80400904FA308AA5146B1
S315100074F0384608F087FA3046FDF74FF90598FDF73C
S315100075004CF95846FDF749F9A06E00904CA308AA0D
S315100075105146384608F076FA4DA308AA5146384621
S3151000752008F070FA4046FDF738F94846FDF735F988
S315100075303846CDE67B000000224F70656E54797098
S3151000754065223A25642C000022526573756C7454BA
S31510007550797065223A25642C000000005B5D0000FE
S31510007560224944566563223A25732C00224D6174D4
S31510007570726978223A25732C0000000022546F7429
S31510007580616C46726565426574223A25642C00006A
S3151000759022546F74616C4672656554696D65223A42
S315100075A025642C00224672656542657441727261CB
S315100075B079223A25732C00000102030322426F6ED2
S315100075C07573426574223A25642C000022426F6E50
S315100075D0757344617461223A25732C0022426F6ED2
S315100075E07573506F732564223A25732C00000000C2
S315100075F0224A50436F756E74223A25642C0000009F
S31510007600224A50547970654172726179223A257313
S315100076102C000000224A5042657441727261792230
S315100076203A25732C0000000022546F74616C4A6175
S31510007630636B706F74426574223A25642C000000E7
S3151000764022546F74616C426574223A2564000000FE
S315100076507D000000F0B591F8394C13600178516047
S315100076604178916090F86D10D160816E116106219C
S315100076705461002307E000EB43056E880D46491C54
S3151000768042F825605B1C90F86D509D42F3DC002398
S3151000769007E0C51895F86E600D46491C42F825603E
S315100076A05B1CA342F5DB4378022B18D190F8885067
S315100076B04B1C42F82150D0F88450591C42F82350E4
S315100076C0002308E000EB8305D5F88C600D46491CB5
S315100076D042F825605B1C90F888509D42F2DC437896
S315100076E0032B2AD10B46D0F8F050491C42F82350F0
S315100076F0002308E000EB4305B5F8F6600D46491C7B
S3151000770042F825605B1CA342F4DB002511E0002340
S3151000771005EB850600EBC60608E006EB4307B7F84F
S315100077201EC10F46491C42F827C05B1CA342F4DB5E
S315100077306D1C90F8F430AB42E9DC4378042B4FD142
S31510007740D0F8F0504B1C42F82150002108E000EB15
S315100077504105B5F8F6601D465B1C42F82560491CCC
S31510007760A142F4DB002511E0002105EB850600EBB4
S31510007770C60608E006EB4107B7F81EC11F465B1C9C
S3151000778042F827C0491CA142F4DB6D1C90F8F41096
S31510007790A942E9DC90F8A544591C42F8234000237D
S315100077A007E0C41894F8A6540C46491C42F8245015
S315100077B05B1C90F8A5449C42F3DC002308E000EB28
S315100077C08304D4F8AC540C46491C42F824505B1C74
S315100077D090F8A5449C42F2DCD0F8B80442F8210097
S315100077E0F0BD2DE9F0410446DDF818800F46154628
S315100077F01E466770314604F16C0004F017F900203C
S3151000780006E004EB400238F810105180401CC0B25C
S3151000781071788142F5D8022F10D0032F3BD0012F5B
S315100078200AD100202918221891F8041A82F8DC10BF
S31510007830401CC0B21428F5D3BDE8F081D5F8000A73
S31510007840C4F8840095F8FC0984F88800707884F8E8
S315100078506D0095F8990B84F8F400002005EB800173
S3151000786004EB8002D1F8DC11C2F88C10401CC0B2B7
S315100078701428F3D3002009E005EB400104EB400285
S31510007880B1F89A1BA2F8F610401CC0B295F9991BD4
S315100078908142F1DCD0E7D5F8940BC4F8F00095F8E6
S315100078A0980B84F83E0495F8990B84F8F4000020A0
S315100078B005EB400104EB4002B1F89A1BA2F8F61052
S315100078C0401CC0B21428F3D3707884F86D000020E1
S315100078D008E005EB400104EB4002B1F82C12518090
S315100078E0401CC0B271788142F3D8A5E72DE9F04F5C
S315100078F099B005469346002D44D05022234905A839
S31510007900FDF77FFA14240020EA4605A905E011F8D0
S3151000791020200AF80020401CC0B2A042F7D34FF036
S315100079200008012C05D9611E012003F05CFB00F054
S31510007930FF08002624E0611E002003F054FBC7B2A6
S315100079401AF8079028210A2003F04DFB9BF8361CE5
S31510007950484305EB490180B2A1F89A0BD5F8941B60
S315100079600844C5F8940B641E05E00AEB070040783E
S315100079700AF807007F1CA742F7DBE4B2761CF6B2C2
S315100079804645D8D319B0BDE8F08F0000F0F70110C6
S315100079902DE9F04FB7B0044615461E46002C71D09F
S315100079A0002D6FD0002E6DD02FA804F0B9F86421E9
S315100079B016A8FDF782FA95F83C0C05F62C4136917F
S315100079C004900C310E2268463591FDF71AFA05F629
S315100079D02C4130460EC904F043F895F82C1C934AF6
S315100079E0C01E52F82110085C84F8FC090020C4F867
S315100079F0000A00278EA0006815908EA000681490CB
S31510007A008D480068139030228B49091D07A8FDF791
S31510007A10F8F98AA000680690002642F2107A44F619
S31510007A2020680DF11C094AE0042E22D00B210020FB
S31510007A3003F0D9FA40B204EB4601A1F89A0B59F8B3
S31510007A40200090FBFAF149B203293AD002291AD044
S31510007A5090FBFAF10AFB1100384447B2002059F89E
S31510007A60201091FBFAF252B2022A16D0012A1DD02A
S31510007A701FE00221002003F0B6FA06A90856A4F862
S31510007A80A20B1EE0CFE090FBF8F108FB1100D4F832
S31510007A90001A0844C4F8000AE0E791FBF8F208FB64
S31510007AA012114900414449F8201002E0491C49F8D6
S31510007AB02010401C40B20C28D1DB761C76B2052E65
S31510007AC0B2DB761C84F8996B4FF00008A6E02FA85D
S31510007AD004F026F805F62C452FA92A7B95F91400F3
S31510007AE004F052FB092004900E2268463599FDF7E2
S31510007AF088F995E80E00A5F62C452FA803F0B0FFDF
S31510007B0038444FFA80F903270DF1540B0DF1500A42
S31510007B101BF9070048450BDC002607E01AF806207B
S31510007B2029462FA8FDF768FC761C76B2BE42F5DD15
S31510007B307F1E7FB2002FEBDA95F83D0C04900E22D3
S31510007B4068463599FDF75DF905F62C412FA80EC943
S31510007B5003F086FF484447B2002608EB88000DF173
S31510007B60BC0A0DF14C0B04EB800911E00AEB060080
S31510007B7095F83D1C8078884209D10121002003F038
S31510007B8032FA1BF8000009EB060181F8040A761C8C
S31510007B9095F8390CB042E9D809F60429CDF80090C9
S31510007BA016A92FA8409B369A08F01CFF0646D4F853
S31510007BB0000A3044C4F8000A08EB480000EBC8007D
S31510007BC004EB400909F124002FA903F02FFF04EB61
S31510007BD08800C0F8DC61002E14DD002008EBC80117
S31510007BE001EB081116AA04EB810107E001EB400630
S31510007BF032F81030A6F82C32401CC0B29DF8BD30B9
S31510007C008342F3D89DF8BD0089F825009DF8BC0085
S31510007C1089F8240008F1010808F0FF0894F8FC0917
S31510007C2040453FF654AF37B0BDE8F08FFC03002057
S31510007C3004070D0F06070809BCF7011002060A0013
S31510007C4038B5049C0094FFF751FE38BD02F0D9BE3A
S31510007C502DE9F8430646DDE909980D461746002D2D
S31510007C602ED0002F2CD00898002829D0B9F1000F5B
S31510007C7026D0404603F024FE0446002C20D020686F
S31510007C8000281DD0A06800281AD095F8382C95F930
S31510007C903F0C394604F078FA06F6042005F62C4215
S31510007CA00090434615464946384608F09BFE08990B
S31510007CB008600096246808AB424629463846A04715
S31510007CC0BDE8F8832DE9FC5F04460D464FF40069C4
S31510007CD04846FCF733FD06460022019295F939BC59
S31510007CE030001FD0F4B1327088A301AA494607F0BC
S31510007CF089FE2078009086A301AA4946304607F0EF
S31510007D0081FE6078009086A301AA4946304607F0A6
S31510007D1079FE00223221A01CFDF718FB0746380019
S31510007D2003D003E00020BDE8FC9F82A0009082A350
S31510007D3001AA4946304607F065FE594604F16E0021
S31510007D40FDF76AFB80465FEA080000D000E079A0E4
S31510007D5000907CA301AA4946304607F053FE60788E
S31510007D6004F1F60A02283BD154F8840F009079A347
S31510007D7001AA4946304607F045FE207900907AA3BD
S31510007D8001AA4946304607F03DFE2179843C01227E
S31510007D9004F18C00FDF792FA0546280000D000E0A9
S31510007DA064A0009075A301AA4946304607F02AFE42
S31510007DB02846FCF7F2FC94F8F41001225046FDF721
S31510007DC0C5FA0546280000D000E05AA0009070A31E
S31510007DD001AA4946304607F015FE2846FCF7DDFC99
S31510007DE0594604F1DC00FDF717FB0546280000D0C4
S31510007DF000E050A000906AA301AA4946304607F059
S31510007E0001FE2846FCF7C9FC6078032825D194F8B2
S31510007E103E04009066A301AA4946304607F0F2FDDB
S31510007E20D4F8F000009066A301AA4946304607F040
S31510007E30E9FD012259465046FDF788FA05460DB16F
S31510007E40284600E03BA0009061A301AA49463046AF
S31510007E5007F0D8FD2846FCF7A0FC94F8A5040028E6
S31510007E603ED094F9A51404F2A640FDF7D5FA0546BE
S31510007E7094F8A514012204F2AC40FDF71FFA8246CD
S31510007E8094F8A504009056A301AA4946304607F077
S31510007E90B9FD0DB1284600E026A0009054A301AA12
S31510007EA04946304607F0AEFDBAF1000F01D05046F4
S31510007EB000E020A0009053A301AA4946304607F0DF
S31510007EC0A1FDD4F8B804009053A301AA4946304640
S31510007ED007F098FD2846FCF760FC5046FCF75DFC61
S31510007EE0A06E009052A301AA4946304607F08AFDBB
S31510007EF053A301AA4946304607F084FD3846FCF7DD
S31510007F004CFC4046FCF749FC30460CE77B00000071
S31510007F10224F70656E54797065223A25642C0000E4
S31510007F2022526573756C7454797065223A25642CE7
S31510007F30000000005B5D0000224944566563223A4A
S31510007F4025732C00224D6174726978223A25732CA0
S31510007F500000000022546F74616C467265654265BC
S31510007F6074223A25642C000022546F74616C467298
S31510007F70656554696D65223A25642C002246726542
S31510007F80654265744172726179223A25732C00003C
S31510007F9022576865656C44617461223A25732C001A
S31510007FA02257696C6444617461223A25732C00006F
S31510007FB022426F6E757354797065223A25642C00CF
S31510007FC022426F6E7573426574223A25642C000046
S31510007FD022426F6E757344617461223A25732C00C8
S31510007FE0224A50436F756E74223A25642C000000A5
S31510007FF0224A50547970654172726179223A25731A
S315100080002C000000224A5042657441727261792236
S315100080103A25732C0000000022546F74616C4A617B
S31510008020636B706F74426574223A25642C000000ED
S3151000803022546F74616C426574223A256400000004
S315100080407D00000070B591F8395C136001785160BD
S315100080504178916090F86D10D160816E11610621A2
S315100080605561002307E000EB430466880C46491C63
S3151000807042F824605B1C90F86D409C42F3DC0023B0
S3151000808007E0C41894F86E600C46491C42F8246048
S315100080905B1CAB42F5DB4378022B27D190F8884066
S315100080A04B1C42F82140D0F88440591C42F823401A
S315100080B0002308E000EB8304D4F88C600C46491CBE
S315100080C042F824605B1C90F888409C42F2DC002346
S315100080D008E000EB4304B4F8F6600C46491C42F87D
S315100080E024605B1C90F8F4409C42F2DC4378032B2E
S315100080F016D1D0F8F0404B1C42F8214090F83E14AF
S315100081005C1C42F82310002308E000EB4301B1F891
S31510008110F6602146641C42F821605B1CAB42F4DB1E
S3151000812070BD2DE9F0410446DDF818800F4615465E
S315100081301E466770314604F16C0003F077FC002090
S3151000814006E004EB400238F810105180401CC0B213
S3151000815071788142F5D8022F37D0032F4FD0012FD7
S315100081604BD0002F49D0042F47D1D5F8940BC4F823
S31510008170F000002005EB400104EB4002B1F89A1B19
S31510008180A2F8F610401CC0B21428F3D395F8C30B0E
S3151000819084F8A504002005EB800104EB8002D1F8D9
S315100081A0C81BC2F8AC142918221891F8C41B82F8FF
S315100081B0A614401C0328EEDBD5F8D40BC4F8B8047B
S315100081C0707884F86D0000204DE0D5F8000AC4F8E8
S315100081D0840095F8FC0984F88800707884F86D009E
S315100081E0002005EB800104EB8002D1F8DC11C2F807
S315100081F08C10401CC0B21428F3D3BDE8F081D5F81A
S31510008200940BC4F8F00095F8980B84F83E0495F892
S31510008210990B84F8F400002005EB400104EB4002B2
S31510008220B1F89A1BA2F8F610401CC0B21428F3D36A
S31510008230707884F86D00002008E005EB400104EB2F
S315100082404002B1F82C125180401CC0B271788142A4
S31510008250F3D8D2E705EB400104EB4002B1F82C123B
S315100082605180401CC0B271788142F3D8C5E72DE920
S31510008270F04104460D461646204604F033F8002712
S3151000828005EB8608D8F8DC0100B1012706EB46009D
S3151000829000EBC60005EB4001243104F16C0003F03D
S315100082A0C5FBD8F8DC01A06605EB460090F89A0BE2
S315100082B084F8F400002306EBC60000EB061005EB6D
S315100082C0800000EB430104EB4302B1F82C125180FD
S315100082D05B1CDBB2322BF4D306EB860005EB800178
S315100082E001F60421142204F1DC00FCF78AFD677004
S315100082F0BDE8F0812DE9F04F93B005461646984635
S31510008300002D72D03C22424904A8FCF77AFD96F85B
S31510008310394C0020EB4604AA05E012F820100BF8A1
S315100083200010401CC0B2A042F7D3002730E008EB83
S31510008330070096F83E1C8078884227D128210F2006
S3151000834002F051FE96F8361C484380B205EB470200
S3151000835000F57A71A2F89A1BD5F8941B0844C5F853
S31510008360940B002010E01BF80010B9420BD1641ECC
S3151000837005E00BEB000149780BF80010401CA042F9
S31510008380F7DBE4B202E0401CA042ECDB7F1CFFB23C
S3151000839096F8390CB842CAD84FF00009012C05D905
S315100083A0611E012002F01FFE00F0FF09002729E0E0
S315100083B0611E002002F017FE00F0FF081BF808A04F
S315100083C028210F2002F00FFE96F8361C484380B283
S315100083D005EB4A0200F57A71A2F89A1BD5F8941BA0
S315100083E00844C5F8940B641E07E00DE00BEB08007B
S315100083F040780BF8080008F10108A045F6DBE4B256
S315100084007F1CFFB24F45D3D313B0BDE8F08F0000E9
S315100084106CF801102DE9F04FA9B0044615461E461A
S31510008420002C7DD0002D7BD0002E79D021A803F012
S3151000843077FB642108A8FCF740FD95F83C0C05F67F
S315100084402C41289104900C310E2268462791FCF796
S31510008450D8FC05F62C4130460EC903F001FB95F801
S315100084602C1C584AC01E52F82110085C84F8FC09CE
S315100084700020C4F8000A8146804653A00068079081
S3151000848052A00068069000266EE00DF11C0B7AE0F3
S315100084901BF90010414503DC06A911F9009003E011
S315100084A0401E40B20028F3DA04EB4600A0F89A9B6F
S315100084B0CDF8009008A921A8329B289A08F016FA40
S315100084C00746D4F8000A3844C4F8000A06EB4600FA
S315100084D000EBC60004EB4000243021A903F0A6FAF5
S315100084E004EB860ACAF8DC71002F14DD002006EBB7
S315100084F0C60202EB061208A904EB820207E002EBA1
S31510008500400C31F81030ACF82C32401CC0B29DF83B
S3151000851085308342F3D895F83C0C0E22049000E087
S3151000852026E068462799FCF76CFC05F62C4121A835
S315100085300EC903F095FA94F8FC19014414291AD8B7
S3151000854094F8FC19084484F8FC0906EB460000EB85
S31510008550C60004EB400024309DF8851041709DF84C
S3151000856084100170761CF6B294F8FC09B0428CD8CF
S3151000857029B0BDE8F08FD4F8000AC01BC4F8000A71
S315100085800020CAF8DC0121A803F0CAFA05F62C452A
S3151000859021A92A7B95F9140003F0F6FD687C049056
S315100085A00E2268462799FCF72CFC95E80E00A5F6D6
S315100085B02C4521A803F054FA40444FFA80F80320C2
S315100085C066E70000180400200004080C01020304EA
S315100085D02DE9F04F93B0054616469846002D70D0FB
S315100085E03C225A4904A8FCF70CFC96F8394C00209A
S315100085F0EA4604A905E011F820200AF80020401CDC
S31510008600C0B2A042F7D3002730E008EB070096F877
S315100086103E1C8078884227D114210A2002F0E3FC00
S3151000862096F8361C484380B205EB470200F57A717E
S31510008630A2F89A1BD5F8941B0844C5F8940B002091
S3151000864010E01AF80010B9420BD1641E05E00AEBCF
S31510008650000149780AF80010401CA042F7DBE4B28A
S3151000866002E0401CA042ECDB7F1CFFB296F8390CEE
S31510008670B842CAD80027012C04D9611E032002F083
S31510008680B2FCC7B295F8C30B68B3B84202D2381A17
S31510008690C7B200E000274FF0000820E0611E00205E
S315100086A002F0A1FCC0B21AF8001005EB080205EBA7
S315100086B0410192F8C42B02F57A62A1F89A2B641E36
S315100086C006E040E00AEB000149780AF80010401C69
S315100086D0A042F7DBE4B208F1010808F0FF0895F8AC
S315100086E0C30B4045DAD84FF000082AE0611E00207F
S315100086F002F079FC00F0FF091AF809B014210A20DB
S3151000870002F071FC96F8361C484380B205EB4B021A
S3151000871000F57A71A2F89A1BD5F8941B0844C5F88F
S31510008720940B641E06E00AEB090040780AF809006B
S3151000873009F10109A145F6DBE4B208F1010808F0D8
S31510008740FF08B845D2D313B0BDE8F08FA8F80110D2
S3151000875002F057B9FEB508AC70CC002909D0002A32
S3151000876007D0002C05D0002D03D08DE8700002F044
S315100087706EF9FEBD2DE9FE4F04460D464FF4006915
S315100087804846FBF7DBFF06460022029295F9390CA4
S31510008790019030001FD0F4B132708AA302AA494664
S315100087A007F030F92078009087A302AA4946304690
S315100087B007F028F96078009087A302AA4946304648
S315100087C007F020F900223221A01CFCF7BFFD074656
S315100087D027B1384603E00020BDE8FE8F83A0009045
S315100087E083A302AA4946304607F00CF904F16E003D
S315100087F00199FCF711FE80465FEA080000D000E000
S315100088007AA000907DA302AA4946304607F0FAF8EE
S315100088106078022826D154F8840F00907BA302AA10
S315100088204946304607F0EEF8207900907CA302AA5C
S315100088304946304607F0E6F82179843C012204F1D6
S315100088408C00FCF73BFD05460DB1284600E067A0FD
S31510008850009078A302AA4946304607F0D3F8284676
S31510008860FBF79BFF2078012808D194F8F4000090BC
S3151000887075A302AA4946304607F0C4F8607804F199
S31510008880F605032826D194F83E04009073A302AA95
S315100088904946304607F0B6F8D4F8F000009073A3B6
S315100088A002AA4946304607F0ADF80122284601993A
S315100088B0FCF74CFD82465FEA0A0000D000E04BA0B0
S315100088C000906EA302AA4946304607F09BF8504620
S315100088D0FBF763FF607804285DD194F9A51404F2C0
S315100088E0A640FCF799FD824694F8A514012204F2DD
S315100088F0AC40FCF7E3FC834694F8A504009063A310
S3151000890002AA4946304607F07DF8BAF1000F01D0A9
S31510008910504600E035A0009060A302AA49463046B2
S3151000892007F070F8BBF1000F01D0584600E02FA0F9
S3151000893000905FA302AA4946304607F063F8D4F8C0
S31510008940B80400905FA302AA4946304607F05AF8C9
S31510008950D4F8F000009045A302AA4946304607F025
S3151000896051F8012228460199FCF7F0FC054628002B
S3151000897000D000E01DA0009040A302AA4946304650
S3151000898007F040F82846FBF708FF5046FBF705FFAF
S315100089905846FBF702FFA06E009050A302AA494664
S315100089A0304607F02FF851A302AA4946304607F081
S315100089B029F83846FBF7F1FE4046FBF7EEFE304647
S315100089C00AE700007B000000224F70656E54797034
S315100089D065223A25642C000022526573756C745416
S315100089E0797065223A25642C000000005B5D00005A
S315100089F0224944566563223A25732C00224D617430
S31510008A00726978223A25732C0000000022546F7484
S31510008A10616C46726565426574223A25642C0000C5
S31510008A2022546F74616C4672656554696D65223A9D
S31510008A3025642C0022467265654265744172726126
S31510008A4079223A25732C00002257696C644D756C97
S31510008A507469706C79223A25642C000022426F6E7C
S31510008A60757354797065223A25642C0022426F6E14
S31510008A707573426574223A25642C000022426F6E8B
S31510008A80757344617461223A25732C00224A50434F
S31510008A906F756E74223A25642C000000224A5054D9
S31510008AA07970654172726179223A25732C00000043
S31510008AB0224A504265744172726179223A25732CAA
S31510008AC00000000022546F74616C4A61636B706F12
S31510008AD074426574223A25642C00000022546F7487
S31510008AE0616C426574223A25640000007D00000026
S31510008AF070B591F8395C13600178516041789160D6
S31510008B0090F86D10D160816E1161062155610023B8
S31510008B1007E000EB430466880C46491C42F82460C3
S31510008B205B1C90F86D409C42F3DC002307E0C418F0
S31510008B3094F86E600C46491C42F824605B1CAB42EC
S31510008B40F5DB4378022B18D190F888404B1C42F87D
S31510008B502140D0F88440591C42F82340002308E0F5
S31510008B6000EB8304D4F88C600C46491C42F8246050
S31510008B705B1C90F888409C42F2DC0378012B05D1EF
S31510008B800B4690F8F440491C42F823404378032BD7
S31510008B9016D1D0F8F0404B1C42F8214090F83E44D4
S31510008BA0591C42F82340002308E000EB4304B4F8B4
S31510008BB0F6600C46491C42F824605B1CAB42F4DBA1
S31510008BC04378042B31D1D0F8F0304C1C42F82130C8
S31510008BD0002108E000EB4103B3F8F6602346641C5D
S31510008BE042F82360491CA942F4DB90F8A514631CD3
S31510008BF042F824100021441894F8A6541C465B1C15
S31510008C0042F82450491C0329F5DB002100EB8104AE
S31510008C10D4F8AC541C465B1C42F82450491C03295A
S31510008C20F4DBD0F8B80442F8230070BD2DE9F0410A
S31510008C300446DDF818800F4615461E466770314605
S31510008C4004F16C0002F0F2FE002006E004EB400294
S31510008C5038F810105180401CC0B271788142F5D896
S31510008C60022F37D0032F4FD0012F4BD0002F49D0D2
S31510008C70042F47D1D5F8940BC4F8F000002005EB6B
S31510008C80400104EB4002B1F89A1BA2F8F610401C02
S31510008C90C0B21428F3D395F8C30B84F8A5040020AA
S31510008CA005EB800104EB8002D1F8C81BC2F8AC14A6
S31510008CB02918221891F8C41B82F8A614401C032800
S31510008CC0EEDBD5F8D40BC4F8B804707884F86D00D0
S31510008CD000204DE0D5F8000AC4F8840095F8FC0988
S31510008CE084F88800707884F86D00002005EB800108
S31510008CF004EB8002D1F8DC11C2F88C10401CC0B213
S31510008D001428F3D3BDE8F081D5F8940BC4F8F0001D
S31510008D1095F8980B84F83E0495F8990B84F8F400AE
S31510008D20002005EB400104EB4002B1F89A1BA2F8B3
S31510008D30F610401CC0B21428F3D3707884F86D0076
S31510008D40002008E005EB400104EB4002B1F82C12BC
S31510008D505180401CC0B271788142F3D8D2E705EB3E
S31510008D60400104EB4002B1F82C125180401CC0B2F5
S31510008D7071788142F3D8C5E72DE9F04704460D46D0
S31510008D801646204603F0AEFA002705EB8609D9F8F9
S31510008D90DC0100B1012706EB860005EB800898F888
S31510008DA0040A84F8F40006EB460000EBC60005EB57
S31510008DB04001243104F16C0002F038FED9F8DC01D0
S31510008DC0A066002306EBC60000EB061005EB80003C
S31510008DD000EB430104EB4302B1F82C1251805B1CEB
S31510008DE0DBB2322BF4D308F60421142204F1DC0092
S31510008DF0FCF707F86770BDE8F08700002DE9F04F23
S31510008E0093B0054616469846002D72D03C2242492C
S31510008E1004A8FBF7F6FF96F8394C0020EB4604AA97
S31510008E2005E012F820100BF80010401CC0B2A0424A
S31510008E30F7D3002730E008EB070096F83E1C807841
S31510008E40884227D128210F2002F0CDF896F8361C3B
S31510008E50484380B205EB470200F57A71A2F89A1BD7
S31510008E60D5F8941B0844C5F8940B002010E01BF8A5
S31510008E700010B9420BD1641E05E00BEB00014978D6
S31510008E800BF80010401CA042F7DBE4B202E0401CD5
S31510008E90A042ECDB7F1CFFB296F8390CB842CAD858
S31510008EA04FF00009012C05D9611E032002F09BF832
S31510008EB000F0FF09002729E0611E002002F093F858
S31510008EC000F0FF081BF808A028210F2002F08BF8ED
S31510008ED096F8361C484380B205EB4A0200F57A71C3
S31510008EE0A2F89A1BD5F8941B0844C5F8940B641E77
S31510008EF007E00DE00BEB080040780BF8080008F1CE
S31510008F000108A045F6DBE4B27F1CFFB24F45D3D370
S31510008F1013B0BDE8F08F0000E4F801102DE9F04F12
S31510008F20A5B00446DDF8B8A016461D46002C6FD035
S31510008F30002E6DD0002D6BD01EA802F0F1FD64211D
S31510008F4005A8FBF7BAFF96F83C0C06F62C418946A5
S31510008F500C3104900E2224916846FBF752FF06F658
S31510008F602C4128460EC902F07BFD0A2084F8FC0924
S31510008F700020C4F8000A0227002560E01EA802F0AF
S31510008F80CFFD06F62C461EA9327B96F9140003F087
S31510008F90FBF8707C04900E2268462499FBF731FF8B
S31510008FA096E80E00A6F62C461EA802F059FD384487
S31510008FB0C7B205EB850004EB800080F8047A5346AF
S31510008FC04A4605A91EA8009402F02AFD00FB07FBDD
S31510008FD0D4F8000A5844C4F8000A05EB450000EB23
S31510008FE0C50004EB400808F124001EA902F01EFD7E
S31510008FF004EB8500C0F8DCB1BBF1000F15DD0020D5
S3151000900005EBC50101EB051105AA04EB810108E08A
S3151000901019E001EB400C32F81030ACF82C32401C41
S31510009020C0B29DF879308342F3D89DF8790088F85C
S3151000903025009DF8780088F824006D1CEDB294F890
S31510009040FC09A8429AD825B0BDE8F08F2DE9F04F5B
S3151000905093B0054616469846002D70D03C225A49C4
S3151000906004A8FBF7CEFE96F8394C0020EA4604A970
S3151000907005E011F820200AF80020401CC0B2A042DA
S31510009080F7D3002730E008EB070096F83E1C8078EF
S31510009090884227D114210A2001F0A5FF96F8361C24
S315100090A0484380B205EB470200F57A71A2F89A1B85
S315100090B0D5F8941B0844C5F8940B002010E01AF854
S315100090C00010B9420BD1641E05E00AEB0001497885
S315100090D00AF80010401CA042F7DBE4B202E0401C84
S315100090E0A042ECDB7F1CFFB296F8390CB842CAD806
S315100090F00027012C04D9611E032001F074FFC7B2AA
S3151000910095F8C30B68B3B84202D2381AC7B200E05A
S3151000911000274FF0000820E0611E002001F063FFD9
S31510009120C0B21AF8001005EB080205EB410192F8DF
S31510009130C42B02F57A62A1F89A2B641E06E040E071
S315100091400AEB000149780AF80010401CA042F7DB30
S31510009150E4B208F1010808F0FF0895F8C30B404582
S31510009160DAD84FF000082AE0611E002001F03BFF1C
S3151000917000F0FF091AF809B014210A2001F033FF94
S3151000918096F8361C484380B205EB4B0200F57A710F
S31510009190A2F89A1BD5F8941B0844C5F8940B641EC4
S315100091A006E00AEB090040780AF8090009F10109FE
S315100091B0A145F6DBE4B208F1010808F0FF08B8454E
S315100091C0D2D313B0BDE8F08F20F9011001F019BC0D
S315100091D0FEB508AC70CC002909D0002A07D0002CA7
S315100091E005D0002D03D08DE8700001F030FCFEBDD7
S315100091F02DE9FE4F04460D464FF400694846FBF72D
S315100092009DFA064600210291300024D01CB315B3F6
S3151000921095F9390C019031708AA302AA4946304655
S3151000922006F0F0FB2078009087A302AA4946304644
S3151000923006F0E8FB6078009087A302AA49463046FC
S3151000924006F0E0FB00223221A01CFCF77FF807464F
S31510009250380003D003E00020BDE8FE8F83A0009005
S3151000926083A302AA4946304606F0CCFB04F16E00F1
S315100092700199FCF7D1F880465FEA080000D000E0BB
S315100092807AA000907DA302AA4946304606F0BAFBA2
S315100092906078022826D154F8840F00907BA302AA86
S315100092A04946304606F0AEFB207900907CA302AA10
S315100092B04946304606F0A6FB2179843C012204F18A
S315100092C08C00FBF7FBFF05460DB1284600E067A0B2
S315100092D0009078A302AA4946304606F093FB28462A
S315100092E0FBF75BFA2078012808D194F8F400009077
S315100092F075A302AA4946304606F084FB607804F14D
S31510009300F605032827D194F83E04009073A302AA09
S315100093104946304606F076FBD4F8F000009073A369
S3151000932002AA4946304606F06DFB012228460199ED
S31510009330FCF70CF88246BAF1000F01D0504600E057
S315100093404AA000906DA302AA4946304606F05AFB81
S315100093505046FBF722FA607804285DD194F9A514DB
S3151000936004F2A640FCF758F8824694F8A514012298
S3151000937004F2AC40FBF7A2FF834694F8A5040090D4
S3151000938062A302AA4946304606F03CFBBAF1000F2A
S3151000939001D0504600E035A0009060A302AA4946CD
S315100093A0304606F02FFBBBF1000F01D0584600E007
S315100093B02EA000905EA302AA4946304606F022FB74
S315100093C0D4F8B80400905FA302AA4946304606F0C6
S315100093D019FBD4F8F000009044A302AA494630467F
S315100093E006F010FB012228460199FBF7AFFF054650
S315100093F0280000D000E01DA0009040A302AA494614
S31510009400304606F0FFFA2846FBF7C7F95046FBF739
S31510009410C4F95846FBF7C1F9A06E00904FA302AAF3
S315100094204946304606F0EEFA50A302AA494630469F
S3151000943006F0E8FA3846FBF7B0F94046FBF7ADF907
S31510009440304609E77B000000224F70656E54797034
S3151000945065223A25642C000022526573756C74548B
S31510009460797065223A25642C000000005B5D0000CF
S31510009470224944566563223A25732C00224D6174A5
S31510009480726978223A25732C0000000022546F74FA
S31510009490616C46726565426574223A25642C00003B
S315100094A022546F74616C4672656554696D65223A13
S315100094B025642C002246726565426574417272619C
S315100094C079223A25732C00002257696C644D756C0D
S315100094D07469706C79223A25642C000022426F6EF2
S315100094E0757354797065223A25642C0022426F6E8A
S315100094F07573426574223A25642C000022426F6E01
S31510009500757344617461223A25732C00224A5043C4
S315100095106F756E74223A25642C000000224A50544E
S315100095207970654172726179223A25732C000000B8
S31510009530224A504265744172726179223A25732C1F
S315100095400000000022546F74616C4A61636B706F87
S3151000955074426574223A25642C00000022546F74FC
S31510009560616C426574223A25640000007D0000009B
S3151000957070B591F8395C136001785160417891604B
S3151000958090F86D10D160816E11610621556100232E
S3151000959007E000EB430466880C46491C42F8246039
S315100095A05B1C90F86D409C42F3DC002307E0C41866
S315100095B094F86E600C46491C42F824605B1CAB4262
S315100095C0F5DB4378022B18D190F888404B1C42F8F3
S315100095D02140D0F88440591C42F82340002308E06B
S315100095E000EB8304D4F88C600C46491C42F82460C6
S315100095F05B1C90F888409C42F2DC0378012B05D165
S315100096000B4690F8F440491C42F823404378032B4C
S3151000961016D1D0F8F0404B1C42F8214090F83E4449
S31510009620591C42F82340002308E000EB4304B4F829
S31510009630F6600C46491C42F824605B1CAB42F4DB16
S315100096404378042B31D1D0F8F0304C1C42F821303D
S31510009650002108E000EB4103B3F8F6602346641CD2
S3151000966042F82360491CA942F4DB90F8A514631C48
S3151000967042F824100021441894F8A6541C465B1C8A
S3151000968042F82450491C0329F5DB002100EB810424
S31510009690D4F8AC541C465B1C42F82450491C0329D0
S315100096A0F4DBD0F8B80442F8230070BD2DE9F04180
S315100096B00446069F0E46154698466670414604F1C6
S315100096C06C0002F0B3F9002006E004EB400237F814
S315100096D010105180401CC0B298F801108142F4D885
S315100096E0022E23D0032E3BD0012E1DD0002E1BD0D0
S315100096F0042E19D195F8C30B84F8A504002005EBA8
S31510009700800104EB8002D1F8C81BC2F8AC142918EA
S31510009710221891F8C41B82F8A614401C0328EEDB0D
S31510009720D5F8D40BC4F8B804BDE8F081D5F8000A12
S31510009730C4F8840095F8FC0984F8880098F80100AC
S3151000974084F86D00002005EB800104EB8002D1F84F
S31510009750DC11C2F88C10401CC0B21428F3D3E3E716
S31510009760D5F8940BC4F8F00095F8980B84F83E04DD
S3151000977095F8990B84F8F400002005EB400104EBF2
S315100097804002B1F89A1BA2F8F610401CC0B2142879
S31510009790F3D395F8C21B322900D9322184F8A414C8
S315100097A00020002204EB4003A3F84024401CC0B262
S315100097B03228F7D3002009E005EB400204EB400302
S315100097C0B2F82C22A3F84024401CC0B28842F3D32E
S315100097D0AAE700002DE9F04FADB0044616469B46A9
S315100097E0002C7DD0002E7BD0BBF1000F78D026A8A0
S315100097F002F096F964210DA8FBF75FFB96F83E0C74
S3151000980006F62C412C9104900E220C316846FBF77B
S31510009810F8FA06F62C4158460EC902F021F9074609
S31510009820594626A802F002F94FF00008C4F8948BA6
S3151000983084F8C28B8B4DD5E90001CDE90B0142F2BC
S315100098401071002001F0CFFB40F6B831884255D296
S3151000985084F8988B84A000680A9084A003C8CDE988
S315100098600801052500200DF1180A08A904E00A5C74
S315100098700AF80020401CC0B2A842F8D34FF00008E6
S315100098800AA800EB070B20E0691E002001F0ABFBD5
S3151000989000F0FF091AF8092004EB4800A0F89A2BEB
S315100098A096F83D1C26A802F0F1F86D1E06E00AEBAC
S315100098B0090040780AF8090009F10109A945F6DB03
S315100098C0EDB208F1010808F0FF081BF8030C40453B
S315100098D0DAD884F8997B00940DA926A8369B00E067
S315100098E009E02C9A02F09CF8C4F8940B0DAA26A94C
S315100098F0204600F0D4FC2DB0BDE8F08F41F2707117
S3151000990088427DD24FF0010A84F898AB07210520D2
S3151000991001F069FB00F0FF0856A000680A900AA83B
S31510009920384410F803CC54A090E80E00C068CDE976
S315100099300723069109900F2500200DF1080906A9A5
S3151000994004E00A5C09F80020401CC0B2A842F8D313
S31510009950002300211CE00BEB010096F83E2C8078CA
S31510009960904213D104EB4100A0F89AAB26A8084404
S3151000997080F8028018466D1E05E009EB0002527849
S3151000998009F80020401CA842F7DBEDB2491CC9B209
S3151000999096F8390C8842DED80026ACEB07071BE098
S315100099A0691E002001F01FFBC0B219F8001004EB6D
S315100099B04102A2F89AAB26AA114481F802806D1EC4
S315100099C005E009EB0001497809F80010401CA8428F
S315100099D0F7DBEDB2761CF6B2B742E1DC00940DA9C6
S315100099E026A8369B2C9A02F01BF8C4F8940B0DAAE5
S315100099F026A9204600F053FC84F8998B7BE7FFE7F5
S31510009A0042F2283188421AD204F694340220207188
S31510009A10083508AB07CD07C30321002001F0E3FA90
S31510009A2008AAF91E02EB8101085C96F8361C00FBA9
S31510009A3007F251432160607184F82E805BE704F6CB
S31510009A409434032020710321002001F0CCFA0BA9D5
S31510009A5011F8100096F8361C41432160607184F8A5
S31510009A602E8048E7E0EC0110010203030001020317
S31510009A700400000006080B00000102030405060797
S31510009A8008090A0B0C0D0E002DE9F04FABB0054678
S31510009A9014461F46002D72D0002C70D0002F6ED0A9
S31510009AA024A802F03DF81EA802F03AF8642105A891
S31510009AB0FBF703FA94F83E0C04F62C4189460C3158
S31510009AC004900E222A916846FBF79BF904F62C4166
S31510009AD038460EC901F0C4FF94F82C1C644AC01E07
S31510009AE052F82110085C85F8FC090020C5F8000A18
S31510009AF000264FF0010824E00E22049668462A99A3
S31510009B00FBF77FF904F62C4138460EC901F09CFF8D
S31510009B1094F83E1C88420FD00E22049668462A9965
S31510009B20FBF76FF904F62C4138460EC901F08CFF8D
S31510009B3094F83D1C884202D1A81980F8048A761C34
S31510009B40F6B294F8390CB042D6D8002688E024A88C
S31510009B5001F0E6FF1EA801F0E3FF94F8382C94F903
S31510009B60400C24A902F010FB24A91EA801F05EFFE8
S31510009B70002006EB860105EB81011EAA0AE074E0BF
S31510009B800B1893F8043A012B03D1171894F83D3C9F
S31510009B90BB70401C94F8393C8342F1DC00954A4670
S31510009BA005A91EA8349B01F03BFF0746D5F8000A0D
S31510009BB03844C5F8000A06EB460000EBC60005EB74
S31510009BC0400A0AF1240024A901F030FF05EB8600B3
S31510009BD0C0F8DC71002F13DD002006EBC60101EB87
S31510009BE0061105AA05EB810106E001EB400732F8E4
S31510009BF01030A7F82C32401C9DF879308342F4DCE3
S31510009C0095F8FC09401EB04220DD0027701C00EBC1
S31510009C10800005EB800B15E00E22049768462A9902
S31510009C20FBF7EFF804F62C411EA80EC901F00CFF45
S31510009C3094F83D1C884203D10BEB070080F8048A88
S31510009C407F1CFFB294F8390CB842E5D89DF879001C
S31510009C508AF825009DF878008AF82400761CF6B25A
S31510009C6095F8FC09B0423FF672AF2BB0BDE8F08F05
S31510009C709C010020704700F0C4BEFEB5DDE9086502
S31510009C800A9CCDE90065029400F0E1FEFEBD0000DD
S31510009C902DE9F04F87B004460E464FF4006A504641
S31510009CA0FAF74CFD07460020069096F939BC0FB31B
S31510009CB004B33870C3A306AA5146384605F0A2FE6F
S31510009CC020780090C0A306AA5146384605F09AFEA1
S31510009CD060780090C0A306AA5146384605F092FE59
S31510009CE000223221A01CFBF731FB80465FEA0800F8
S31510009CF004D004E0002007B0BDE8F08FBBA00090B0
S31510009D00BBA306AA5146384605F07CFE594604F117
S31510009D106E00FBF781FB81465FEA090000D000E088
S31510009D20B2A00090B5A306AA5146384605F06AFEC1
S31510009D306078022826D154F8840F0090B3A306AA9F
S31510009D405146384605F05EFE20790090B4A306AA67
S31510009D505146384605F056FE2179843C012204F11D
S31510009D608C00FBF7ABFA0546280000D000E09FA058
S31510009D700090B0A306AA5146384605F043FE284681
S31510009D80FAF70BFD2078012813D1594604F1DC00AF
S31510009D90FBF742FB0546280000D000E093A0009098
S31510009DA0A9A306AA5146384605F02CFE2846FAF70E
S31510009DB0F4FC0025A9A00068059086B196F83E0C23
S31510009DC004900E2206F638416846FBF71AF806F696
S31510009DD02C4604F16C000ECE01F042FE054660786A
S31510009DE0032851D1D4F8F00000909DA306AA51463D
S31510009DF0384605F007FE94F83E0400909CA306AA88
S31510009E005146384605F0FEFD94F83E0404F1F6037B
S31510009E1004F5886630B1012837D0022868D00328A7
S31510009E2079D16FE0032D00D20325062D00D9062522
S31510009E3005A82844012210F8031C1846FBF786FAD9
S31510009E400546280000D000E068A000908CA306AA62
S31510009E505146384605F0D6FD94F8A4140122304632
S31510009E60FBF774FA06460EB1304600E05FA000908C
S31510009E7087A306AA5146384605F0C4FD3046FAF7C0
S31510009E808CFC2846FAF789FC45E00122594618460B
S31510009E90FBF75CFA0546280000D000E053A00090BE
S31510009EA077A306AA5146384605F0ACFD94F8F4009F
S31510009EB000907CA306AA5146384605F0A3FD94F8F7
S31510009EC0A41401223046FBF741FA0646300000D0B2
S31510009ED000E046A000906EA306AA5146384605F04B
S31510009EE091FD3046FAF759FC2846FAF756FC12E06F
S31510009EF094F8F400009070A306AA5146384605F06F
S31510009F0081FD08E094F8F40000906BA306AA514670
S31510009F10384605F077FD607804283CD194F9A514ED
S31510009F2004F2A640FBF778FA054694F8A514012228
S31510009F3004F2AC40FBF7C2F9064694F8A50400906B
S31510009F4062A306AA5146384605F05CFD0DB12846B7
S31510009F5000E026A0009061A306AA5146384605F0F7
S31510009F6051FD0EB1304600E020A0009060A306AA75
S31510009F705146384605F046FDD4F8B804009061A362
S31510009F8006AA5146384605F03DFD2846FAF705FC67
S31510009F903046FAF702FCA06E009060A306AA51465E
S31510009FA0384605F02FFD61A306AA5146384605F03E
S31510009FB029FD4046FAF7F1FB4846FAF7EEFB38461C
S31510009FC099E600007B000000224F70656E54797090
S31510009FD065223A25642C000022526573756C745400
S31510009FE0797065223A25642C000000005B5D000044
S31510009FF0224944566563223A25732C00224D61741A
S3151000A000726978223A25732C0000000022546F746E
S3151000A010616C46726565426574223A25642C0000AF
S3151000A02022546F74616C4672656554696D65223A87
S3151000A03025642C0022467265654265744172726110
S3151000A04079223A25732C00002257696C64506F737D
S3151000A0504172726179223A25732C000001020303C2
S3151000A06022426F6E7573426574223A25642C000085
S3151000A07022426F6E757354797065223A25642C00EE
S3151000A08022426F6E757344617461223A25732C00F7
S3151000A09022426F6E75734944566563223A25732CB6
S3151000A0A00000000022426C696E6453796D626F6C19
S3151000A0B0223A25642C00000022426F6E75734D758E
S3151000A0C06C7469706C79223A25642C00224A5043CC
S3151000A0D06F756E74223A25642C000000224A505483
S3151000A0E07970654172726179223A25732C000000ED
S3151000A0F0224A504265744172726179223A25732C54
S3151000A1000000000022546F74616C4A61636B706FBB
S3151000A11074426574223A25642C00000022546F7430
S3151000A120616C426574223A25640000007D000000CF
S3151000A13070B591F8394C136001785160417891608F
S3151000A14090F86D10D160816E116106215461002363
S3151000A15007E000EB43056E880D46491C42F8256062
S3151000A1605B1C90F86D509D42F3DC002307E0C51888
S3151000A17095F86E600D46491C42F825605B1CA3429B
S3151000A180F5DB4378022B19D190F888504B1C42F816
S3151000A1902150D0F88450591C42F82350002309E06E
S3151000A1A000EB8305D5F88C600D46491C42F82560F6
S3151000A1B05B1C5BB290F888509D42F1DC0378012B52
S3151000A1C00CD1002308E0C51895F9DC600D46491C32
S3151000A1D042F825605B1C5BB2A342F4DB4378032B89
S3151000A1E037D1D0F8F0504B1C42F8215090F83E145D
S3151000A1F05D1C42F8231090F8F460691C42F8256043
S3151000A200002309E000EB4305B5F8F6600D46491C3E
S3151000A21042F825605B1C5BB2A342F3DB90F83E3438
S3151000A220012B00D0ABB90B4690F8A444491C42F858
S3151000A2302340002309E000EB4304B4F840540C46D5
S3151000A240491C42F824505B1CDBB290F8A4449C4293
S3151000A250F1D84378042B21D190F8A5444B1C42F831
S3151000A26021400021441894F8A6541C465B1C42F861
S3151000A2702450491C49B20329F4DB002100EB810468
S3151000A280D4F8AC541C465B1C42F82450491C49B205
S3151000A2900329F3DBD0F8B80442F8230070BD30B5BB
S3151000A2A000281FD000291DD0002A1BD04B78322B36
S3151000A2B000D9322380F8C23B0021002400EB41056F
S3151000A2C0A5F82C42491CC9B23229F7D3002107E060
S3151000A2D000EB410532F81140A5F82C42491CC9B2D1
S3151000A2E09942F5D330BD002808D0002A06D000F6D2
S3151000A2F09430416B016090F8301001717047000086
S3151000A3002DE9F04FA7B0044615461E46002C71D015
S3151000A310002D6FD0002E6DD01FA801F001FC642116
S3151000A32006A8FAF7CAFD95F83C0C05F62C412691BD
S3151000A33004900C310E2268462591FAF762FD05F657
S3151000A3402C4130460EC901F08BFB95F82C1C434A64
S3151000A350C01E52F82110085C84F8FC094FF0000B5F
S3151000A360C4F800BA002741E007EB470000EBC7002E
S3151000A37004EB400904EB870809F1240A44E00020A5
S3151000A38007EBC70202EB071206A904EB820207E0ED
S3151000A39002EB400C31F81030ACF82C32401CC0B235
S3151000A3A09DF87D308342F3D895F83C0C04900E222C
S3151000A3B068462599FAF725FD05F62C411FA80EC902
S3151000A3C001F04EFB94F8FC190144142915D894F8A1
S3151000A3D0FC19084484F8FC099DF87D0089F82500CD
S3151000A3E09DF87C0089F824007F1CFFB294F8FC09C4
S3151000A3F0B842B9D827B0BDE8F08FD4F8000A801B50
S3151000A400C4F8000AC8F8DCB11FA801F089FB95F85A
S3151000A410382C95F93F0C1FA901F0B6FE0421002037
S3151000A42000F0E1FDC2B295F83D1C1FA801F02EFB0D
S3151000A430009406A91FA8309B269A01F0F1FA064649
S3151000A440D4F8000A3044C4F8000A50461FA901F097
S3151000A450EDFAC8F8DC61002EA6DD90E7B801002001
S3151000A46018B5039C0094FFF73EFF18BD00F0C9BA5B
S3151000A470FEB5DDE908650A9CCDE90065029400F099
S3151000A480E6FAFEBD2DE9F04F87B004460D464FF4AF
S3151000A490006A5046FAF752F907460021069195F9D7
S3151000A4A039BC380020D0FCB139707EA306AA5146BB
S3151000A4B005F0A8FA207800907BA306AA51463846E4
S3151000A4C005F0A0FA607800907BA306AA514638469C
S3151000A4D005F098FA00223221A01CFAF737FF8046C1
S3151000A4E05FEA080004D004E0002007B0BDE8F08F52
S3151000A4F076A0009076A306AA5146384605F082FA51
S3151000A500594604F16E00FAF787FF81465FEA0900A3
S3151000A51000D000E06DA0009070A306AA5146384600
S3151000A52005F070FA6078022826D154F8840F00904E
S3151000A5306EA306AA5146384605F064FA20790090B3
S3151000A5406FA306AA5146384605F05CFA2179843C79
S3151000A550012204F18C00FAF7B1FE0646300000D055
S3151000A56000E05AA000906BA306AA5146384605F0A3
S3151000A57049FA3046FAF711F96BA0006805907DB1DB
S3151000A58095F83E0C04900E2205F638416846FAF707
S3151000A59038FC05F62C4504F16C000ECD01F060FA7E
S3151000A5A06078032826D194F83E0400905FA306AA8B
S3151000A5B05146384605F026FAD4F8F00000905FA30D
S3151000A5C006AA5146384605F01DFA0122594604F1ED
S3151000A5D0F600FAF7BBFE05460DB1284600E03BA093
S3151000A5E000905AA306AA5146384605F00BFA28469B
S3151000A5F0FAF7D3F894F8A50400283CD094F9A514DA
S3151000A60004F2A640FAF708FF054694F8A5140122AD
S3151000A61004F2AC40FAF752FE064694F8A5040090F0
S3151000A6204EA306AA5146384605F0ECF90DB1284658
S3151000A63000E026A000904DA306AA5146384605F024
S3151000A640E1F90EB1304600E020A000904CA306AA16
S3151000A6505146384605F0D6F9D4F8B80400904DA303
S3151000A66006AA5146384605F0CDF92846FAF795F868
S3151000A6703046FAF792F8A06E00904CA306AA5146FF
S3151000A680384605F0BFF94DA306AA5146384605F0DF
S3151000A690B9F94046FAF781F84846FAF77EF838468F
S3151000A6A023E700007B000000224F70656E5479701E
S3151000A6B065223A25642C000022526573756C745419
S3151000A6C0797065223A25642C000000005B5D00005D
S3151000A6D0224944566563223A25732C00224D617433
S3151000A6E0726978223A25732C0000000022546F7488
S3151000A6F0616C46726565426574223A25642C0000C9
S3151000A70022546F74616C4672656554696D65223AA0
S3151000A71025642C0022467265654265744172726129
S3151000A72079223A25732C00000102030322426F6E30
S3151000A730757354797065223A25642C0022426F6E27
S3151000A7407573426574223A25642C000022426F6E9E
S3151000A750757344617461223A25732C00224A504362
S3151000A7606F756E74223A25642C000000224A5054EC
S3151000A7707970654172726179223A25732C00000056
S3151000A780224A504265744172726179223A25732CBD
S3151000A7900000000022546F74616C4A61636B706F25
S3151000A7A074426574223A25642C00000022546F749A
S3151000A7B0616C426574223A25640000007D00000039
S3151000A7C070B591F8395C13600178516041789160E9
S3151000A7D090F86D10D160816E1161062155610023CC
S3151000A7E007E000EB430466880C46491C42F82460D7
S3151000A7F05B1C90F86D409C42F3DC002307E0C41804
S3151000A80094F86E600C46491C42F824605B1CAB42FF
S3151000A810F5DB4378022B18D190F888404B1C42F890
S3151000A8202140D0F88440591C42F82340002308E008
S3151000A83000EB8304D4F88C600C46491C42F8246063
S3151000A8405B1C90F888409C42F2DC4378032B16D1AF
S3151000A850D0F8F0404B1C42F8214090F83E145C1C96
S3151000A86042F82310002308E000EB4301B1F8F6602C
S3151000A8702146641C42F821605B1CAB42F4DB70BDC0
S3151000A8802DE9F0410446DDF818800E4615461F46A0
S3151000A8906670394604F16C0001F0C8F8002006E035
S3151000A8A004EB400238F810105180401CC0B2797881
S3151000A8B08142F5D8022E23D0032E3AD0012E1DD078
S3151000A8C0002E1BD0042E19D195F8C30B84F8A504BD
S3151000A8D0002005EB8001D1F8C82B04EB8001C1F8EC
S3151000A8E0AC242A18231892F8C42B83F8A624D1F87E
S3151000A8F0AC14C4F8B814401C0328EADBBDE8F08198
S3151000A900D5F8000AC4F8840095F8FC0984F8880084
S3151000A910787884F86D00002005EB800104EB800246
S3151000A920D1F8DC11C2F88C10401CC0B21428F3D335
S3151000A930E4E7D5F8940BC4F8F00095F8980B84F872
S3151000A9403E0495F8990B84F8F400002005EB4001BD
S3151000A95004EB4002B1F89A1BA2F8F610401CC0B2E4
S3151000A9601428F3D3787884F86D00002008E005EBFE
S3151000A970400104EB4002B1F82C125180401CC0B2C9
S3151000A98079788142F3D8B9E72DE9F04104460D46AE
S3151000A9901646204601F0A6FC002705EB8608D8F8D7
S3151000A9A0DC0100B1012706EB460000EBC60005EB03
S3151000A9B04001243104F16C0001F038F8D8F8DC01BC
S3151000A9C0A066002306EBC60000EB061005EB800020
S3151000A9D000EB430104EB4302B1F82C1251805B1CCF
S3151000A9E0DBB2322BF4D306EB860005EB800101F6C1
S3151000A9F00421142204F1DC00FAF703FA6770BDE8AB
S3151000AA00F0812DE9F84304460D4690469946002CF0
S3151000AA101BD0002D19D0B8F1000F16D0002604F661
S3151000AA202C47284601F07CF894F8382C94F93F0C02
S3151000AA30294601F0A9FB4B463A4641462846009660
S3151000AA4000F0EEFF28780028EBD1BDE8F8832DE959
S3151000AA50F8438046DDE90979089E0C461546002C18
S3151000AA6016D0002D14D0002E12D0002F10D094F82E
S3151000AA70382C94F93F0C294601F086FB4B4604F618
S3151000AA802C4239462846CDF8008000F0C9FF3060C8
S3151000AA90BDE8F88370477047FEB5DDE908650A9C86
S3151000AAA0CDE90065029400F043F8FEBD2DE9F843A8
S3151000AAB00646DDE908500F4690469946FBF762FABE
S3151000AAC0002808D0046A002C05D04B464246394669
S3151000AAD030460095A047BDE8F88370B504460D468C
S3151000AAE016461846FBF74EFA002808D0C369002B05
S3151000AAF005D0324629462046BDE87040184770BD3D
S3151000AB002DE9F04106460F4690461D462846FBF7AE
S3151000AB1039FA00280AD08469002C07D02B46424601
S3151000AB2039463046A446BDE8F0416047BDE8F0819D
S3151000AB302DE9FE4F8346DDE90C670E9D894690464A
S3151000AB409A462846FBF71EFA0446200023D0D4F86E
S3151000AB5000C0BCF1000F1ED0534642464946584627
S3151000AB60CDE900670295E047B8F1000F13D098F8C9
S3151000AB70000005280FD2DFE800F003101C26300075
S3151000AB80A468002C07D05346424649465846CDE99C
S3151000AB9000670295A047BDE8FE8F6468002CFAD0C6
S3151000ABA05346424649465846CDE900670295A047A6
S3151000ABB0F1E7E468002CEED043464A465146584623
S3151000ABC00095A047E7E72469002CE4D043464A469F
S3151000ABD0514658460095A047DDE76469002CDAD047
S3151000ABE043464A46514658460095A047D3E72DE9B5
S3151000ABF0F04106460F4690461D462846FBF7C2F919
S3151000AC0000280AD0846A002C07D02B4642463946C3
S3151000AC103046A446BDE8F0416047BDE8F08100002B
S3151000AC202DE9FF4FADF69C4D8946DDF8D0AC1446A4
S3151000AC3098460420C8F8000094F90060204601F0F8
S3151000AC40EBFA504608F0ECFC054628003BD02FA83E
S3151000AC5001F05EFC012E3ED029A800F061FF6421B0
S3151000AC6010A8FAF72AF900260D960E960F960A9650
S3151000AC700B960C96099695F8367C07FB09F703F0A8
S3151000AC8045FE0790069605963946D04800F074FAA8
S3151000AC9095F8410C002801DD032800DD0120009005
S3151000ACA00AAB0DAA3946C94800F0CEFA0246002A68
S3151000ACB043DD8DF87F2C0D98069000200DF1340C95
S3151000ACC00AAB2FAF34E04FF0FF30C8F800000DF696
S3151000ACD0AC4DBDE8F08F95F9222C534605F148018D
S3151000ACE02046FAF7E9FA95F8220C401C85F8220C52
S3151000ACF0D5F8240CA16E401AC5F8240C012020703A
S3151000AD000520C8F800002846FAF7A0FDDFE707EB94
S3151000AD10000B1CF820108BF8C41B07EB800B53F8A4
S3151000AD202010CBF8C81BDDF814B059440591401C0F
S3151000AD309042ECDB0598CDF8900C0DF1400BCDE967
S3151000AD4001BA09AF4B4629AA29462FA80097FFF743
S3151000AD50A3FECDE901BA4B4629AA29462FA800978A
S3151000AD60FAF7A1FACDE9017A2FAB10AA29A928463C
S3151000AD70CDF80090FAF7A0FB9DF8A4008DF8BC0062
S3151000AD800998309093499248CDF8980C0968D0F8F4
S3151000AD90080691F8361C09FB0101DDF8980CC0F87D
S3151000ADA0081695F8362C4946DDF89C0C04F06CFA1A
S3151000ADB0DDF8BC1A309800220844DDF8501C4FEA22
S3151000ADC0E9730844A0FB091602FB096200FB032382
S3151000ADD005980E1843EBE07705AA06AB0798CDE960
S3151000ADE003322FA9CDE9011095F8360C00903246A2
S3151000ADF03B464946DDF89C0C03F0DCFD08903246D4
S3151000AE003B460899DDF89C0C04F01CFA089860B1D2
S3151000AE109DF9BC00C8F800009DF9BC00052836D283
S3151000AE20DFE800F0283645859400534610AA29A974
S3151000AE302846FFF765FE00258DF87F5C00202FA9B8
S3151000AE400A1882F8C45B01EB8002C2F8C85B401C8A
S3151000AE500328F5DBCDF8905C6570A5662570CDE905
S3151000AE6000BA29AB2FAA00212046FAF71DFAC8F816
S3151000AE7000502CE700256570A566CDE900BA29AB10
S3151000AE802FAA00212046FAF70FFAC8F8005085E0DD
S3151000AE90012565703098A066CDE900BA29AB2FAAB6
S3151000AEA001212046FAF700FAC8F8005076E002278A
S3151000AEB067703098A06600268DF87F6C00202FA949
S3151000AEC00A1882F8C46B01EB8002C2F8C86B401CEA
S3151000AED00328F5DBCDF8906CC4F8B86405F148008A
S3151000AEE0CDF8940CFAF707FC2FA9DDF8940C01F0B5
S3151000AEF077FAA5F8209C85F8226C9DF8B80A85F893
S3151000AF00230CDDF8BC0AC5F8240CDDF8BC0AA5F83C
S3151000AF10280CCDE900BA29AB2FAA02212046FAF750
S3151000AF20C3F9C8F800702846FAF790FC36E00325F6
S3151000AF3065703098A066CDE900BA29AB2FAA032117
S3151000AF402046FAF7B1F9C8F8005027E004256570D5
S3151000AF503098A0669DF87F0C84F8A504CDE900BA58
S3151000AF6029AB2FAA04212046FAF79EF9C8F80050FB
S3151000AF7000252FAE0CE006EB8500D0F8C82B002A72
S3151000AF8005DD701990F8C41B104800F03FF86D1CD1
S3151000AF909DF87F0CA84201DD032DECDB002020700C
S3151000AFA0D4F88410A06E0844D4F8F0100844D4F8ED
S3151000AFB0B81409FB0011DDF8980CD0F80C06014402
S3151000AFC0DDF8980CC0F80C1681E60000506B0020D6
S3151000AFD0745900200401002008B5012168460DF0BF
S3151000AFE0D3F9009808BD70B504460D46FFF7F4FF77
S3151000AFF0291B491CB0FBF1F201FB1200204470BD65
S3151000B000002802D0002101604160704770B50446E7
S3151000B0101546002C20D0002D1EDD03291CD2C1EBB5
S3151000B020C10004EBC0000C30294600F051FAA068AC
S3151000B0302844A060D4F8D010D4F8B4000844C4F85A
S3151000B040B4000020C4F8DC000448844204D1204631
S3151000B050BDE8704000F000BA70BD0000506B0020D3
S3151000B060D0F8C4208A4202DCD0F8CC007047D0F861
S3151000B070C0208A4202DCD0F8C80070474FF47A70BC
S3151000B080704700002DE9F04186B0294C002044F8A5
S3151000B090600C44F85C0C44F8580C0121A1656065FD
S3151000B0A04FF47A71E165216641F2883161664FF499
S3151000B0B09661A16640F2DC51E166206760670A205E
S3151000B0C0A067E067603C1B4805691B4802AE90E824
S3151000B0D00E00C0680EC60590029E0020174F431C36
S3151000B0E0D4F8B8109846009157F82330C0EBC0003A
S3151000B0F04B4304EBC0006B4349000C30324600F062
S3151000B10011FA4FFA88F00328E9DB0948603800F095
S3151000B110BDF908F0C5FF002807D0D4E9011206B022
S3151000B12007A0BDE8F0410CF0C7BD06B0BDE8F08140
S3151000B130B06B0020E4000020A4EC0110D400002025
S3151000B1400D0A205B4A505D20706572736973742016
S3151000B150726573746F7265206F6B3A20746F7461C9
S3151000B1606C506C61793D256420746F74616C447207
S3151000B17061773D25640000002DE9F04104460E4636
S3151000B180002C33D02068401C2060D4F8DC00401C12
S3151000B190C4F8DC0031462046FFF762FFD4F8BC1035
S3151000B1A0C51786FB01230146A2FB010703FB0171AC
S3151000B1B002FB05110E4A0023F9F78DFB0746012FF6
S3151000B1C000DA01270025C5EBC50004EBC0000C30E2
S3151000B1D0394600F0B6F96D1C032DF4DB6068304477
S3151000B1E060602046BDE8F04100F036B9BDE8F08158
S3151000B1F040420F002DE9F04105460E461746002D38
S3151000B2001ED00024D5F8B80057F8242056F824107C
S3151000B21042434143C4EBC40005EBC0000C3000F0C0
S3151000B220E9F9641C032CEDDB0648854208D108F0C9
S3151000B23037FF002804D02846BDE8F04100F026B9B3
S3151000B240BDE8F081506B00202DE9F84F0646DDF879
S3151000B25028908A4617469846002500200090002E12
S3151000B26006D02FB1B8F1000F02D0B9F1000F02DCF1
S3151000B2700020BDE8F88FD6F8B400002801DD0020C4
S3151000B280F7E7D6F8D400504501DD0020F1E7D6E9FE
S3151000B2903610884201DA0020EBE73C68002C12DDFC
S3151000B2A0641E032C0DD2C4EBC40006EBC0000C3098
S3151000B2B06B464246514600F0C5F910B13C6001207C
S3151000B2C0D7E70020D5E700244D4511DAC4EBC400BA
S3151000B2D006EBC00008EB85020C306B46514600F0B9
S3151000B2E0B1F910B147F825406D1C641C032CEBDB3B
S3151000B2F02846BEE7884201DA084670479042FCDDD0
S3151000B3001046704708F00EBF10B57C21164808F09D
S3151000B310FDFC08F0C5FE00281ED0134C0122134870
S3151000B32021680CF0C9FC12A0E1680CF0C5FC15A050
S3151000B330A1680CF0C1FCD4E9071218A00CF0BCFCF3
S3151000B340D4E90F1221A00CF0B7FCD4E91712BDE80E
S3151000B35010402AA00CF0B0BC08F0E4FEBDE8104086
S3151000B360012132A00CF0A8BCF06D00206014021070
S3151000B3700D0A20546F74616C506C6179203A202547
S3151000B380640000000D0A20546F74616C506C617972
S3151000B39054696D65203A2025640000000D0A204A84
S3151000B3A0545F4D616A6F72203A53686F774C6F74B1
S3151000B3B074657279203D20256420204C6F74746565
S3151000B3C07279506F6F6C203D202564000D0A204A5B
S3151000B3D0545F4D696E6F72203A53686F774C6F7475
S3151000B3E074657279203D20256420204C6F74746535
S3151000B3F07279506F6F6C203D202564000D0A204A2B
S3151000B400545F4D696E69203A53686F774C6F747448
S3151000B410657279203D20256420204C6F7474657206
S3151000B42079506F6F6C203D20256400000D0A205B5B
S3151000B4304A505D207065727369737420626C6F6216
S3151000B44020696E69742F7265696E697420766572EB
S3151000B45073696F6E3D25750010B50446002C12D029
S3151000B46008F01EFE08B908F05DFE204608F007FE3B
S3151000B47028B12146BDE81040034808F021BEBDE8BA
S3151000B4801040FFF73FBF10BDF06D002000B503461A
S3151000B490002B09D008F004FE002805D003491846F1
S3151000B4A05DF804EB08F04EBE00BD0000F06D002004
S3151000B4B0D0E901329A4202DBC3689A4201DA0020CF
S3151000B4C07047006A884201DD0020704701207047EE
S3151000B4D070B504460D46002C21D0002D1FDDA06846
S3151000B4E0401BA06021686160002801DA0020A0607E
S3151000B4F05F212820FFF777FD0146628B2068121A1C
S3151000B50051436422B1FBF2F10844E0604FF49670A7
S3151000B5106063606928446061208B401C208370BD85
S3151000B5204068704730B5039D00240460C161026213
S3151000B5304362448385620463C4624FF49671416327
S3151000B54030BD2DE9F05F0446678B6668BE424FDC5E
S3151000B550206B00EB0109C4F83090D4F8248042F235
S3151000B560107289FB08010023F9F7B5F90546E06268
S3151000B57005283DDD206928442061D4E902A0A0EB0E
S3151000B5800A02012A00DA0122801B012800DA0120B2
S3151000B5904FF47A7B80FB0B01D317F9F79CF940F235
S3151000B5A0B631884200DD0846322800DA322085FBA3
S3151000B5B000015A460023F9F78EF9012800DA012016
S3151000B5C0304460600AEB0501A160B84200DD676097
S3151000B5D042F2107085FB00014FEAE8734246F9F714
S3151000B5E07AF9A9EB00002063002801DA0020206315
S3151000B5F0BDE8F09F70B504460846154620606060A9
S3151000B60011F0CCF90E4911F0E1F911F0ABF9A06087
S3151000B610002020612063E0624FF4967060636583BA
S3151000B6205F212D20FFF7DFFC0146628B2068121A7E
S3151000B63051436422B1FBF2F10844E06070BD000092
S3151000B6409A99193FF0B506460C4617461D462146EF
S3151000B6503046FFF72DFF20B1306AA04203DD0020EF
S3151000B660F0BD0020F0BD706838600DB10020286074
S3151000B6700120F0BDF0B50024002300228D7A08E0E9
S3151000B68086180F7CB678BE4201D1641CE4B2521CF7
S3151000B690D2B29542F4D8032C01D3022202700022B2
S3151000B6A04C7B08E085188E7CAD78B54201D15B1CC9
S3151000B6B0DBB2521CD2B29442F4D8062B01D303212A
S3151000B6C00170F0BDF0B5059E0024002300228D7A8E
S3151000B6D009E0871891F810C0BF78674501D1641C3E
S3151000B6E0E4B2521CD2B29542F3D8032C01D30222F3
S3151000B6F0027000224C7B08E085188F7CAD78BD4225
S3151000B70001D15B1CDBB2521CD2B29442F4D8032B8B
S3151000B71005D32EB196F8C31B11B104210170F0BDEB
S3151000B72003210170F0BDF0B5059E00240023002210
S3151000B7308D7A09E0871891F810C0BF78674501D156
S3151000B740641CE4B2521CD2B29542F3D8032C01D336
S3151000B7500222027000224C7B08E085188F7CAD789F
S3151000B760BD4201D15B1CDBB2521CD2B29442F4D85A
S3151000B770062B05D32EB196F8C31B11B10421017007
S3151000B780F0BD03210170F0BDF0B5059E0024002325
S3151000B79000228D7A09E0871891F810C0BF786745A6
S3151000B7A001D1641CE4B2521CD2B29542F3D8032CD8
S3151000B7B001D30222027000224C7B08E085188F7C90
S3151000B7C0AD78BD4201D15B1CDBB2521CD2B29442A1
S3151000B7D0F4D8062B05D32EB196F8C31B11B104214C
S3151000B7E00170F0BD03210170F0BD2DE9F041044652
S3151000B7F0069F1E46002C39D0002937D0002E35D092
S3151000B8000025A8460022487B09E0A31891F812C02B
S3151000B8109B78634501D16D1CEDB2521CD2B2904299
S3151000B820F3D842F210710020FFF7DDFB032D1DD374
S3151000B830032102228FB197F8C33B73B142F228332A
S3151000B840984202DA042020700DE042F21C5398420E
S3151000B85001DA217007E0227005E0B0F57A6F01DA9F
S3151000B860217000E02270306840443060BDE8F081FD
S3151000B870F0B50024002300228D7A08E086180F7C8C
S3151000B880B678BE4201D1641CE4B2521CD2B29542C3
S3151000B890F4D8032C01D30222027000224C7B08E05C
S3151000B8A085188E7CAD78B54201D15B1CDBB2521C7B
S3151000B8B0D2B29442F4D8032B01D303210170F0BD08
S3151000B8C010B5002804D000210A4B094A1B680BE06A
S3151000B8D0002010BD02EB01142468844203D102EB50
S3151000B8E00110001D10BD491C9942F3DB002010BD4C
S3151000B8F0806D0020D801002070B596B070212448C4
S3151000B900F9F7DBFA234900200860234E1396234CDF
S3151000B9101494234D159513A940F69F7000F04CF81A
S3151000B920204810901194129510A940F69E7000F0C0
S3151000B93043F81D480D900E940F950DA940F69D7075
S3151000B94000F03AF819480A900B940C950AA940F69B
S3151000B9509C7000F031F807960894099507A940F6EF
S3151000B9609B7000F029F8124804900594069504A9D6
S3151000B97040F69A7000F020F80E4801900294039554
S3151000B98001A940F6997000F017F816B070BD0000C6
S3151000B990806D0020D801002071B8001045FC001001
S3151000B9A0190B0110EBB7001089B7001027B700105C
S3151000B9B0C5B6001075B6001070B5002905D030B1A7
S3151000B9C00022164D144C2B6813E0002070BD002089
S3151000B9D070BD04EB02163668864209D104EB0210DC
S3151000B9E0D1E900238968C0E90123C160012070BD37
S3151000B9F0521C9A42EDDB072B01DD002070BD04EBD3
S3151000BA0003121060D1E900048968C2E9024150604E
S3151000BA105B1C2B60012070BD806D0020D8010020BA
S3151000BA2038B5049C009405F0D9F838BD00280AD022
S3151000BA30002908D00A7802704A7842701422891CAC
S3151000BA40801CF9F799B970470FB408999DF8112021
S3151000BA508A4202D2FF2004B0704708448078FAE781
S3151000BA600FB4024630B50B9C002000219DF81D3006
S3151000BA7007E05518AD78A54201D1401CC0B2491C4B
S3151000BA80C9B28B42F5D830BC5DF814FB10B5002353
S3151000BA9003EB83041444E4B20444A1705B1CDBB2D0
S3151000BAA0032BF5D310BD00002DE9F04389B00746EE
S3151000BAB0DDE9148916A005AC90E80E00C0680EC426
S3151000BAC008900F24002201AE05A803E0815CB15452
S3151000BAD0521CD2B2A242F9D3002513E0611E0020F7
S3151000BAE0FFF781FAC2B2B05C384480F80280641E57
S3151000BAF003E0B0184078B054521CA242F9DBE4B20D
S3151000BB006D1CEDB24D45E9D309B0BDE8F0830000D8
S3151000BB10000102030405060708090A0B0C0D0E00A6
S3151000BB2010B504461421A01CF9F7A5F900202070C1
S3151000BB30607010BDF0B504460020ABB100BF80C9DF
S3151000BB403E183546864201D220CA09E016682E44B0
S3151000BB5035461768BE4201D2012000E00020121DB2
S3151000BB6020C45E1E331EEAD1F0BD2AB100BF08C93B
S3151000BB7008C0531E1A1EFAD1704729B100BF002201
S3151000BB8004C04A1E111EFAD1704710B50346A2B161
S3151000BB9000BF521E53F8220051F82240A04201D98C
S3151000BBA0012010BD53F8220051F82240A04202D2C3
S3151000BBB04FF0FF30F5E7002AEBD10020F1E7F0B5A2
S3151000BBC004460D4616460020591E11E00027002295
S3151000BBD007E016F801C00CFA02FC4CEA0707491EEA
S3151000BBE00832002901DB202AF3D344F82070401CC8
S3151000BBF0A84201D20029E9DA04E04FF0000C44F81B
S3151000BC0020C0401CA842F8D3F0BD0146002003E036
S3151000BC1001B903E0401C49082028F9D300BF70473A
S3151000BC20024661B1491E00BF52F8210000B103E07F
S3151000BC30081EA1F10101F7D100BF481C7047084644
S3151000BC40FCE72DE9FF4FE7B09A4675997498FFF710
S3151000BC50E7FF054615B96BB0BDE8F08F691E749AFB
S3151000BC6052F82100FFF7D1FFC0F1200002902946BB
S3151000BC7027A8FFF782FF534627A8029A699900F072
S3151000BC803CF927A941F82A002B4608A8029A74996C
S3151000BC9000F033F9681E08A951F8207051466798CC
S3151000BCA0FFF76BFFAAEB0504F5E0781C28B96019BD
S3151000BCB027A951F820006690B3E06019401E27A905
S3151000BCC001EB800005907F1C4FF6FF7000EA1746C7
S3151000BCD01FFA87F80598006806900598406807903F
S3151000BCE04FF6FF70864205D13146079801EA10409B
S3151000BCF0049005E0701C0799B1FBF0F080B2049037
S3151000BD00049800FB08F9049800FB06FB0698A0EBC4
S3151000BD1009404FF0FF31A1EB09410690884202D944
S3151000BD200798401E07904FF6FF7101EA19410798D0
S3151000BD30401A07900798A0EB0B00079013E006989F
S3151000BD40A0EB08404FF0FF31A1EB08410690884266
S3151000BD5002D90798401E07900798801B07900498F1
S3151000BD60401C80B204900798B042E8D80798B042B9
S3151000BD7003D10698B0EB084FE1D24FF6FF7086421A
S3151000BD8003D1079880B2039009E0DDE90601000CA3
S3151000BD9061F31F40711CB0FBF1F080B20390039861
S3151000BDA000FB08F9039800FB06FB0698A0EB0900B8
S3151000BDB0C9F1FF310690884202D90798401E0790B4
S3151000BDC00698A0EB0B404FF0FF31A1EB0B4106900C
S3151000BDD0884202D90798401E07904FF6FF7101EA74
S3151000BDE01B410798401A07900DE00698C01BC7F133
S3151000BDF0FF310690884202D90798401E0790039893
S3151000BE00401C80B2039007980028EED1079810B90D
S3151000BE100698B842E9D2DDE9030100EB01406690CD
S3151000BE207F1E27AA02EB840102EB840008AB009563
S3151000BE30669A0FF046FC611927AA52F82110081AC3
S3151000BE40611942F8210013E06698401C669027AAF3
S3151000BE5002EB840102EB84002B4608AA00F074F969
S3151000BE60611927AA52F82110081A611942F82100FF
S3151000BE70601927A951F820000028E5D101EB8400AC
S3151000BE802A4608A9FFF781FE0028DDDA6799669829
S3151000BE9041F82400641E002CBFF607AF7599689808
S3151000BEA0FFF76BFE2B4627A9029A689800F031F926
S3151000BEB000BFD0E6F0B504460E4615460021701EAA
S3151000BEC00EE055F82170002205E027FA02FC04F86E
S3151000BED000C0401E0832002801DB202AF5D3491C79
S3151000BEE0994201D20028ECDA04E04FF0000C04F875
S3151000BEF000C0401E0028F8DAF0BDF0B50446002058
S3151000BF00202A11D283B1C2F1200600BF20C905FA3A
S3151000BF1002F7074380C412B125FA06F700E000279E
S3151000BF2038465F1E3B1EF1D1F0BD2DE9F041C0B081
S3151000BF3004460D4616461F46DDF8188133462A4636
S3151000BF40214602A8CDE90078FFF77BFE40B0BDE898
S3151000BF50F0812DE9FF4FFFB0894690461D468D9C16
S3151000BF602246494622A8FFF700FE00944A4622A917
S3151000BF7041A88C9B00F058F800944A4641A960A845
S3151000BF808C9B00F051F8214603A8FFF7F6FD01201F
S3151000BF90039029464046FFF743FE05466F1E38E0DC
S3151000BFA058F827604FF0200A681EB84208D102E000
S3151000BFB0B600AAF1020A032000EA96700028F7D00C
S3151000BFC04FF0000B22E0009403AA03A903A88C9B50
S3151000BFD000F02AF8009403AA03A903A88C9B00F08A
S3151000BFE023F8032000EA9670029060B1009402983C
S3151000BFF0401EC0EB401022A901EB800203A903A842
S3151000C0008C9B00F011F80BF1020BB600D345DAD376
S3151000C0107F1E002FC4DA224603A97F98FFF7A5FDDD
S3151000C0200DF5037DBDE8F08F2DE9F041C0B0054652
S3151000C0300E4617469846469C23463A46314602A86F
S3151000C04000F00AF86200434602A928460094FFF75A
S3151000C0506CFF40B0BDE8F0812DE9FF4FC1B00F462F
S3151000C060914698464FEA480103A8FFF786FD4146D8
S3151000C0703846FFF7D5FD834641464846FFF7D0FDC3
S3151000C080824600243AE0002657F8240050B30025D3
S3151000C09026E059F8251057F8240001AB02AA07F03C
S3151000C0A0A9F8601903A951F820003044611903AAB0
S3151000C0B042F82100B04201D2012600E000266019A4
S3151000C0C003A951F8200001990844611903AA42F8FE
S3151000C0D021000199884200D2761C029806446D1CF4
S3151000C0E05545D6D304EB0A0003A951F82000304475
S3151000C0F004EB0A0103AA42F82100641C5C45C2D372
S3151000C1004FEA480203A94198FFF72FFD45B0BDE855
S3151000C110F08FF0B504460D460020202A13D293B1B5
S3151000C120C2F1200600BF5B1E55F8231021FA02F754
S3151000C130074344F8237012B101FA06F700E000270E
S3151000C1403846002BEFD1F0BDF0B504460020D3B130
S3151000C15000BF0E68351A091D6E1C26B91668C6F181
S3151000C160FF35121D0BE01668AE1B35461768C7F172
S3151000C170FF37BE4201D9012000E00020121D20C465
S3151000C1805E1E331EE5D1F0BD2DE9F0470446884604
S3151000C1901646B8F1000F3AD04046FFF7C1FC04200E
S3151000C1A0CEB1042E00D906460F2C30D2E7B20024A9
S3151000C1B0DFF8609059F82700055D25B3691E002049
S3151000C1C0FEF711FFC2B20021124B04EBC4003C3B38
S3151000C1D000EB041C15E00126E6E75018B0FBF5FA53
S3151000C1E005FB1A00C0B253F827A000EB8C001AF812
S3151000C1F0000001EB810AA244C2448AF80200491CDD
S3151000C200C9B2B142E9D3641CE4B2052CD2D3BDE85D
S3151000C210F08700006001002070B50446002C60D045
S3151000C220002525706570002004EB40014D80401CF0
S3151000C23040B23228F8DBA566C4F8845084F88850DA
S3151000C240C4F8F05084F83E5484F8F45084F8A4549A
S3151000C25004F16C00FFF764FC002004EB8001C1F8C8
S3151000C2608C50401C40B21428F7DB0020211881F8AE
S3151000C270DC50401C40B21428F8DB002004EB4001CF
S3151000C280A1F8F650401C40B21428F7DB002004EB4E
S3151000C2904001A1F84054401C40B23228F7DB00217F
S3151000C2A0002001EB810204EBC20202EB4003A3F86B
S3151000C2B01E51401C40B21428F7DB491C49B2142900
S3151000C2C0EEDB84F8A5540020211881F8A65404EB5F
S3151000C2D08001C1F8AC54401C40B20328F4DBC4F80A
S3151000C2E0B85470BD70B50446002C60D0002525707A
S3151000C2F06570002004EB40014D80401C40B232288E
S3151000C300F8DBA566C4F8845084F88850C4F8F05059
S3151000C31084F83E5484F8F45084F8A45404F16C0064
S3151000C320FFF7FEFB002004EB8001C1F88C50401C87
S3151000C33040B21428F7DB0020211881F8DC50401C8D
S3151000C34040B21428F8DB002004EB4001A1F8F650A7
S3151000C350401C40B21428F7DB002004EB4001A1F882
S3151000C3604054401C40B23228F7DB0021002001EB7C
S3151000C370810204EBC20202EB4003A3F81E51401CDB
S3151000C38040B21428F7DB491C49B21429EEDB84F8B5
S3151000C390A5540020211881F8A65404EB8001C1F899
S3151000C3A0AC54401C40B20328F4DBC4F8B85470BD3A
S3151000C3B010B5144600280DD064B1F9F767FD58B1D1
S3151000C3C0F9F7EAFC50B1214600F62C40F9F7A8FC23
S3151000C3D0012010BD002010BD002010BD002010BD92
S3151000C3E02DE9F04104460D46002C7DD0002D7BD062
S3151000C3F02878207068686060287A207205F1090133
S3151000C40004F10900FFF712FB95F8C30B84F8C30B70
S3151000C41000202918221891F8C41B82F8C41B05EBBA
S3151000C420800104EB8002D1F8C81BC2F8C81B401C5F
S3151000C43040B20328EDDBD5F8D40BC4F8D40B286A28
S3151000C440206295F8FC0984F8FC09D5F8000AC4F8AE
S3151000C450000A002606EB460000EBC60005EB40017D
S3151000C46004EB400024312430FFF7E0FA05EB860098
S3151000C47004EB8601D0F8DC01C1F8DC01002006EBE4
S3151000C480C60101EB061205EB820104EB820201EBF9
S3151000C490400302EB4007B3F82C32A7F82C32401CAD
S3151000C4A040B23228F3DB002006EB860105EB810251
S3151000C4B004EB810113180F1893F8043A87F8043A1D
S3151000C4C0401C1428F6DB761C76B2142EC2DBD5F887
S3151000C4D0940BC4F8940B95F8980B84F8980B95F870
S3151000C4E0990B84F8990B00E010E095F8C20B84F8CC
S3151000C4F0C20B002005EB400104EB4002B1F89A1B79
S3151000C500A2F89A1B401C40B21428F3DBBDE8F08158
S3151000C51070B50446002C5AD0002626706660267226
S3151000C52004F10900FFF7FCFA84F8C36B0020211808
S3151000C53081F8C46B04EB8001C1F8C86B401C40B293
S3151000C5400328F4DBC4F8D46B266284F8FC69C4F8BB
S3151000C550006A002505EB450000EBC50004EB400022
S3151000C5602430FFF7DDFA04EB8500C0F8DC6100200B
S3151000C57005EBC50101EB051104EB810101EB40024E
S3151000C580A2F82C62401C40B23228F7DB002005EBE3
S3151000C590850104EB81010A1882F8046A401C40B236
S3151000C5A01428F8DB6D1C6DB2142DD3DBC4F8946B14
S3151000C5B084F8986B84F8996B84F8C26B002004EBAE
S3151000C5C04001A1F89A6B401C40B21428F7DB70BDED
S3151000C5D070B50446002C58D0002626706660267268
S3151000C5E004F10900FFF79CFA84F8C36B00202118A8
S3151000C5F081F8C46B04EB8001C1F8C86B401C40B2D3
S3151000C6000328F4DBC4F8D46B266284F8FC69C4F8FA
S3151000C610006A002505EB450000EBC50004EB400061
S3151000C6202430FFF77DFA04EB8500C0F8DC610020AA
S3151000C63005EBC50101EB051104EB810101EB40028D
S3151000C640A2F82C62401C3228F8DB002005EB85018D
S3151000C65004EB81010A1882F8046A401C1428F9DBDD
S3151000C6606D1C6DB2142DD5DBC4F8946B84F8986BE1
S3151000C67084F8996B84F8C26B002004EB4001A1F892
S3151000C6809A6B401C40B21428F7DB70BD70B5044697
S3151000C690002C48D0002626706660267204F1090028
S3151000C6A0FFF73EFA266284F8FC69C4F8006A002592
S3151000C6B005EB450000EBC50004EB40002430FFF706
S3151000C6C02FFA04EB8500C0F8DC61002005EBC501EC
S3151000C6D001EB051104EB810101EB4002A2F82C627B
S3151000C6E0401C3228F8DB002005EB850104EB8101A4
S3151000C6F00A1882F8046A401C1428F9DB6D1C6DB206
S3151000C700142DD5DBC4F8946B84F8986B84F8996B68
S3151000C71084F8C26B002004EB4001A1F89A6B401C10
S3151000C72040B21428F7DB70BD1EB50C4600210291ED
S3151000C730019100916B4601AA02A900F04FF818B1B9
S3151000C7400020DDE901320DE000201EBDC0EB001116
S3151000C75052F82110A14204D1C0EB001002EB800068
S3151000C7601EBD401C9842F1DB00201EBD1EB50446BE
S3151000C770002002900190009002AB6A4601A9204663
S3151000C78000F02CF820B120460299FFF7CDFF1EBD10
S3151000C79000201EBD3EB50D46002202920192009267
S3151000C7A000246B4601AA02A900F018F830B1029ACB
S3151000C7B022B1002D00DC009D01980AE000203EBD4C
S3151000C7C0C4EB041152F82110A94201D1601C3EBDE0
S3151000C7D0641C8442F4DB00203EBD000030B5002905
S3151000C7E00BD052B14BB105244FF41B5538B101286B
S3151000C7F00BD002280FD0002030BD002030BD0A48D3
S3151000C800086014601D60012030BD0848086014607F
S3151000C8101D60012030BD06480860146042F2F030F9
S3151000C8201860012030BD0000A4F30110D0F40110EF
S3151000C830FCF5011010B500200EF012FF10BD00001F
S3151000C8402DE9F34FADF2247DFEA1DDF828070AF09D
S3151000C850F2FED0F814A0FCA051460BF02DFA44F6C7
S3151000C8608461FC4D0026DFF8F093AAEB01004FF02F
S3151000C87001084FF0FF344FF416778A457ED07EDCE0
S3151000C88044F62761AAEB01008A4579D00CDCAAF59B
S3151000C890804AAAF5626ABAF1070F72D2DFE80AF087
S3151000C8A0FD71FCFBFAF9F8004FF4827A092869D079
S3151000C8B054DC052867D0082863D1E8A1DDF82807DD
S3151000C8C00AF0B9FECDF82007DDF820070AF0AAFE17
S3151000C8D007464FF0000951460DF21460F8F7EDFACD
S3151000C8E037B10620B7FBF0F100FB117000287DD0A0
S3151000C8F0CDF81446D9A1DDF828070AF045FE4121E6
S3151000C9000DF214600AF0D7FD0246D4A1DDF828070F
S3151000C9100AF0B0FDD3A1DDF828070AF08CFE002836
S3151000C92065D0D2A1DDF828070AF085FE40690FF020
S3151000C930A2FC06460F46CBA1DDF828070AF07BFEBF
S3151000C940C0E90667304639460FF066FC0446C5A1B5
S3151000C950DDF828070AF06FFE4461FCE30B287DD052
S3151000C9601728A9D1BDA1DDF828070AF064FE0746ED
S3151000C97038460AF057FECDF8146705E0ECE348E0B8
S3151000C980EBE3B9E1EAE3EAE3CDF81867CDF81C6703
S3151000C990CDF8206710B1042801F02786CDF814478A
S3151000C9A0AEA1DDF828070AF0EFFD04210DF2147090
S3151000C9B00AF081FD0246A9A1DDF828070AF05AFD02
S3151000C9C0A8A1DDF828070AF036FE002801F03F86F8
S3151000C9D0A6A1DDF828070AF02EFE40690FF04BFCE1
S3151000C9E006460F469FA1DDF8280701E0FEE3FEE3A9
S3151000C9F00AF021FEC0E90667304639460FF00CFCF6
S3151000CA00044698A1DDF828070AF015FE446101F0E6
S3151000CA1023BE682801F0C5827DDC652801F0C0813F
S3151000CA2057DC012878D0022801F03481642898D187
S3151000CA308AA1DDF828070AF0FEFD074638460AF0F7
S3151000CA40F1FDCDF81C67CDF82067022801F083812F
S3151000CA50CDF81C4781A1DDF8280700E0F4E30AF0C1
S3151000CA6093FD02210DF21C700AF025FD02467BA1F2
S3151000CA70DDF828070AF0FEFC7AA1DDF828070AF08F
S3151000CA80DAFD002801F0808178A1DDF8280705E09D
S3151000CA90FEE3EAE375E321E232E1BFE00AF0CBFD03
S3151000CAA040690FF0E8FB06460F466EA1DDF8280731
S3151000CAB00AF0C1FDC0E90667304639460FF0ACFBF7
S3151000CAC0044668A1DDF828070AF0B5FD446101F0B7
S3151000CAD060B9662801F0D6816728A8D15FA1DDF874
S3151000CAE028070AF0A8FD0AF09DFD48210DF2DC602A
S3151000CAF0F8F7E3F9CDF8DC860DF29460F8F7E9FD66
S3151000CB000DF29460F8F756FDDDF89806CDF8E006BC
S3151000CB10DDF89C0601E074E0F4E3CDF8E406DDF8F8
S3151000CB20A006CDF8E806DDF8A406CDF8EC06DDF88B
S3151000CB30A806CDF8F006DDF8AC06CDF8F406DDF85B
S3151000CB40B006CDF8F806DDF8B406CDF8FC06DDF82B
S3151000CB50B806CDF80007DDF8BC06CDF80407DDF8F9
S3151000CB60C006CDF80807DDF8C406CDF80C07DDF8C9
S3151000CB70C806CDF81007DDF8CC06CDF81407DDF899
S3151000CB80D006CDF81807DDF8D406CDF81C07DDF869
S3151000CB90D806CDF8200731A1DDF828070AF0F4FCF5
S3151000CBA012210DF2DC600AF086FC02462BA1DDF89C
S3151000CBB028070AF05FFC2BA1DDF828070AF03BFDD9
S3151000CBC0002801F0E28129A1DDF828070AF033FDDB
S3151000CBD040690FF050FB06460F4622A1DDF82807E4
S3151000CBE00AF029FDC0E90667304639460FF014FBF6
S3151000CBF004461CA1DDF828070AF01DFD446101F06A
S3151000CC00C9B969381B4FDFF870A0052874D2DFE860
S3151000CC1010F0670A330B9F0B170C6D0C18210DF2D1
S3151000CC200C70F8F74AF90024F9F78AF900B90124CB
S3151000CC30CDF80C4709A1DDF828070AF0A5FC062156
S3151000CC401CE00000636D64000D0A20436D643A25F4
S3151000CC5064000000C80000207459002064617461EB
S3151000CC60000000007461726765740000736F75725E
S3151000CC7063650000785F00202F5BA6D10DF20C7063
S3151000CC800AF019FC0246AFF22C01DDF828070AF06B
S3151000CC90F1FBAFF23001DDF828070AF0CCFCF8B151
S3151000CCA0AFF23801DDF828070AF0C5FC40690FF02D
S3151000CCB0E2FA06460F46AFF25401DDF828070AF0ED
S3151000CCC0BAFCC0E90667304639460FF0A5FA0446A5
S3151000CCD0AFF27001DDF828070AF0ADFC446105E0FB
S3151000CCE0AFF27801DDF828070AF0A5FCA868DDF890
S3151000CCF0281700680CF0C4F80DF22C7DBDE8F08FF3
S3151000CD00AFF2A801DDF828070AF095FC0AF08AFCB4
S3151000CD1007464FF486710DF5C360F8F7CEF8022F6B
S3151000CD203DD0CDF81846CDF81C66AFF2D001DDF82F
S3151000CD3028070AF029FC43210DF5C3600AF0BBFB56
S3151000CD400246AFF2E801DDF828070AF093FBAFF2CE
S3151000CD50EC01DDF828070AF06EFC00287DD0AFF252
S3151000CD60F401DDF828070AF066FC40690FF083FA33
S3151000CD7006460F46AFF21411DDF828070AF05BFCE1
S3151000CD80C0E90667304639460FF046FA0446AFF258
S3151000CD902C11DDF828070AF04EFC446197E00DF5DA
S3151000CDA0AF6003F015FA012806D0CDF8188609F001
S3151000CDB02DFECDF81C06B8E7CDF81866DDF87C0513
S3151000CDC0CDF82006DDF88005CDF82406DDF88405BB
S3151000CDD0CDF82806DDF88805CDF82C06DDF88C058B
S3151000CDE0CDF83006DDF89005CDF83406DDF894055B
S3151000CDF0CDF83806DDF89805CDF83C06DDF89C052B
S3151000CE00CDF84006DDF8A005CDF84406DDF8A405FA
S3151000CE10CDF84806DDF8A805CDF84C06DDF8AC05CA
S3151000CE20CDF85006DDF8B005CDF85406DDF8C0058E
S3151000CE30CDF85806DDF8C405CDF85C06DDF8D0054A
S3151000CE40CDF86006DDF8D405CDF86406DDF8DC050E
S3151000CE50CDF86806DDF8E00500E032E0CDF86C06A6
S3151000CE60DDF8E405CDF87006DDF8E805CDF87406B2
S3151000CE70DDF8EC05CDF87806DDF8F005CDF87C0682
S3151000CE80DDF8F405CDF88006DDF8F805CDF8840652
S3151000CE90DDF8FC05CDF88806DDF80006CDF88C0621
S3151000CEA0DDF80406CDF89006DDF80C06CDF89406EC
S3151000CEB0DDF81006CDF89806DDF81406CDF89C06B8
S3151000CEC075E7AFF25821DDF828070AF0B4FBA86819
S3151000CED0DDF8281700680BF0D3FF0DE7AFF28421B9
S3151000CEE0DDF828070AF0A7FB074638460AF09AFB32
S3151000CEF0CDF81C67CDF820670E287CD9002138465E
S3151000CF000AF087FB4069CDF88006012138460AF001
S3151000CF1080FB4069CDF88406022138460AF079FB79
S3151000CF204069CDF88806032138460AF072FB40693D
S3151000CF30CDF88C06042138460AF06BFB4069CDF813
S3151000CF409006052138460AF064FB4069CDF8940630
S3151000CF50062138460AF05DFB4069CDF89806072190
S3151000CF6038460AF056FB4069CDF89C06082138462B
S3151000CF700AF04FFB4069CDF8A006092138460AF0A1
S3151000CF8048FB4069CDF8A4060A2138460AF041FB51
S3151000CF904069CDF8A8060B2138460AF03AFB4069DD
S3151000CFA0CDF8AC060C2138460AF033FB4069CDF8B3
S3151000CFB0B0060D2138460AF02CFB4069CDF8C406A0
S3151000CFC00E2138460AF025FB4069CDF8C8060F2118
S3151000CFD038460AF01EFB4069CDF8D40610213846B3
S3151000CFE00AF017FB4069CDF8D806112138460AF029
S3151000CFF010FB406900E072E0CDF8E00612213846D9
S3151000D0000AF007FB4069CDF8E406132138460AF00A
S3151000D01000FB4069CDF8E806142138460AF0F9FA03
S3151000D0204069CDF8EC06152138460AF0F2FA406947
S3151000D030CDF8F006162138460AF0EBFA4069CDF81D
S3151000D040F406172138460AF0E4FA4069CDF8F806D6
S3151000D050182138460AF0DDFA4069CDF8FC06192188
S3151000D06038460AF0D6FA4069CDF800071A21384634
S3151000D0700AF0CFFA4069CDF804071B2138460AF0AA
S3151000D080C8FA4069CDF808071C2138460AF0C1FADB
S3151000D0904069CDF810071D2138460AF0BAFA4069E2
S3151000D0A0CDF814071E2138460AF0B3FA4069CDF8B8
S3151000D0B0180709F0ABFC78B10DF27C6003F096F816
S3151000D0C038B1012802D0CDF81C070AE0CDF81C674C
S3151000D0D007E0CDF81C4704E0CDF81C8701E0CDF839
S3151000D0E01C4709F093FCCDF82007AFF29041DDF80C
S3151000D0F028070AF049FA02210DF21C700AF0DBF932
S3151000D1000246AFF2A841DDF828070AF0B3F9AFF2EC
S3151000D110AC41DDF828070AF08EFA28B3AFF2B44115
S3151000D120DDF828070AF087FA40690FF0A4F80646DA
S3151000D1300F46AFF2D041DDF828070AF07CFAC0E9B5
S3151000D1400667304639460FF067F80446AFF2EC41F1
S3151000D150DDF8280704E09FE3EFE399E1A3E343E258
S3151000D1600AF069FA446105E0AFF20051DDF82807CC
S3151000D1700AF061FAA868DDF8281700680BF080FE3F
S3151000D180BAE5AFF22851DDF828070AF054FA074637
S3151000D19038460AF047FACDF81C67CDF82067022802
S3151000D1A03DD0CDF81C47AFF24C51DDF828070AF0F8
S3151000D1B0EBF902210DF21C700AF07DF90246AFF26E
S3151000D1C06451DDF828070AF055F9AFF26851DDF819
S3151000D1D028070AF030FAB0B3AFF27051DDF828071D
S3151000D1E00AF029FA40690FF046F801E013E34DE31F
S3151000D1F006460F46AFF29451DDF828070AF01BFADF
S3151000D200C0E90667304639460FF006F80446AFF215
S3151000D210AC51DDF828070AF00EFA44611EE0002131
S3151000D22038460AF0F6F9406909F024FB10B1CDF83A
S3151000D2301C6701E0CDF81C87DDF81C0728B100201B
S3151000D240CDF82007AFE703E0C0E309F0DFFBF7E70F
S3151000D250AFF2E851DDF828070AF0EDF9A868DDF815
S3151000D260281700680BF00CFE46E5AFF21061DDF8EA
S3151000D27028070AF0E0F9074638460AF0D3F9CDF840
S3151000D2801C67CDF8206702283DD0CDF81C4700E07A
S3151000D2905EE0AFF23861DDF828070AF075F9022171
S3151000D2A00DF21C700AF007F90246AFF25061DDF874
S3151000D2B028070AF0DFF8AFF25461DDF828070AF004
S3151000D2C0BAF9A0B3AFF25C61DDF828070AF0B3F93A
S3151000D2D040690EF0D0FF06460F46AFF27861DDF8D2
S3151000D2E028070AF0A8F9C0E90667304639460EF055
S3151000D2F093FF0446AFF29461DDF828070AF09BF914
S3151000D30044611EE0FDE3002138460AF082F94069C7
S3151000D31009F04AFB10B1CDF81C6701E0CDF81C8767
S3151000D320DDF81C0720B10020CDF82007AFE702E09A
S3151000D33009F06CFBF8E7AFF2CC61DDF828070AF0CC
S3151000D3407AF9A868DDF8281700680BF099FDD3E480
S3151000D350AFF2F861DDF828070AF06DF90AF062F904
S3151000D36007463C210DF5DD60F7F7A7FD022F3CD0EF
S3151000D370CDF8E846CDF8EC66AFF22071DDF8280757
S3151000D3800AF002F90F210DF5DD600AF094F8024655
S3151000D390AFF23871DDF828070AF06CF8AFF23C717D
S3151000D3A0DDF828070AF047F9E8B3AFF24071DDF867
S3151000D3B028070AF040F940690EF05DFF06460F4651
S3151000D3C0AFF26071DDF828070AF035F9C0E9066793
S3151000D3D0304639460EF020FF0446AFF27871DDF87C
S3151000D3E028070AF028F944614BE00020CDF82806FA
S3151000D3F0CDF82C06CDF82006CDF824060DF23460B3
S3151000D40002F0E6FE0DF5C4610DF5C56007F0B4FF38
S3151000D410DDF84806CDF8D406DDF82806CDF8D8068E
S3151000D420DDF8200600E026E0CDF8DC060DF2D4602B
S3151000D43006F040FBCDF8E8660DF5C56003C8CDF8DB
S3151000D440EC16CDF8F0060DF5C46003C8CDF8F41649
S3151000D450CDF8F806DDF84806CDF8FC06DDF8E0064E
S3151000D460CDF80007DDF8E406CDF8040706F01CFB3E
S3151000D470CDF8080780E7AFF60C01DDF828070AF0AB
S3151000D480DAF8A868DDF8281700680BF0F9FC33E421
S3151000D490AFF63801DDF828070AF0CDF88146484680
S3151000D4A00AF0C0F8B046CDF81C67CDF820670428FE
S3151000D4B03AD0CDF81C47AFF65C01DDF828070AF024
S3151000D4C063F802210DF21C7009F0F5FF0246AFF663
S3151000D4D07401DDF8280709F0CDFFAFF67801DDF805
S3151000D4E028070AF0A8F8E0B3AFF68001DDF82807A0
S3151000D4F00AF0A1F840690EF0BEFE06460F46AFF6DA
S3151000D5009C01DDF828070AF096F8C0E90667304650
S3151000D51039460EF081FE0446AFF6B801DDF828074D
S3151000D5200AF089F8446158E0002148460AF071F87B
S3151000D5300021CDF85816CDF85C160020CDF850060F
S3151000D540CDF85406022148460AF063F84769464664
S3151000D550012148460AF05DF8406906430DF2646001
S3151000D56000E034E002F034FE0DF5CA610DF5CB6033
S3151000D57007F002FFDDF87806CDF80807DDF8580643
S3151000D580CDF80C07DDF85006CDF810070DF2047132
S3151000D59032463B46081D06F015FA012804D0CDF890
S3151000D5A01C47CDF8208786E70DF2047006F0B2FB13
S3151000D5B009F02CFA00EB4001C1EBC010DDF804179E
S3151000D5C0C1F3814101EBC000CDF8200773E7AFF638
S3151000D5D06411DDF828070AF02EF8A868DDF8281778
S3151000D5E000680BF04DFC78E4AFF69011DDF82807D3
S3151000D5F00AF021F8CDF82007DDF820070AF012F816
S3151000D600CDF81C0700240027A2464C210DF2946089
S3151000D610F7F753FC4FF00109DDF81C07E8B3DDF806
S3151000D6201C071221B0FBF1F201FB1200B0B361E04E
S3151000D63004F1010A2146DDF8200709F0EAFFD0F8C7
S3151000D64014B048460DF2946409F1010944F820B06B
S3151000D650BBF1080F02D34FF0000A4BE051460AF116
S3151000D660010ADDF8200709F0D4FF40694A460DF299
S3151000D670946109F1010941F822000AF101045146A9
S3151000D680DDF8200709F0C5FF406949460DF294629E
S3151000D69009F1010942F8210001E02BE026E04FF0E4
S3151000D6A0000A2146641CDDF8200709F0B2FF0DF5CB
S3151000D6B0DC61406941F82A00074449460DF294623C
S3151000D6C009F1010942F821000AF1010ABAF10F0F16
S3151000D6D0E7D3584607F0CEFD18B1C7624FF0010ADE
S3151000D6E001E04FF0000ABAF1010F03D1DDF81C0773
S3151000D6F084429DD3BAF1000F3AD0CDF89466AFF6B6
S3151000D700A421DDF8280709F03FFF13210DF29460DC
S3151000D71009F0D1FE0246AFF6BC21DDF8280709F064
S3151000D720A9FEAFF6C021DDF8280709F084FF10B373
S3151000D730AFF6C821DDF8280709F07DFF40690EF025
S3151000D7409AFD06460F46AFF6E421DDF8280709F0E4
S3151000D75072FFC0E90667304639460EF05DFD044695
S3151000D760AFF60031DDF8280709F065FF446108E0DF
S3151000D770CDF89486C3E7AFF60C31DDF8280709F02B
S3151000D7805AFFA868DDF8281700680BF079FBF7E454
S3151000D79009F1010A4946DDF8200709F03AFF446904
S3151000D7A004B1641E51460AF10109DDF8200709F09B
S3151000D7B030FFD0F814A0494609F10109DDF8200719
S3151000D7C009F027FF4169CDF81C17494609F10109EF
S3151000D7D0DDF8200709F01DFF4169CDF818174946F5
S3151000D7E009F10109DDF8200709F013FFD0F814B08C
S3151000D7F0494609F10109DDF8200709F00AFF4169D8
S3151000D800BF1FCDE900B151462046DDF81837DDF8C7
S3151000D8101C2707F089FC002FBAD1A868C0F80C8025
S3151000D8204FF001080DF21467CDF814660024204657
S3151000D83007F020FD20B308F1010247F828400368DD
S3151000D840511C47F82230426801F1010847F821209F
S3151000D8504146826808F1010847F82120C16808F19D
S3151000D860010347F8281041695A1C47F82310C36969
S3151000D870511C47F82230006A01F1010847F82100CF
S3151000D880641CE4B2082CD2D3FFF734B8AFF62441A7
S3151000D890DDF8280709F0CFFEA868DDF8281700681C
S3151000D8A00BF0EEFA6CE4AFF64C41DDF8280709F000
S3151000D8B0C2FE09F0B7FE8046002751460DF5C4603A
S3151000D8C0F7F7FBFAB8F1000F38D04FF001080DF555
S3151000D8D0C464CDF82066384607F0CCFC40B308F196
S3151000D8E00101C9B244F828704A1C0368D2B244F840
S3151000D8F02130511C4368C9B244F822304A1C83684F
S3151000D900D2B244F82130511CC668CBB244F822601A
S3151000D910591C4269C9B244F823204A1CC369D2B2C1
S3151000D92044F82130016A501C00F0FF0844F8221018
S3151000D9307F1CFFB2082FCED302E0A6E0CDF820461A
S3151000D940AFF6E841DDF8280709F01EFE41210DF576
S3151000D950C46009F0B0FD0246AFF60051DDF82807A5
S3151000D96009F088FDAFF60451DDF8280709F063FECB
S3151000D970F8B1AFF60851DDF8280709F05CFE4069EA
S3151000D9800EF079FC06460F46AFF62851DDF828074B
S3151000D99009F051FEC0E90667304639460EF03CFCE8
S3151000D9A00446AFF64051DDF8280709F044FE4461FD
S3151000D9B005E0AFF64851DDF8280709F03CFEA868E7
S3151000D9C0DDF8281700680BF05BFA4DE4AFF67451DA
S3151000D9D0DDF8280709F02FFE09F024FECDF81C67A4
S3151000D9E0CDF8206702283AD0CDF81C47AFF69451EF
S3151000D9F0DDF8280709F0C8FD02210DF21C7009F0A8
S3151000DA005AFD0246AFF6AC51DDF8280709F032FD93
S3151000DA10AFF6B051DDF8280709F00DFE40B3AFF6AA
S3151000DA20B451DDF8280709F006FE40690EF023FC14
S3151000DA3006460F46AFF6D451DDF8280709F0FBFD70
S3151000DA40C0E90667304639460EF0E6FB0446AFF6E7
S3151000DA50EC51DDF8280709F0EEFD44610EE006F002
S3151000DA6051F800F00F00CDF81C07CDF82067BDE780
S3151000DA70AFF60861DDF8280709F0DDFDA868DDF8C6
S3151000DA80281700680BF0FCF961E4AFF63061DDF899
S3151000DA90280709F0D0FD09F0C5FD39460DF2CC4036
S3151000DAA0F7F70BFAAFF64C61DDF8280709F06CFDB5
S3151000DAB096210DF2CC4009F0FEFC0246AFF66461E9
S3151000DAC0DDF8280709F0D6FCAFF66861DDF82807FF
S3151000DAD009F0B1FD08B3AFF66C61DDF8280709F05F
S3151000DAE0AAFD40690EF0C7FB06460F46AFF68C61DD
S3151000DAF0DDF8280709F09FFDC0E90667304639466C
S3151000DB0000E017E00EF088FB0446AFF6A861DDF8DA
S3151000DB10280709F090FD446105E0AFF6B061DDF825
S3151000DB20280709F088FDA868DDF8281700680BF0AB
S3151000DB30A7F90CE4AFF6DC61DDF8280709F07BFDE8
S3151000DB408346584609F06EFD39460DF2CC40F7F77C
S3151000DB50B4F9CDF8C864DFF81CA5DAF8000004683B
S3151000DB6090F8367C90F8231C90F8220CA1EB000953
S3151000DB7003A8FEF751FB0021584609F04AFD4069FB
S3151000DB800290029807F076FB8346DBF82C10B1FB67
S3151000DB90F7F78DF80C60B9F1000F01D08DF80C80F5
S3151000DBA09DF80C0018B90022029807F059FA0DF5E5
S3151000DBB0996303AA394658460094F7F78DFC9DF8E9
S3151000DBC00C00E8B3DAF8000090F8231C90F8222C29
S3151000DBD0914206D1B0F8282C7A430021029807F01A
S3151000DBE03FFA22460DF2CC4103A8F7F703FDAFF634
S3151000DBF09471DDF8280709F0C7FC96210DF2CC4088
S3151000DC0009F059FC0246AFF6AC71DDF8280709F0A9
S3151000DC1031FCAFF6B071DDF8280709F00CFD68B3DA
S3151000DC20AFF6B871DDF8280709F005FD40690EF06A
S3151000DC3022FB06460F46AFF6D471DDF8280700E042
S3151000DC4010E009F0F8FCC0E90667304639460EF0D8
S3151000DC50E3FA0446AFF6F471DDF8280709F0EBFC99
S3151000DC60446110E03F991D980844DDF8C41407FB81
S3151000DC7000120021029807F0F3F9B2E7FE49DDF829
S3151000DC80280709F0D8FCA868DDF8281700680BF0FB
S3151000DC90F7F8A8E4F849DDF82807103909F0CBFCA5
S3151000DCA009F0C0FCCDF81C67CDF8206700270128C5
S3151000DCB039D0CDF81C47F049DDF82807103909F09E
S3151000DCC063FC02210DF21C7009F0F5FBEA490246CD
S3151000DCD01039DDF8280709F0CDFBE749DDF82807EC
S3151000DCE0083909F0A8FC50B3E349DDF8280709F014
S3151000DCF0A2FC40690EF0BFFA0F46DF490646083906
S3151000DD00DDF8280709F097FCC0E906673046394662
S3151000DD100EF082FAD84904460839DDF8280709F0CA
S3151000DD208AFC446110E0D548FDF76AF9384607F0D9
S3151000DD30A1FACDF81C674069CDF82007BBE7CE499C
S3151000DD40DDF8280709F077FCA868DDF828170068C1
S3151000DD500BF096F847E40021384609F05AFC44695E
S3151000DD600DF5E360F7F76AFC0DF5E360F7F75DFC78
S3151000DD702046F7F7A3FB00283EF46CAECDF81C47FF
S3151000DD80CDF82067FEF766BEBB49DDF8280709F017
S3151000DD9052FCA868DDF8281700680BF071F822E429
S3151000DDA0B7A009F089FFB449DDF82807103909F042
S3151000DDB042FC09F037FCCDF81467CDF81867CDF89A
S3151000DDC01C67CDF8206701260DF214770024DFF8C2
S3151000DDD0C482C4EBC40008EBC0000C30FDF7A0FBF6
S3151000DDE03146761C47F82100641CE4B2032CF0D3AC
S3151000DDF0A9A009F061FFA049DDF82807103909F03C
S3151000DE00C3FB04210DF2147009F055FB9A49024622
S3151000DE101039DDF8280709F02DFB9749DDF828079A
S3151000DE20083909F008FCF0B19349DDF8280709F024
S3151000DE3002FC40690EF01FFA0F468F490646083954
S3151000DE40DDF8280709F0F7FBC0E9066730463946C2
S3151000DE500EF0E2F9884904460839DDF8280709F07A
S3151000DE60EAFB446104E08449DDF8280709F0E3FB86
S3151000DE70A868DDF8281700680BF002F88CA009F0E6
S3151000DE801BFF84E47C49DDF82807103909F0D3FB21
S3151000DE908046404609F0C6FB8146CDF8206700272C
S3151000DEA00DF21C70F7F7CAFBB9F1040F39D0CDF893
S3151000DEB020477149DDF82807103909F065FB012163
S3151000DEC00DF5E46009F0F7FA6B4902461039DDF8F2
S3151000DED0280709F0CFFA6849DDF82807083909F04C
S3151000DEE0AAFBE0B36449DDF8280709F0A4FB4069F2
S3151000DEF00EF0C1F90F46604906460839DDF82807C5
S3151000DF0009F099FBC0E90667304639460EF084F9E8
S3151000DF10594904460839DDF8280709F08CFB446195
S3151000DF202CE039460124404609F073FB007D8DF83C
S3151000DF301C0702272146404609F06BFB007D8DF831
S3151000DF401D0739460324404609F063FB007D8DF812
S3151000DF501E072146404609F05CFB007D00E008E004
S3151000DF608DF81F070DF21C70F7F75FFBCDF82067D1
S3151000DF709FE74149DDF8280709F05DFBA868DDF841
S3151000DF80281700680AF07CFF8CE43B49DDF8280767
S3151000DF9009F051FBA868DDF8281700680AF070FF31
S3151000DFA080E43549DDF82807103909F044FB80462E
S3151000DFB0404609F037FB0746CDF8206750210DF58E
S3151000DFC0DA60F6F77AFF781E132817D800240DF5B5
S3151000DFD0DA6607E02146404609F01BFB406946F821
S3151000DFE02400641CBC42F5D30DF5E46239460DF5E8
S3151000DFF0DA60F7F70EFBCDF8200701E0CDF82067C1
S3151000E0001D49DDF82807103909F0BEFA01210DF572
S3151000E010E46009F050FA184902461039DDF828076D
S3151000E02009F028FA1449DDF82807083909F003FB26
S3151000E030F0B11149DDF8280709F0FDFA40690EF034
S3151000E0401AF90F460C4906460839DDF8280709F073
S3151000E050F2FAC0E90667304639460EF0DDF8064991
S3151000E06004460839DDF8280709F0E5FA446130E07E
S3151000E0702AE00000040100206CCC0010705F002024
S3151000E0800D0A205B32303230315D20656E74657258
S3151000E09000000000506B00200D0A205B3230323039
S3151000E0A0315D206265666F726520777269746500EE
S3151000E0B00D0A205B32303230315D20616674657234
S3151000E0C02077726974650000FE49DDF8280709F0AB
S3151000E0D0B2FAA868DDF8281700680AF0D1FE74E4D1
S3151000E0E0F849DDF82807103909F0A5FA09F09AFA67
S3151000E0F074210DF5D660F6F7E0FECDF8B086E02176
S3151000E1000DF5BA60F6F7D9FE0DF5BA6000F072FF9C
S3151000E110DDF8D005CDF8B406DDF8D805CDF8B8068B
S3151000E120DDF8E005CDF8BC06DDF8E805CDF8C0064B
S3151000E130DDF8F005CDF8C406DDF8F805CDF8C8060B
S3151000E140DDF80006CDF8CC06DDF80806CDF8D006C9
S3151000E150DDF81006CDF8D406DDF81806CDF8D80689
S3151000E160DDF82006CDF8DC06DDF82806CDF8E00649
S3151000E170DDF83006CDF8E406DDF83806CDF8E80609
S3151000E180DDF84006CDF8EC06DDF84806CDF8F006C9
S3151000E190DDF85006CDF8F406DDF85806CDF8F80689
S3151000E1A0DDF86006CDF8FC06DDF89806CDF8000718
S3151000E1B0DDF8A006CDF80407DDF8A806CDF80807A7
S3151000E1C0DDF86806CDF80C07DDF87006CDF81007F7
S3151000E1D0DDF87806CDF81407DDF88006CDF81807B7
S3151000E1E0DDF88806CDF81C07DDF89006CDF8200777
S3151000E1F0B449DDF82807103909F0C6F91D210DF5C7
S3151000E200D66009F058F9AF4902461039DDF82807EB
S3151000E21009F030F9AB49DDF82807083909F00BFA8F
S3151000E220F0B1A849DDF8280709F005FA40690EF0A3
S3151000E23022F80F46A34906460839DDF8280709F0E3
S3151000E240FAF9C0E90667304639460DF0E5FF9D49F3
S3151000E25004460839DDF8280709F0EDF9446104E0B1
S3151000E2609849DDF8280709F0E6F9A868DDF82817B7
S3151000E27000680AF005FE07E49249DDF82807103910
S3151000E28009F0D9F909F0CEF918210DF20C70F6F74C
S3151000E29014FECDF80C87002000F060FBCDF81007B7
S3151000E2A0012000F05BFBCDF81407022000F056FBAE
S3151000E2B0CDF81807032000F051FBCDF81C070420F9
S3151000E2C000F04CFBCDF820077E49DDF82807103901
S3151000E2D009F05AF906210DF20C7009F0ECF879499B
S3151000E2E002461039DDF8280709F0C4F87549DDF83B
S3151000E2F02807083909F09FF9F0B17249DDF82807A7
S3151000E30009F099F940690DF0B6FF0F466D490646BA
S3151000E3100839DDF8280709F08EF9C0E90667304696
S3151000E32039460DF079FF674904460839DDF82807A4
S3151000E33009F081F9446104E06249DDF8280709F023
S3151000E3407AF9A868DDF8281700680AF099FDA0E4A4
S3151000E3501C210DF5E160F6F7B0FDB0210DF5CB608F
S3151000E360F6F7ABFDA0210DF5B760F6F7A6FD0DF596
S3151000E370CB6000F0BFFA0DF5B76001F029FF012858
S3151000E38039D0CDF808674F49DDF82807103909F05C
S3151000E390FBF807210DF5E16009F08DF849490246B1
S3151000E3A01039DDF8280709F065F84649DDF8280721
S3151000E3B0083909F040F9B0B34249DDF8280709F0E9
S3151000E3C03AF940690DF057FF0F463E49064608399F
S3151000E3D0DDF8280709F02FF9C0E9066730463946F7
S3151000E3E00DF01AFF374904460839DDF8280709F0F9
S3151000E3F022F944611DE0CDF808879DF85806CDF83E
S3151000E4000C07DDF85416CDF81017DDF85C16FEF77C
S3151000E410C1F9CDF81407CDF81887CDF81C67192067
S3151000E420CDF82007AFE7FFE72649DDF8280709F002
S3151000E43002F9A868DDF8281700680AF021FD28E41B
S3151000E440CDF81C67CDF8206700F0A2FF00F04CFA5B
S3151000E4503846F7F73EF9C9F804A6CDF81C871949CE
S3151000E460DDF82807103909F08FF802210DF21C701B
S3151000E47009F021F8134902461039DDF8280708F08B
S3151000E480F9FF1049DDF82807083909F0D4F808B360
S3151000E4900C49DDF8280709F0CEF840690DF0EBFEBF
S3151000E4A00F46084906460839DDF8280709F0C3F86B
S3151000E4B0C0E90667304639460DF0AEFE01490446FE
S3151000E4C0083901E06CCC0010DDF8280709F0B3F824
S3151000E4D0446104E06449DDF8280709F0ACF8A8683F
S3151000E4E0DDF8281700680AF0CBFC33E45E49DDF846
S3151000E4F02807103909F09FF88046404609F092F82F
S3151000E500CDF820670026022825D10021404609F0C3
S3151000E51080F8067D0121404609F07BF8D0F814807A
S3151000E52000213046F7F786F828B14046F7F77EF80F
S3151000E53008B1012600E000266EB100F0D5F9384684
S3151000E540F7F7C7F8C9F804A621462046F7F774F876
S3151000E5502046F7F76DF80EB1012000E00020CDF847
S3151000E56020074149DDF82807103909F00DF8012177
S3151000E5700DF5E46008F09FFF3B4902461039DDF8BF
S3151000E580280708F077FF3849DDF82807083909F019
S3151000E59052F8F0B13449DDF8280709F04CF8406913
S3151000E5A00DF069FE0F46304906460839DDF8280792
S3151000E5B009F041F8C0E90667304639460DF02CFEE1
S3151000E5C0294904460839DDF8280709F034F844616A
S3151000E5D004E02549DDF8280709F02DF8A868DDF8CC
S3151000E5E0281700680AF04CFC4BE40021384609F065
S3151000E5F010F80121384609F00CF8D0F814A00221C1
S3151000E600384609F006F890F814800321384609F0C8
S3151000E61000F84469504606F02DFE0746D7F814B0A8
S3151000E62022460021504606F01BFD7869CDF8146786
S3151000E630CDF81847CDF81CB7CDF8200789F8FE8518
S3151000E640C9F800462046F6F7BBFFFEF7A9B90649FA
S3151000E650DDF8280708F0EFFFA868DDF8281700682E
S3151000E6600AF00EFC0DE400006CCC001002480068A5
S3151000E670401C0149086070478406002010B5B82177
S3151000E6800B4805F043FB0DF057F918B1BDE81040E3
S3151000E69000F03EB80DF066F900F08AFE032000F097
S3151000E6A095FEBDE81040012102A009F005BB00004F
S3151000E6B0706E00200D0A205B54435D2072756E74D7
S3151000E6C0696D65207065727369737420626C6F6210
S3151000E6D020696E69742F7265696E69742076657229
S3151000E6E073696F6E3D25752064656661756C744C33
S3151000E6F0763D330010B50DF01FF908B90DF032F95B
S3151000E700BDE8104001480DF027B90000706E0020DA
S3151000E71010B50DF011F9002804D0BDE810400248DC
S3151000E7200DF030B910BD0000706E00202DE9F047D5
S3151000E730002977D04C4D4E68D5E90434C0FB063419
S3151000E740C5E9043491F900700024C317D617022FB7
S3151000E75004D0032F13D0042F22D038E0D1F8007A3A
S3151000E760D5E9068CA7FB009A04FB00AA07FB03A7B2
S3151000E77018EB09084CEB070CC5E9068C27E0D1F815
S3151000E780947BD5E9088CA7FB009A04FB00AA07FB2B
S3151000E79003A718EB09084CEB070CC5E9088C16E023
S3151000E7A0D1F8947BD5E90A8CA7FB009A04FB00AA42
S3151000E7B007FB03A718EB09084CEB070CC5E90A8CF5
S3151000E7C0D5E90CC71CEB020C7741C5E90CC7D5F887
S3151000E7D060C1D5F86471D1F80480C0FB08C7C5F8CC
S3151000E7E060C1C5F8647191F90070022F1CD0032F17
S3151000E7F02AD0042F16D1D1F8941B05F5BC75A1FBB0
S3151000E800008904FB0090D5E900C701FB03001CEB4F
S3151000E81008014741C5E90017D5E90210891870416A
S3151000E820C5E90210BDE8F087D1F8001A05F5B475F0
S3151000E830A1FB007C04FB00C0D5E9006201FB0300CC
S3151000E840F119424106C5EDE7D1F8941B05F5B875E7
S3151000E850A1FB007C04FB00C0D5E9006201FB0300AC
S3151000E860F119424106C5DDE71802002070B50446CD
S3151000E8700D4600210846091BA84102DB002001466F
S3151000E88070BD104600F01CF80146C217A4FB010328
S3151000E89005FB013104FB021142F210720023F6F758
S3151000E8A01AF870BD01460548D0F89C01884203DB72
S3151000E8B04042884200DC08467047000018020020DB
S3151000E8C0002801DA0020704742F210718842FADD02
S3151000E8D008467047002801DA0020704742F210718E
S3151000E8E08842FADD08467047E0210148F6F7E5BA96
S3151000E8F018020020002803D0B0220249F6F781BA88
S3151000E90070470000F8020020FFF7F4BE10B5002093
S3151000E9100A4CD4F8E410002903DD94F8E000FDF762
S3151000E92003FF18B994F8E000FDF720FF002804D182
S3151000E930BDE810400120FDF719BF10BD18020020D8
S3151000E94010B502460846002804DC1046FDF70EFFF7
S3151000E95008B1006810BD002010BD000010B50346B8
S3151000E960002001460D4A052B07D2DFE803F0030706
S3151000E9700B0F130052F8F80F516810BD02F5807294
S3151000E98003CA10BD02F5847203CA10BD02F588725F
S3151000E99003CA10BD02F58C7203CA10BD18020020FE
S3151000E9A010B580FB010142F210720023F5F793FFB8
S3151000E9B010BD00002DE9FF5F86B01446DDF858B093
S3151000E9C014981D46DDF81CA00AFB00FABBF1000FD7
S3151000E9D002D1FFF79BFF83465946504600F048FB8D
S3151000E9E0FD48D0E9022112196941C0E902211598A2
S3151000E9F078B115980078042803D0DDE9170100F0E6
S3151000EA0087FC15980178F448F8300590012904D050
S3151000EA1019E001200AB0BDE8F09F1598406800285B
S3151000EA2011DD079981FB00431D46EB4E22462B460E
S3151000EA30D6F8A011D6F8B001CDE900A1029005983C
S3151000EA4000F046FD88B1BBF1000F0DD015980023DC
S3151000EA5090F900100798C01702290FD0DF4A0492C8
S3151000EA6003297DD004297CD029E2D6E91801401C5F
S3151000EA7041F10001C6E918010020CBE71599D1F83C
S3151000EA80002A0799A2FB014503FB015102FB001561
S3151000EA90DBF8240080FB0A10611A75EB000011DA0E
S3151000EAA0CD488030D0E90012491C42F10002C0E97D
S3151000EAB00012D0E90612491C42F10002C0E9061202
S3151000EAC00020A7E7DBF8280080FB0A10091BA841E5
S3151000EAD011DAC1488030D0E90012491C42F1000217
S3151000EAE0C0E90012D0E90812491C42F10002C0E93F
S3151000EAF0081200208EE715990798496880FB016770
S3151000EB0000210846891BB8410EDADFF8CC8232465E
S3151000EB103B46D8F8A011D8F8B001CDE900A1029073
S3151000EB20059800F0D5FC08B3DFF8AC8222462B46D8
S3151000EB30D8F8A411D8F8B401CDE900A1029008F5CF
S3151000EB40807000F0C5FCD0B1D8F8E800002801DAD2
S3151000EB50DBF81800D8F848110844FFF7B1FE01E0B9
S3151000EB6048E0FFE000F050FAE8B1A8E1D8E9180152
S3151000EB70401C41F10001C8E9180100204AE70021B4
S3151000EB800846891BB84105DAD8E93E018019794152
S3151000EB90C8E93E01D8E91A01401C41F10001C8E953
S3151000EBA01A01002036E700210846091BA8410DDA94
S3151000EBB020462946D8F8C021FFF758FE08F580727E
S3151000EBC00CCA801808F58072594103C20021084604
S3151000EBD0891BB84105DAD8E93E1089197841C8E988
S3151000EBE03E10D8E93201401C41F10001C8E932015A
S3151000EBF000200FE71599D1F8942B0799A2FB014530
S3151000EC0003FB015102FB0015DBF82C0080FB0A10F8
S3151000EC10611A75EB000011DA70488038D0E90012DD
S3151000EC20491C42F10002C0E90012D0E90812491C41
S3151000EC3042F10002C0E908120020EBE6DBF83000D2
S3151000EC4080FB0A10091BA84111DA64488038D0E904
S3151000EC500012491C42F10002C0E90012D0E90A1262
S3151000EC60491C42F10002C0E90A120020D2E61599A9
S3151000EC700798496880FB016700200146801BB9414F
S3151000EC800EDADFF8548132463B46D8F8A011D8F890
S3151000EC90B001CDE900A10290059800F019FCE8B189
S3151000ECA0DFF8348122462B46D8F8A811D8F8B801D7
S3151000ECB0CDE900A10290049800F00AFCB8B1D8F88A
S3151000ECC0EC00002801DADBF81C00D8F84C110844D7
S3151000ECD0FFF7F6FD00F098F9E8B1F0E0D8E9180171
S3151000ECE0401C41F10001C8E91801002092E60021FC
S3151000ECF00846891BB84105DAD8E93E1089197841CA
S3151000ED00C8E93E10D8E91C01401C41F10001C8E9D0
S3151000ED101C0100207EE600210846091BA8410DDAD9
S3151000ED2020462946D8F8C421FFF7A0FD08F58472BD
S3151000ED300CCA801808F58472594103C2002108468E
S3151000ED40891BB84105DAD8E93E1089197841C8E916
S3151000ED503E10D8E93401401C41F10001C8E93401E4
S3151000ED60002057E64FF00008C1461599D1F8942BAC
S3151000ED700799A2FB016403FB014102FB00171598DA
S3151000ED800799406881FB0045189848B318980068A1
S3151000ED90002844DD80464FEAE079DBF8340080FB3A
S3151000EDA00A01B8EB000079EB01001ADA0B48783843
S3151000EDB0D0E90012491C42F10002C0E90012D0E964
S3151000EDC00A12491C42F10002C0E90A12DDE91701D4
S3151000EDD000F09EFA00201DE61802002020030020F5
S3151000EDE01DE0DBF8380080FB0A10B1EB080170EB70
S3151000EDF0090014DA7E48D0E90012491C42F10002DB
S3151000EE00C0E90012D0E90C12491C42F10002C0E917
S3151000EE100C12DDE9170100F07BFA0020FAE500215B
S3151000EE200846091BA8410EDA7148224690382B462F
S3151000EE30D0F8B011D0F8A0010291CDE900A0059844
S3151000EE4000F046FBF0B300210846891BB8410EDAE4
S3151000EE506748324690383B46D0F8B811D0F8A8012A
S3151000EE600291CDE900A0049800F032FB58B318982F
S3151000EE7028B318980068002821DD5D48424690386E
S3151000EE804B46D0F8BC11D0F8AC010291CDE900A0E8
S3151000EE905748803000F01CFB80B3DFF854A1AAF16C
S3151000EEA0900ADAF8F000002801DADBF82000DAF828
S3151000EEB050110844FFF704FD00F0A6F8D8B31898CF
S3151000EEC030B101E00BE01AE018980268002A00DC65
S3151000EED0002215990798FFF729FC01209AE5444866
S3151000EEE09038D0E91812491C42F10002C0E91812F4
S3151000EEF0DDE9170100F00CFA00208BE51CE000217B
S3151000EF000846091BA84107DA39486830D0E90021BC
S3151000EF1012196941C0E9002135489038D0E91C1210
S3151000EF20491C42F10002C0E91C12DDE9170100F08C
S3151000EF30EFF900206EE528E000210846091BA841DC
S3151000EF4007DA2B486830D0E9002112196941C0E967
S3151000EF50002100210846891BB84107DA2448783079
S3151000EF60D0E9002192197941C0E900212048903852
S3151000EF70D0E91E12491C42F10002C0E91E12DDE959
S3151000EF80170100F0C5F9002044E500210846091BC9
S3151000EF90A84105DADAE93E1009196841CAE93E10B6
S3151000EFA000210846891BB84109DADAF80811DAF89F
S3151000EFB00C0189197841CAF80811CAF80C01DAF857
S3151000EFC01011DAF8140111EB080140EB0900CAF828
S3151000EFD01011CAF81401DAE93601401C41F100019A
S3151000EFE0CAE93601DDE9170100F092F9002011E5B2
S3151000EFF0A8020020002803D0E0220249F5F701BF3D
S3151000F000704700001802002010B50446002C01DAE3
S3151000F010002010BD42F210718C4200DD0C4600201B
S3151000F020FBF7E1FFA04201DC012010BD002010BD5E
S3151000F03010B50446002C17D0204600F0D3F800284F
S3151000F04012D0B02221460948F5F7DBFE074C68348A
S3151000F0502068FFF727FC20606068FFF723FC6060DC
S3151000F060A068FFF71FFCA06010BD0000F80200208A
S3151000F0702DE9F05F074642F21074A0104FF4FA68BB
S3151000F08041F2883A4FF4FA790025002908D00C6825
S3151000F0904868D1F80880D1F80CA0D1F810904D69C5
S3151000F0A0FFF718FC06464046FFF714FC804650460C
S3151000F0B0FFF710FC83464846FFF70CFC81462846AE
S3151000F0C0FFF708FC824687FB04453046A4FB002365
S3151000F0D005FB0630F117414E04FB0101D6E90A0380
S3151000F0E0101859413E4F00233A46F5F7F4FBD6E97E
S3151000F0F000CE10EB0C0041EB0E01C6E90001C6E98B
S3151000F1000A234046A4FB002305FB08304FEAE871AA
S3151000F11004FB0101D6E90C03101859413A460023A5
S3151000F120F5F7D9FBD6E902C810EB0C0041EB080144
S3151000F130C6E90201C6E90C235846A4FB002305FBC9
S3151000F1400B304FEAEB7104FB0101D6E90E031018E0
S3151000F15059413A460023F5F7BEFBD6E904C810EB31
S3151000F1600C0041EB0801C6E90401C6E90E23484626
S3151000F170A4FB002305FB09304FEAE97104FB0101EA
S3151000F180D6E91003101859413A460023F5F7A3FBA8
S3151000F190D6E906C810EB0C0041EB0801C6E90601DA
S3151000F1A0C6E910235046A4FB002305FB0A304FEA9C
S3151000F1B0EA7104FB0101D6E91203101859413A46C7
S3151000F1C00023F5F788FBD6E9084500196941C6E919
S3151000F1D00801C6E91223BDE8F09F000010030020C5
S3151000F1E000E1F50510B50446002C06D0207801285C
S3151000F1F005D0022803D0002010BD002010BD616884
S3151000F200002902DA4FF0000010BD02DDFDF78CFA7E
S3151000F21038B1A16842F21270491C814203D3002012
S3151000F22010BD002010BDE168491C814201D30020A9
S3151000F23010BD2169491C814201D3002010BD012057
S3151000F24010BD000010B50F48002907D0D0E91421D1
S3151000F250521C41F10001C0E9142106E0D0E9161252
S3151000F260491C42F10002C0E91612D0F88811491C57
S3151000F270C0F88811FFF74AFB00F05CF9BDE81040B2
S3151000F280FFF742BB1802002010B50948D0E9003438
S3151000F290C1FB0234C0E90034D0F85841D0F85C31D3
S3151000F2A0C1FB0243C0F85841C0F85C3110BD0000E4
S3151000F2B018020020F0B4002825DD144BC417D3E93A
S3151000F2C00E2112186141C3E90E21D3E91012491C0F
S3151000F2D042F10002C3E9101203F58C7106C90D1A2A
S3151000F2E072EB040506DAD3E912566D1C46F10006D8
S3151000F2F0C3E91256081A03F58C7362EB040205C3B0
S3151000F300F0BCFFF701BBF0BC7047000018020020EC
S3151000F3100022002902D00B68002B03DC002800D045
S3151000F320027070470A600028FBD002707047000018
S3151000F33016480022026042608260C26000210161AC
S3151000F34041618261C261016241628262C26202638C
S3151000F35042638263C263026442648264C26401656A
S3151000F360416581650023036643668366C36603674A
S3151000F37043678367C367C0F88030C0F88430C0F82D
S3151000F380883040F88C3F4160704700001003002021
S3151000F39010B506484FF0FF31016041608160FFF7FC
S3151000F3A0C7FFBDE81040FFF7AFBA0000000300200A
S3151000F3B005480121017000214160491E8160C1602C
S3151000F3C00161FFF7B5BF0000F8020020FEB5054643
S3151000F3D00021029101910091691E0C46052901D365
S3151000F3E00020FEBD0D4E6B4601AA96F8E00002A95C
S3151000F3F0FDF7F4F930B1029911B10198854203DD98
S3151000F4000020FEBD0020FEBDC4EB041051F82010F4
S3151000F41096F8E00000F010F8FEBD0000180200207B
S3151000F420002801DA4FF0FF300249C1F8F000FFF76B
S3151000F4306BBA0000180200202DE9F04104460F4671
S3151000F440194D95F8E060D5F8E480012C04D0022C13
S3151000F45002D00020BDE8F081002F05DC85F8E040E1
S3151000F4600020C5F8E40008E039462046FDF75CF9AF
S3151000F470C0B185F8E040C5F8E47041463046FFF764
S3151000F4805FFA0446E03528786968FFF759FA297853
S3151000F490B14201D1844201D0FFF74AFFFFF734FA97
S3151000F4A00120D7E70020D5E7180200204FF0FF33E0
S3151000F4B0002800DA1846054AC2F8E800002900DAE2
S3151000F4C01946C2F8EC10FFF71FBA00001802002008
S3151000F4D0F0B5DDE905C1002806D000252C46AD1A89
S3151000F4E09C4103DB0120F0BD0020F0BDD0E90045B2
S3151000F4F0A61A75EB030605DBA11A65EB030522C0F8
S3151000F5000120F0BDA61A65EB030700234A4263EB00
S3151000F510E173A2FB0C1503FB0C534FEAEC7402FBD0
S3151000F5200432711A77EB020101DA0020F0BDC0C077
S3151000F5300120F0BD2DE9F84F0446002C11D0684E7D
S3151000F540D6F89011D6F8880188420ADB06F5AC7118
S3151000F55000220AC9511A72EB030004DB0020C6F818
S3151000F5608801BDE8F88FA1682068FFF719FA81466F
S3151000F570E1682068FFF714FA824621692068FFF7D0
S3151000F5800FFA009006F5AC7642F21072D6E904171F
S3151000F590A1FB020C07FB02C20023D6E9004501FBC2
S3151000F5A003212B462246F5F796F90746D6E9062398
S3151000F5B0D6E90810511843EB0002134642F21072B6
S3151000F5C0A1FB020803FB02824FF0000C01FB0C2189
S3151000F5D02B462246F5F77FF98046D6E90A1342F202
S3151000F5E01072A1FB020B03FB02B24FF0000C01FBE1
S3151000F5F00C212B462246F5F76EF90146306CA6F51E
S3151000F600AC76C2194A4507DAD6F89431D6F84821AD
S3151000F6101A44C6F848210AE000EB0902BA4206DA93
S3151000F620D6F89431D6F84821D21AC6F8482100EBFC
S3151000F6300802524507DAD6F89431D6F84C211A4406
S3151000F640C6F84C210AE000EB0A02424506DAD6F863
S3151000F6509431D6F84C21D21AC6F84C21009A431888
S3151000F660934207DAD6F89411D6F850010844C6F832
S3151000F67050010AE0009A1044884206DAD6F894112E
S3151000F680D6F85001401AC6F85001D6F84811D6F8E7
S3151000F6909C01814201DDC6F84801D6F84821414255
S3151000F6A08A4201DAC6F84811D6F84C21824201DDA9
S3151000F6B0C6F84C01D6F84C218A4201DAC6F84C112C
S3151000F6C0D6F85021824201DDC6F85001D6F8500115
S3151000F6D0884201DAC6F850110020C6F8880140E7C2
S3151000F6E01802002010B5F3F769F810BD490050EA6A
S3151000F6F0C12018BF04204A0D18BF40F0010040F287
S3151000F700FF72B2EB515F08BF40F00200012808BF3C
S3151000F710052070472DE9F0414F1E00EBC701044646
S3151000F720D1E9000115461E4637F006020DD02A46CD
S3151000F73033460CF007FE7F1E04EBC703D3E9002304
S3151000F7400CF01AFB37F00602F1D1022F25D0042F48
S3151000F75013D0062F18BFBDE8F0812A4633460CF0A9
S3151000F760F1FDD4E90A230CF007FB2A4633460CF0C8
S3151000F770E9FDD4E908230CF0FFFA2A4633460CF0CB
S3151000F780E1FDD4E906230CF0F7FA2A4633460CF0CD
S3151000F790D9FDD4E904230CF0EFFA2A4633460CF0CF
S3151000F7A0D1FDD4E902230CF0E7FA2A4633460CF0D1
S3151000F7B0C9FDD4E90023BDE8F0410CF0DDBA000024
S3151000F7C02DE9F0470F4615461E4605F0080CBCF10C
S3151000F7D0000F02D0D7E9001201E000223968044672
S3151000F7E000BF4FF00F0801EA080C4FEA111848EA5B
S3151000F7F0027112090346DFF86C8018F80C8000F8C5
S3151000F800018B761E4FF0000881EA080C82EA080880
S3151000F8105CEA080CE5D105F03008B8F1100F02D1FA
S3151000F8204FF0300801E04FF02008C44608E005F01C
S3151000F8302008B8F1000F00D1034600F801CB761E60
S3151000F840002EF4DC0AE093F800C094F8008083F8E8
S3151000F850008084F800C0641C5B1E00BF9C42F2D37B
S3151000F860BDE8F087BF0102102DE9FF4F83B00446B3
S3151000F870164699464FF0000A09F00800002835D0C0
S3151000F8800498D0E9007809F0010070B1002108460B
S3151000F890791A78EB000008DA00227F4262EB08083A
S3151000F8A02D2004F8010B0AF1010AA34600BF3246C7
S3151000F8B0002338464146F4F797FF0192324600235B
S3151000F8C038464146F4F790FF0746884625462A49AA
S3151000F8D00198085C04F8010B0AF1010A002187EA75
S3151000F8E0010088EA01010843E1D11EE00499086885
S3151000F8F009F0010139B1002805DA40422D2104F83A
S3151000F900011B0AF1010AA34600BFB0FBF6F206FB83
S3151000F9101201B0FBF6F02546174A525C04F8012B8B
S3151000F9200AF1010A0028F0D100BF09F030001028B2
S3151000F93001D1302000E02020029008E009F02000DC
S3151000F94000B92546029804F8010B0AF1010A10982D
S3151000F9505045F3DC0AE0287802909BF800002870E6
S3151000F96002988BF800000BF1010B6D1EAB45F2D31C
S3151000F970204607B0BDE8F08FBF01021000221346E3
S3151000F980104601490CF0B4BA0000F03F0CF0F4B97F
S3151000F99000221346104611460CF0AABA40F2013264
S3151000F9A000204FF0E0410DF00FB90000024A002090
S3151000F9B011070DF009B9000001FDFFFF30380A28C4
S3151000F9C001D20120704700207047000010B503488F
S3151000F9D004F0FEF9BDE8104003F058BF91B90110CC
S3151000F9E010B500280DD0002A0BD0002909D01468B4
S3151000F9F0491E8C4205D203551168491C116000221C
S3151000FA00425410BD0FB42DE9FE4F82468946174663
S3151000FA100024BAF1000F11D0002F0FD00F98002834
S3151000FA200CD0B9F1000F09D03868A346A9F1010826
S3151000FA30484507D3C7F800800AF808B0BDE8FE0F9E
S3151000FA405DF814FB0AF800B010A8029070E0252BA0
S3151000FA5006D03A4649465046FFF7C2FF641C67E097
S3151000FA60641C085D0028E9D025280CD0732812D014
S3151000FA7063281CD0642827D0692825D0752832D051
S3151000FA806C283ED046E025233A4649465046FFF7B5
S3151000FA90A7FF641C4CE0029808C8029003B931A372
S3151000FAA03A464946504600F07DF8641C40E00298FC
S3151000FAB002990078091D0291C3B23A46494650464A
S3151000FAC0FFF78EFF641C33E0029802990068091D47
S3151000FAD00291C117CDE900013A464946504600F059
S3151000FAE045F8641C24E0029802990068091D0291E9
S3151000FAF0CDE9000B3A464946504600F070F8641CB2
S3151000FB0016E0081941786C2904D18078642817D03A
S3151000FB10692815D025233A4649465046FFF760FF17
S3151000FB200F983A464946035D5046FFF759FF641C45
S3151000FB300F990B5D002B81D03868404587D37DE740
S3151000FB400298C01D20F00700D0E900560830029038
S3151000FB50CDE900563A464946504600F007F8E41CEF
S3151000FB60E6E70000286E756C6C2900002DE9FC4153
S3151000FB700646DDE908450F469046002D09DA2D2385
S3151000FB80424639463046FFF72BFF0020644260EBB1
S3151000FB900505424639463046CDE9004500F01FF8C6
S3151000FBA0BDE8FC8170B50024002817D0002A15D0B6
S3151000FBB0002B13D0002911D015688D420ED2491E84
S3151000FBC004E0855515686D1C1560641C1D5D15B126
S3151000FBD016688E42F5D312680021815470BD2DE946
S3151000FBE0F04186B006460F46DDE90C01904600242A
S3151000FBF050EA010201D06D4611E006B04246394680
S3151000FC003046BDE8F0413023FFF7EABE0A22002352
S3151000FC10F4F7EAFD2346303204F10104EA5450EABF
S3151000FC20010209D0152CF1DB06E0641E42462B5D5D
S3151000FC3039463046FFF7D4FE002CF6DC06B0BDE898
S3151000FC40F08100002DE9F04F4FF0FF370026B24645
S3151000FC5082F800A082F801A00025A846002431E011
S3151000FC6093F800C0DFF8D09159F82CC001EB810948
S3151000FC70A1441CF809C00CEB8C0CA4440CF0FF0C2E
S3151000FC8002EB040989F807C000EB0C0B9BF802E0A5
S3151000FC9089F802E09BF8029093F811B0D94508D183
S3151000FCA044450DD16D1CEDB208F1010808F0FF08AE
S3151000FCB006E0B7F1FF3F03D14FFA8CF7C619B678B5
S3151000FCC0641CE4B293F80BC0A445C9D8DFF8688168
S3151000FCD04FF0010CA8F11C08052D1FD07F1C33D046
S3151000FCE01F7CB74203D093F81290B14532D1032D41
S3151000FCF02ED3587C5073D17395731978587CC000E5
S3151000FD0058F82110AD1E00EB4500085AF0B182F8E4
S3151000FD1001C082F800C00120BDE8F08F587C5073F6
S3151000FD20D1731878597C022358F8200003EBC101CF
S3151000FD30405A38B10520907382F801C082F800C08D
S3151000FD400120E9E70020E7E70020E5E70020E3E7E8
S3151000FD500020E1E701201418A478BC420BD04C45D2
S3151000FD6009D0B44203D093F811B05C4503D1401CBE
S3151000FD7040B20528EFDB03280BDBF700841E07EBE8
S3151000FD8044041F7858F827703C5B84B182F800C091
S3151000FD900DE0022803D082F800A00020BCE71C78F2
S3151000FDA058F8244034F83640ACB182F800C0567387
S3151000FDB0D173C4B29473587CB04203D8032D01D2C8
S3151000FDC082F800A082F80CA010780028A4D0032D89
S3151000FDD014D200210FE082F800A000209CE75518ED
S3151000FDE05E7CAD78B54204D182F801C0157B6D1CDE
S3151000FDF01573491C49B28C42F1DC8DE7F600A41E3E
S3151000FE0006EB44061C7858F82440A65B5B7CAF1EB4
S3151000FE104FEAC30808EB4707E45BA64202D382F811
S3151000FE2001C079E75373D173957382F801C082F8D4
S3151000FE3000C0012070E70000F8010020014601B95A
S3151000FE40704700220A6100BFFAE770B505462C46D6
S3151000FE50606918B1606907F0EFF96061606A18B1FE
S3151000FE60606A07F0E9F9606200202061E0612062B3
S3151000FE70E062206370BD000010B50446F2F763FD22
S3151000FE800220F1F737FDF2F73DFD00200549086025
S3151000FE9020210548F5F711F820210448F5F70DF84B
S3151000FEA010BD000060080020B0720020D072002043
S3151000FEB070B505462C4604B970BD2079F2F7A9F83D
S3151000FEC02079F1F73CFF2079F1F749FE00BFF3E7FF
S3151000FED0014601B9704700220A6100BFFAE7704770
S3151000FEE02DE9F047B8B0DFF8F090D9F800100144CA
S3151000FEF0C9F800104846B1F5967F806802D2C168ED
S3151000FF00012966D1406835A107F095FB8246D9F8DC
S3151000FF1008000027C76003F0F5FD00F00F0400F09D
S3151000FF201BFC08B144F01004E846009403F0BCFD35
S3151000FF30019000F033FC029703F0B6FD039000F039
S3151000FF402DFC04900120059006970797082500249C
S3151000FF50204605F08FF90346681C48F82540596974
S3151000FF60421C48F820109869511C48F822004A1C77
S3151000FF7048F82170501C48F82270451C48F820702B
S3151000FF80641C082CE4D900263146504607F041FB84
S3151000FF90A8B158F826000CF06EF904460D46314605
S3151000FFA0504607F036FBC0E90645204629460CF0B8
S3151000FFB033F904463146504607F02BFB4461761C54
S3151000FFC0382EE1D3D9F8080003C808F059FFC9F84C
S3151000FFD0007038B0BDE8F087C80000206461746115
S3151000FFE00000000010B51821074806F0E9FE064883
S3151000FFF000680649884206D018210348F4F75DFFC9
S3151001000002480149086010BDBC6F00201E3C8AEBF6
S315100100102DE9FF478246884691461F460C9E454666
S3151001002002954D46039529480021016141613046EB
S31510010030F11706EB91718910A6EB81022349103154
S315100100401144C1F800A0002409E020481030005DD9
S315100100501F49095D48401D4910310855641C082C7B
S31510010060F3D3002407E019481030005D704017499A
S3151001007010310855641C082CF5D31448103001466C
S31510010080082302AACDE900101946124806F063FFAB
S31510010090F02000EA061545EA161585F0FF05EDB2C2
S315100100A02D023C4604F0070108481030405C7040B0
S315100100B005432D02641C04F0070104481030405C0E
S315100100C070400543284604B0BDE8F087BC6F002098
S315100100D0EC050210E40502102DE9F04F87B08346B6
S315100100E0894692469846109E4D4605955546069563
S315100100F00020039004903046F11706EB9171891098
S31510010100A6EB810103AA1144C1F800B0002407E04F
S3151001011003A8005D2849095D484003A90855641CD8
S31510010120082CF5D3002405E003A8005D704003A94F
S315100101300855641C082CF7D303A803A9082305AA9C
S31510010140CDE9001019461D4806F046FF444604F055
S31510010150070003A90D5C2D02641C04F00700085C5E
S3151001016005432D02641C04F00700085C05432D02AB
S31510010170641C04F00700085C0543344604F00701CB
S315100101800F48475C3F02641C04F00701405C0743BB
S315100101903F02641C04F007010948405C07433F0213
S315100101A0641C04F007010648405C07437D4028465D
S315100101B007B0BDE8F08F0000FC050210F40502102F
S315100101C0CC6F00200148806A70470000D46F002070
S315100101D010B5044642F210700349C864A0222046A5
S315100101E0F4F70FFE012010BDD46F002070B5044640
S315100101F000256068062801D9284670BDA068082820
S3151001020001D92846F9E7E068022801D92846F4E71A
S31510010210E069012801D92846EFE7206A08B928467E
S31510010220EBE7606A08B92846E7E7A06A08B92846E5
S31510010230E3E7E06A08B92846DFE7206B08B92846E4
S31510010240DBE75349206BC96A884201D92846D4E7AE
S31510010250A06CB0F57A7F01D92846CEE7A06D08B912
S315100102602846CAE7606900F08FFA082801D02846A7
S31510010270C3E7A06900F088FA042801D02846BCE734
S31510010280206908B92846B8E704F07EFF68B14049ED
S31510010290206A0862606A4862A06A8862E06CC86473
S315100102A0A06D8865206F08671BE03948006A216ACE
S315100102B0884213D13648406A616A88420ED1344861
S315100102C0806AA16A884209D13148006F216F88423C
S315100102D004D12F48C06CE16C884202D00225284611
S315100102E08BE754F81C0F2A49C8612069C8626069F6
S315100102F00863A0694863E06A8864206CC865A06CCD
S315100103004866E06C8866206DC866A06D4867E06D2A
S315100103108867206EC867A06EC1F88400E06EC1F8C8
S315100103208800206FC1F88C00606FC1F89000A06F33
S31510010330C1F89400E06F1C3CC1F8980006F066FB0A
S31510010340032811D1124960694861A0698861206941
S31510010350086105F059F805F061F80E49606988429F
S3151001036002D001200A4988630948806B01280AD006
S3151001037008496069884206D0054960694861A069E3
S3151001038088610120886305B90125284635E70000F3
S31510010390D46F0020C78AA90070B5044600BF00BFFC
S315100103A00025207800F00F00D8B12078401E216872
S315100103B060F303012160207800F00F00092810D2A4
S315100103C0207800F00F006B4951F82050681C28B1B5
S315100103D005EB4500C000C0EB00108500284603F070
S315100103E08BFB2078C0F3031080B120780009401EE2
S315100103F0216860F3071121602078C0F303100928E2
S3151001040004DA2078C0F303105B4988602088C0F3B2
S315100104100320A0B32088000A401E216860F30B2137
S3151001042021602088C0F30320092828DA5248006980
S31510010430401C38B12088C0F30320504951F82000E0
S31510010440401C40B92088C0F303204C4951F82000C4
S315100104504949086111E004F0BBFF47490969081AC7
S3151001046045490861084600692188C1F30321434AB9
S3151001047052F8211008444049086104F0C5FF20884C
S31510010480C0F3033098B12088000B401E216860F339
S315100104900F3121602088C0F30330092807DA20883C
S315100104A0C0F30330364951F820003349C863206838
S315100104B0C0F3C050B8B12068C0F3014098B12068AC
S315100104C0000C401E216860F3114121602068C0F3C1
S315100104D00140032807DA2068C0F30140294951F881
S315100104E02000254908642068C0F30250C0B1206875
S315100104F0000D401E216860F3165121602068C0F37B
S31510010500025006280CDA2068C0F302501A494860D6
S315100105102068C0F302501C4951F82000164948645E
S315100105202068C0F381452068C0F38140E0B120689E
S31510010530C0F38140012805D100200F4948651348B1
S31510010540086504E012480C494865104808650A48D0
S315100105500069401C30B104F03BFF07490969081ACC
S315100105600549086104F050FF00200A4909684860EE
S31510010570284670BD04070210D46F00202807021008
S315100105807007021094070210A0070210404B4C008E
S3151001059000840C246806002010B5A021654806F0D9
S315100105A00FFC64480068644988424BD0A021614819
S315100105B0F4F783FC60485F49086000204860886052
S315100105C00220C8605D4808615D48486140F25740A5
S315100105D088610120C86108624862886240F2E7308A
S315100105E0C862012008631E2048630020C8633220B8
S315100105F008644FF47A704864524808654FF4FA70EB
S31510010600C8650A204866322088666420C86608676D
S315100106100020486788671E20C8670320C1F880003C
S315100106200020C1F884004848C1F888004748C1F83D
S315100106308C004748C1F890000120C1F894000020B1
S31510010640C1F898003B484068022802D90020394970
S31510010650486038488068082802D9002035498860E2
S315100106603448C068022802D902203249C86031488C
S31510010670C069012802D901202E49C8612D48006A96
S3151001068010B901202B4908622A48406A10B9012085
S31510010690284948622748806A10B90120254988628D
S315100106A02448C06A18B940F2E7302249C862214885
S315100106B0006B10B901201F4908631E48006B1D49C4
S315100106C0C96A884205D901201A49086340F2E73000
S315100106D0C8621848006910B91848164908611549C1
S315100106E0486900F051F8082802D0154811494861A7
S315100106F01049886900F048F8042803D040F25740A1
S315100107000C4988610B48006D0E49884202D908468A
S31510010710084908650748406D0E49884202D90846BE
S31510010720044948650348806D18B940F6B830014947
S31510010730886510BDD46F00201E3C8AEB40420F0025
S31510010740C78AA900404B4C00A086010020A10700D2
S31510010750E093040000840C240148806B704700006C
S31510010760D46F00200148D0F894007047D46F002050
S315100107700148406A70470000D46F00200148006AA2
S3151001078070470000D46F00200146002003E0401C92
S315100107900A22B1FBF2F10029F9D1704710B54FF0D9
S315100107A0FF3407480069401C38B104F011FE0449B2
S315100107B009690C1A002C00DA0024204610BD00002D
S315100107C0D46F00202DE9FF5F81468B4614461846EB
S315100107D0B9F1000F0FD0BBF1000F0CD05CB1FBF7D4
S315100107E06FF882465FEA0A0009D0DAF8040030B1E0
S315100107F00020002109E0002004B0BDE8F09F002090
S31510010800FAE72BF81010401CC0B2A27A8242F8D82F
S315100108100027B846002660E000256846F4F73EFE3C
S31510010820DAF804C023466A4631464846E0479DF841
S315100108300000E0B39DF8010020B30020627C6B46F6
S315100108401918C97909EB010C9CF802C0944505D118
S31510010850DDF838C01CF8011029444DB2401CC0B255
S315100108600528EDD39DF80D002278C1009DF80E00E4
S31510010870801E01EB40011C4850F82200405A00FB33
S3151001088005770DE09DF80D002278C1009DF80E0048
S31510010890801E01EB4001144850F82200405A0744CB
S315100108A04FF47A7006FB00F19DF80E0000E012E09D
S315100108B000EBC00202EB001001EB80009DF80D1059
S315100108C00844012189F80010414608F1010808F091
S315100108D0FF082BF81100761CF6B2A07AB0429BD80D
S315100108E089F80180384687E7340400202DE9FF5F37
S315100108F08246894615461846BAF1000F0FD0B9F14E
S31510010900000F0CD05DB1FAF7DBFF80465FEA0800F5
S3151001091009D0D8F8040030B10020002109E00020E8
S3151001092004B0BDE8F09F0020FAE729F81010401C2A
S31510010930C0B2AA7A8242F8D8002600270024DFF82E
S31510010940A0B045E06846F4F7A9FDD8F804C02B46D7
S315100109506A4621465046E0479DF80000B0B39DF81F
S31510010960010078B19DF80D00C1009DF80E00801EA2
S3151001097001EB400029785BF82110095A0E9801FB0A
S3151001098000660CE09DF80D00C1009DF80E00801E5A
S3151001099001EB400029785BF82110085A06444FF400
S315100109A07A7004FB00F19DF80E0000EBC00202EB19
S315100109B0001001EB80009DF80D10084401218AF802
S315100109C0001039467F1CFFB229F81100641CE4B2ED
S315100109D0A87AA042B6D88AF801703046A0E700007E
S315100109E06C0400202DE9FF5F81468B46144618469C
S315100109F0B9F1000F0FD0BBF1000F0CD05CB1FAF7B3
S31510010A005FFF82465FEA0A0009D0DAF8040030B1C6
S31510010A100020002109E0002004B0BDE8F09F00206D
S31510010A20FAE72BF81010401CC0B2A27A8242F8D80D
S31510010A300027B846002665E000256846F4F72EFD26
S31510010A40DAF804C023466A4631464846E0479DF81F
S31510010A500000E8B39DF80100B8B100206B46E27AB8
S31510010A6011E01918C97994F811E009EB010C9CF8F9
S31510010A7002C0F44505D1DDF838C01CF8011029442F
S31510010A804DB2401CC0B28242EBD8002D0FDD9DF84D
S31510010A900D002278C1009DF80E00801E01EB400169
S31510010AA01C4850F82200405A00FB05770DE09DF8CE
S31510010AB00D002278C1009DF80E00801E01EB400149
S31510010AC0144850F82200405A07444FF47A7000E057
S31510010AD016E006FB00F19DF80E0000EBC00202EBDA
S31510010AE0001001EB80009DF80D100844012189F8D2
S31510010AF00010414608F1010808F0FF082BF8110013
S31510010B00761CF6B2A07AB04296D889F8018038469A
S31510010B1082E70000500400202DE9FF4781468846F0
S31510010B2016461846B9F1000F0ED0B8F1000F0BD0CA
S31510010B3056B1FAF7C5FE0746380006D07868002880
S31510010B4003D00020002107E0002004B0BDE8F087A3
S31510010B5028F81010401CC0B2B27A8242F8D84FF071
S31510010B60000A002500242FE06846F4F797FCD7F811
S31510010B7004C033466A4621464846E0479DF80000C0
S31510010B8000B39DF80D109DF80E00CB00821E03EBED
S31510010B9042023378DFF840C05CF823309A5A924407
S31510010BA04FF47A7200EBC003624303EB001002EBC1
S31510010BB080000844012189F8001029466D1CEDB208
S31510010BC028F81100641CE4B2B07AA042CCD889F896
S31510010BD001505046B9E70000DC0100202DE9FC4721
S31510010BE081460A9E8A4690461F4600200190384645
S31510010BF0FAF766FE04469CB1206888B1A5687DB1F6
S31510010C003B46424651464846A847019000962468FD
S31510010C1001AB3A4641464846A0470198BDE8FC87D4
S31510010C200020FBE710B50246002004E012F8013B54
S31510010C305840034B185C0B1EA1F10101F6D110BDF2
S31510010C40040602102DE9F04105464FF00008002D6B
S31510010C504BD02E680027142007F054F8044600BF25
S31510010C60002C41D0E868E060214909680823221D5B
S31510010C704868314603F0A0FC0622A11D002006F0AB
S31510010C8081F80746A088B8421FD1608969898842D0
S31510010C901BD120892989884217D163891449E268B1
S31510010CA00968486806F1080103F086FC628900208C
S31510010CB0E16806F067F80746E088B84205D1EF808B
S31510010CC0A088A8804FF001080BE02868B04203D134
S31510010CD0288906EB6006C3E76989E868F4F7CBF85B
S31510010CE000BF204607F038F800BF4046BDE8F08146
S31510010CF008060020F0B503460C461546267836063A
S31510010D00677846EA0746A77846EA0726E77846EA65
S31510010D10070126793606677946EA0746A77946EA2C
S31510010D200726E77946EA070282EA111606F00F301E
S31510010D30424081EA001182EA1146B0B2424081EA8C
S31510010D40004181EA920606F03330414082EA800280
S31510010D5081EA122606F0FF10414082EA002256006F
S31510010D6046EAD27281EA020606F0AA3042404140B2
S31510010D704E0046EAD17140CB86EA020000F03F06EA
S31510010D80FE4F57F82660FE4FC0F3052C57F82C700E
S31510010D907E40FC4FC0F3054C57F82C707E40FA4F3D
S31510010DA0C0F3056C57F82C707E40714040CB170785
S31510010DB047EA121786EA070000F03F06F34F57F885
S31510010DC02660F34FC0F3052C57F82C707E40F14F77
S31510010DD0C0F3054C57F82C707E40EF4FC0F3056CED
S31510010DE057F82C707E40714040CB86EA010000F026
S31510010DF03F06E24F57F82660E14FC0F3052C57F82E
S31510010E002C707E40DF4FC0F3054C57F82C707E4096
S31510010E10DD4FC0F3056C57F82C707E40724040CB05
S31510010E200F0747EA111786EA070000F03F06D74F6A
S31510010E3057F82660D64FC0F3052C57F82C707E4014
S31510010E40D44FC0F3054C57F82C707E40D24FC0F3E7
S31510010E50056C57F82C707E40724040CB86EA020032
S31510010E6000F03F06C54F57F82660C54FC0F3052C55
S31510010E7057F82C707E40C34FC0F3054C57F82C70B1
S31510010E807E40C14FC0F3056C57F82C707E407140FF
S31510010E9040CB170747EA121786EA070000F03F060C
S31510010EA0BA4F57F82660BA4FC0F3052C57F82C7075
S31510010EB07E40B84FC0F3054C57F82C707E40B64FA4
S31510010EC0C0F3056C57F82C707E40714040CB86EA12
S31510010ED0010000F03F06A94F57F82660A84FC0F34E
S31510010EE0052C57F82C707E40A64FC0F3054C57F8C9
S31510010EF02C707E40A44FC0F3056C57F82C707E40C1
S31510010F00724040CB0F0747EA111786EA070000F037
S31510010F103F069E4F57F826609D4FC0F3052C57F894
S31510010F202C707E409B4FC0F3054C57F82C707E40B9
S31510010F30994FC0F3056C57F82C707E40724040CB28
S31510010F4086EA020000F03F068C4F57F826608C4F58
S31510010F50C0F3052C57F82C707E408A4FC0F3054C10
S31510010F6057F82C707E40884FC0F3056C57F82C70DB
S31510010F707E40714040CB170747EA121786EA0700F1
S31510010F8000F03F06814F57F82660814FC0F3052CBC
S31510010F9057F82C707E407F4FC0F3054C57F82C70D4
S31510010FA07E407D4FC0F3056C57F82C707E40714022
S31510010FB040CB86EA010000F03F06704F57F82660D5
S31510010FC06F4FC0F3052C57F82C707E406D4FC0F350
S31510010FD0054C57F82C707E406B4FC0F3056C57F8D3
S31510010FE02C707E40724040CB0F0747EA111786EAF4
S31510010FF0070000F03F06654F57F82660644FC0F3AF
S31510011000052C57F82C707E40624FC0F3054C57F8EB
S315100110102C707E40604FC0F3056C57F82C707E40E3
S31510011020724040CB86EA020000F03F06534F57F854
S315100110302660534FC0F3052C57F82C707E40514F44
S31510011040C0F3054C57F82C707E404F4FC0F3056C1A
S3151001105057F82C707E40714040CB170747EA12179C
S3151001106086EA070000F03F06484F57F82660484FBA
S31510011070C0F3052C57F82C707E40464FC0F3054C33
S3151001108057F82C707E40444FC0F3056C57F82C70FE
S315100110907E40714040CB86EA010000F03F06374F93
S315100110A057F82660364FC0F3052C57F82C707E4042
S315100110B0344FC0F3054C57F82C707E40324FC0F3B5
S315100110C0056C57F82C707E40724040CB0F0747EAEB
S315100110D0111786EA070000F03F062C4F57F82660D5
S315100110E02B4FC0F3052C57F82C707E40294FC0F3B7
S315100110F0054C57F82C707E40274FC0F3056C57F8F6
S315100111002C707E40724040CB86EA020000F03F060A
S315100111101A4F57F826601A4FC0F3052C57F82C7042
S315100111207E40184FC0F3054C57F82C707E40164F71
S31510011130C0F3056C57F82C707E40714040CB1707F1
S3151001114047EA121786EA070000F03F060F4F57F8D5
S3151001115026600F4FC0F3052C57F82C707E400D4FAB
S31510011160C0F3054C57F82C707E400B4FC0F3056C3D
S3151001117057F82C707E40714040CB0FE038110210A9
S31510011180380F0210380D0210380B021038100210E9
S31510011190380E0210380C0210380A021086EA0100C5
S315100111A000F03F06FE4F57F82660FE4FC0F3052CA0
S315100111B057F82C707E40FC4FC0F3054C57F82C7035
S315100111C07E40FA4FC0F3056C57F82C707E40724082
S315100111D040CB0F0747EA111786EA070000F03F06D2
S315100111E0F34F57F82660F34FC0F3052C57F82C70C0
S315100111F07E40F14FC0F3054C57F82C707E40EF4FEF
S31510011200C0F3056C57F82C707E40724040CB86EACD
S31510011210020000F03F06E24F57F82660E14FC0F397
S31510011220052C57F82C707E40DF4FC0F3054C57F84C
S315100112302C707E40DD4FC0F3056C57F82C707E4044
S31510011240714040CB170747EA121786EA070000F0EC
S315100112503F06D74F57F82660D64FC0F3052C57F8DF
S315100112602C707E40D44FC0F3054C57F82C707E403D
S31510011270D24FC0F3056C57F82C707E40714040CBAD
S3151001128086EA010000F03F06C54F57F82660C54FA4
S31510011290C0F3052C57F82C707E40C34FC0F3054C94
S315100112A057F82C707E40C14FC0F3056C57F82C705F
S315100112B07E40724040CB0F0747EA111786EA0700B6
S315100112C000F03F06BA4F57F82660BA4FC0F3052C07
S315100112D057F82C707E40B84FC0F3054C57F82C7058
S315100112E07E40B64FC0F3056C57F82C707E407240A5
S315100112F040CB86EA020000F03F06A94F57F8266058
S31510011300A84FC0F3052C57F82C707E40A64FC0F39A
S31510011310054C57F82C707E40A44FC0F3056C57F856
S315100113202C707E40714040CB170747EA121786EAA8
S31510011330070000F03F069E4F57F826609D4FC0F3F9
S31510011340052C57F82C707E409B4FC0F3054C57F86F
S315100113502C707E40994FC0F3056C57F82C707E4067
S31510011360714040CB86EA010000F03F068C4F57F8DA
S3151001137026608C4FC0F3052C57F82C707E408A4F8F
S31510011380C0F3054C57F82C707E40884FC0F3056C9E
S3151001139057F82C707E40724040CB0F0747EA111761
S315100113A086EA070000F03F06814F57F82660814F05
S315100113B0C0F3052C57F82C707E407F4FC0F3054CB7
S315100113C057F82C707E407D4FC0F3056C57F82C7082
S315100113D07E40724040CB86EA020000F03F06704F15
S315100113E057F826606F4FC0F3052C57F82C707E40C6
S315100113F06D4FC0F3054C57F82C707E406B4FC0F300
S31510011400056C57F82C707E40714040CB170747EAA0
S31510011410121786EA070000F03F06654F57F8266057
S31510011420644FC0F3052C57F82C707E40624FC0F301
S31510011430054C57F82C707E40604FC0F3056C57F879
S315100114402C707E40714040CB86EA010000F03F06C9
S31510011450534F57F82660534FC0F3052C57F82C708D
S315100114607E40514FC0F3054C57F82C707E404F4FBC
S31510011470C0F3056C57F82C707E40724040CB0F07B5
S3151001148047EA111786EA070000F03F06484F57F85A
S315100114902660484FC0F3052C57F82C707E40464FF6
S315100114A0C0F3054C57F82C707E40444FC0F3056CC1
S315100114B057F82C707E40724040CB86EA010000F04E
S315100114C03F06374F57F82660364FC0F3052C57F8AD
S315100114D02C707E40344FC0F3054C57F82C707E406B
S315100114E0324FC0F3056C57F82C707E40724040CBDA
S315100114F00F0747EA111786EA070000F03F062C4F3F
S3151001150057F826602B4FC0F3052C57F82C707E40E8
S31510011510294FC0F3054C57F82C707E40274FC0F366
S31510011520056C57F82C707E40724040CB86EA02005B
S3151001153000F03F061A4F57F826601A4FC0F3052CD4
S3151001154057F82C707E40184FC0F3054C57F82C7085
S315100115507E40164FC0F3056C57F82C707E407140D3
S3151001156040CB170747EA121786EA070000F03F0635
S315100115700F4F57F826600F4FC0F3052C57F82C70F4
S315100115807E400D4FC0F3054C57F82C707E400B4F23
S31510011590C0F3056C57F82C707E40714040CB0FE0BC
S315100115A038110210380F0210380D0210380B0210C4
S315100115B038100210380E0210380C0210380A0210B8
S315100115C086EA010000F03F06FE4F57F82660FE4FEF
S315100115D0C0F3052C57F82C707E40FC4FC0F3054C18
S315100115E057F82C707E40FA4FC0F3056C57F82C70E3
S315100115F07E40724040CB0F0747EA111786EA070073
S3151001160000F03F06F34F57F82660F34FC0F3052C51
S3151001161057F82C707E40F14FC0F3054C57F82C70DB
S315100116207E40EF4FC0F3056C57F82C707E40724028
S3151001163040CB86EA020000F03F06E24F57F82660DB
S31510011640E14FC0F3052C57F82C707E40DF4FC0F3E5
S31510011650054C57F82C707E40DD4FC0F3056C57F8DA
S315100116602C707E40714040CB170747EA121786EA65
S31510011670070000F03F06D74F57F82660D64FC0F344
S31510011680052C57F82C707E40D44FC0F3054C57F8F3
S315100116902C707E40D24FC0F3056C57F82C707E40EB
S315100116A0714040CB86EA010000F03F06C54F57F85E
S315100116B02660C54FC0F3052C57F82C707E40C34FDA
S315100116C0C0F3054C57F82C707E40C14FC0F3056C22
S315100116D057F82C707E40724040CB0F0747EA11171E
S315100116E086EA070000F03F06BA4F57F82660BA4F50
S315100116F0C0F3052C57F82C707E40B84FC0F3054C3B
S3151001170057F82C707E40B64FC0F3056C57F82C7005
S315100117107E40724040CB86EA020000F03F06A94F98
S3151001172057F82660A84FC0F3052C57F82C707E4049
S31510011730A64FC0F3054C57F82C707E40A44FC0F34A
S31510011740056C57F82C707E40714040CB170747EA5D
S31510011750121786EA070000F03F069E4F57F82660DB
S315100117609D4FC0F3052C57F82C707E409B4FC0F34C
S31510011770054C57F82C707E40994FC0F3056C57F8FD
S315100117802C707E40714040CB86EA010000F03F0686
S315100117908C4F57F826608C4FC0F3052C57F82C70D8
S315100117A07E408A4FC0F3054C57F82C707E40884F07
S315100117B0C0F3056C57F82C707E40724040CB0F0772
S315100117C047EA111786EA070000F03F06814F57F8DE
S315100117D02660814FC0F3052C57F82C707E407F4F41
S315100117E0C0F3054C57F82C707E407D4FC0F3056C45
S315100117F057F82C707E40724040CB86EA020000F00A
S315100118003F06704F57F826606F4FC0F3052C57F8F7
S315100118102C707E406D4FC0F3054C57F82C707E40EE
S315100118206B4FC0F3056C57F82C707E40714040CB5E
S31510011830170747EA121786EA070000F03F06654FB9
S3151001184057F82660644FC0F3052C57F82C707E406C
S31510011850624FC0F3054C57F82C707E40604FC0F3B1
S31510011860056C57F82C707E40714040CB86EA01001A
S3151001187000F03F06534F57F82660534FC0F3052C1F
S3151001188057F82C707E40514FC0F3054C57F82C7009
S315100118907E404F4FC0F3056C57F82C707E40724056
S315100118A040CB0F0747EA111786EA070000F03F06FB
S315100118B0484F57F82660484FC0F3052C57F82C703F
S315100118C07E40464FC0F3054C57F82C707E40444F6E
S315100118D0C0F3056C57F82C707E40724040CB86EAF7
S315100118E0020000F03F06374F57F82660364FC0F317
S315100118F0052C57F82C707E40344FC0F3054C57F821
S315100119002C707E40324FC0F3056C57F82C707E4018
S31510011910714040CB170747EA121786EA070000F015
S315100119203F062C4F57F826602B4FC0F3052C57F85E
S315100119302C707E40294FC0F3054C57F82C707E4011
S31510011940274FC0F3056C57F82C707E40714040CB81
S3151001195086EA010000F03F061A4F57F826601A4F23
S31510011960C0F3052C57F82C707E40184FC0F3054C68
S3151001197057F82C707E40164FC0F3056C57F82C7033
S315100119807E40724040CB0F0747EA111786EA0700DF
S3151001199000F03F060F4F57F826600F4FC0F3052C86
S315100119A057F82C707E400D4FC0F3054C57F82C702C
S315100119B07E400B4FC0F3056C57F82C707E40724079
S315100119C040CB0FE038110210380F0210380D0210FB
S315100119D0380B021038100210380E0210380C021093
S315100119E0380A021086EA020000F03F06FE4F57F849
S315100119F02660FE4FC0F3052C57F82C707E40FC4F25
S31510011A00C0F3054C57F82C707E40FA4FC0F3056CA5
S31510011A1057F82C707E40714040CB170747EA1217D2
S31510011A2086EA070000F03F06F34F57F82660F34F9A
S31510011A30C0F3052C57F82C707E40F14FC0F3054CBE
S31510011A4057F82C707E40EF4FC0F3056C57F82C7089
S31510011A507E40714040CB86EA010000F03F06E24F1E
S31510011A6057F82660E14FC0F3052C57F82C707E40CD
S31510011A70DF4FC0F3054C57F82C707E40DD4FC0F395
S31510011A80056C57F82C707E40724040CB0F0747EA21
S31510011A90111786EA070000F03F06D74F57F8266060
S31510011AA0D64FC0F3052C57F82C707E40D44FC0F397
S31510011AB0054C57F82C707E40D24FC0F3056C57F881
S31510011AC02C707E40724040CB86EA020000F03F0641
S31510011AD0C54F57F82660C54FC0F3052C57F82C7023
S31510011AE07E40C34FC0F3054C57F82C707E40C14F52
S31510011AF0C0F3056C57F82C707E40714040CB170728
S31510011B0047EA121786EA070000F03F06BA4F57F860
S31510011B102660BA4FC0F3052C57F82C707E40B84F8B
S31510011B20C0F3054C57F82C707E40B64FC0F3056CC8
S31510011B3057F82C707E40714040CB86EA010000F0C8
S31510011B403F06A94F57F82660A84FC0F3052C57F842
S31510011B502C707E40A64FC0F3054C57F82C707E4072
S31510011B60A44FC0F3056C57F82C707E40724040CBE1
S31510011B700F0747EA111786EA070000F03F069E4F46
S31510011B8057F826609D4FC0F3052C57F82C707E40F0
S31510011B909B4FC0F3054C57F82C707E40994FC0F3FC
S31510011BA0056C57F82C707E40724040CB86EA0200D5
S31510011BB000F03F068C4F57F826608C4FC0F3052C6A
S31510011BC057F82C707E408A4FC0F3054C57F82C708D
S31510011BD07E40884FC0F3056C57F82C707E407140DB
S31510011BE040CB170747EA121786EA070000F03F06AF
S31510011BF0814F57F82660814FC0F3052C57F82C708A
S31510011C007E407F4FC0F3054C57F82C707E407D4FB8
S31510011C10C0F3056C57F82C707E40714040CB86EAB4
S31510011C20020000F03F06704F57F826606F4FC0F361
S31510011C30052C57F82C707E406D4FC0F3054C57F8A4
S31510011C402C707E406B4FC0F3056C57F82C707E409C
S31510011C50714040CB170747EA121786EA070000F0D2
S31510011C603F06654F57F82660644FC0F3052C57F8A9
S31510011C702C707E40624FC0F3054C57F82C707E4095
S31510011C80604FC0F3056C57F82C707E40714040CB05
S31510011C9086EA010000F03F06534F57F82660534F6E
S31510011CA0C0F3052C57F82C707E40514FC0F3054CEC
S31510011CB057F82C707E404F4FC0F3056C57F82C70B7
S31510011CC07E40724040CB0F0747EA111786EA07009C
S31510011CD000F03F06484F57F82660484FC0F3052CD1
S31510011CE057F82C707E40464FC0F3054C57F82C70B0
S31510011CF07E40444FC0F3056C57F82C707E407240FD
S31510011D0040CB86EA020000F03F06374F57F82660AF
S31510011D10364FC0F3052C57F82C707E40344FC0F364
S31510011D20054C57F82C707E40324FC0F3056C57F8AE
S31510011D302C707E40714040CB170747EA121786EA8E
S31510011D40070000F03F062C4F57F826602B4FC0F3C3
S31510011D50052C57F82C707E40294FC0F3054C57F8C7
S31510011D602C707E40274FC0F3056C57F82C707E40BF
S31510011D70714040CB86EA010000F03F061A4F57F832
S31510011D8026601A4FC0F3052C57F82C707E40184F59
S31510011D90C0F3054C57F82C707E40164FC0F3056CF6
S31510011DA057F82C707E40724040CB0F0747EA111747
S31510011DB086EA070000F03F060F4F57F826600F4FCF
S31510011DC0C0F3052C57F82C707E400D4FC0F3054C0F
S31510011DD057F82C707E400B4FC0F3056C57F82C70DA
S31510011DE07E40724040CB0FE038110210380F0210BE
S31510011DF0380D0210380B021038100210380E02106E
S31510011E00380C0210380A021086EA020000F03F066A
S31510011E10FE4F57F82660FE4FC0F3052C57F82C706D
S31510011E207E40FC4FC0F3054C57F82C707E40FA4F9C
S31510011E30C0F3056C57F82C707E40714040CB1707E4
S31510011E4047EA121786EA070000F03F06F34F57F8E4
S31510011E502660F34FC0F3052C57F82C707E40F14FD6
S31510011E60C0F3054C57F82C707E40EF4FC0F3056C4C
S31510011E7057F82C707E40714040CB86EA010000F085
S31510011E803F06E24F57F82660E14FC0F3052C57F88D
S31510011E902C707E40DF4FC0F3054C57F82C707E40F6
S31510011EA0DD4FC0F3056C57F82C707E40724040CB65
S31510011EB00F0747EA111786EA070000F03F06D74FCA
S31510011EC057F82660D64FC0F3052C57F82C707E4074
S31510011ED0D44FC0F3054C57F82C707E40D24FC0F347
S31510011EE0056C57F82C707E40724040CB86EA020092
S31510011EF000F03F06C54F57F82660C54FC0F3052CB5
S31510011F0057F82C707E40C34FC0F3054C57F82C7010
S31510011F107E40C14FC0F3056C57F82C707E4071405E
S31510011F2040CB170747EA121786EA070000F03F066B
S31510011F30BA4F57F82660BA4FC0F3052C57F82C70D4
S31510011F407E40B84FC0F3054C57F82C707E40B64F03
S31510011F50C0F3056C57F82C707E40714040CB86EA71
S31510011F60010000F03F06A94F57F82660A84FC0F3AD
S31510011F70052C57F82C707E40A64FC0F3054C57F828
S31510011F802C707E40A44FC0F3056C57F82C707E4020
S31510011F90724040CB0F0747EA111786EA070000F097
S31510011FA03F069E4F57F826609D4FC0F3052C57F8F4
S31510011FB02C707E409B4FC0F3054C57F82C707E4019
S31510011FC0994FC0F3056C57F82C707E40724040CB88
S31510011FD086EA020000F03F068C4F57F826608C4FB8
S31510011FE0C0F3052C57F82C707E408A4FC0F3054C70
S31510011FF057F82C707E40884FC0F3056C57F82C703B
S315100120007E40714040CB170747EA121786EA070050
S3151001201000F03F06814F57F82660814FC0F3052C1B
S3151001202057F82C707E407F4FC0F3054C57F82C7033
S315100120307E407D4FC0F3056C57F82C707E40714081
S3151001204040CB86EA010000F03F06704F57F8266034
S315100120506F4FC0F3052C57F82C707E406D4FC0F3AF
S31510012060054C57F82C707E406B4FC0F3056C57F832
S315100120702C707E40724040CB0F0747EA111786EA53
S31510012080070000F03F06654F57F82660644FC0F30E
S31510012090052C57F82C707E40624FC0F3054C57F84B
S315100120A02C707E40604FC0F3056C57F82C707E4043
S315100120B0724040CB86EA020000F03F06534F57F8B4
S315100120C02660534FC0F3052C57F82C707E40514FA4
S315100120D0C0F3054C57F82C707E404F4FC0F3056C7A
S315100120E057F82C707E40714040CB170747EA1217FC
S315100120F086EA070000F03F06484F57F82660484F1A
S31510012100C0F3052C57F82C707E40464FC0F3054C92
S3151001211057F82C707E40444FC0F3056C57F82C705D
S315100121207E40714040CB86EA010000F03F06374FF2
S3151001213057F82660364FC0F3052C57F82C707E40A1
S31510012140344FC0F3054C57F82C707E40324FC0F314
S31510012150056C57F82C707E40724040CB0F0747EA4A
S31510012160111786EA070000F03F062C4F57F8266034
S315100121702B4FC0F3052C57F82C707E40294FC0F316
S31510012180054C57F82C707E40274FC0F3056C57F855
S315100121902C707E40724040CB86EA020000F03F066A
S315100121A01A4F57F826601A4FC0F3052C57F82C70A2
S315100121B07E40184FC0F3054C57F82C707E40164FD1
S315100121C0C0F3056C57F82C707E40714040CB170751
S315100121D047EA121786EA070000F03F060F4F57F835
S315100121E026600F4FC0F3052C57F82C707E400D4F0B
S315100121F0C0F3054C57F82C707E400B4FC0F3056C9D
S3151001220057F82C707E40714040CB0FE03811021008
S31510012210380F0210380D0210380B02103810021048
S31510012220380E0210380C0210380A021086EA010024
S3151001223000F03F066D4F57F826606D4FC0F3052C21
S3151001224057F82C707E406B4FC0F3054C57F82C7025
S315100122507E40694FC0F3056C57F82C707E40724072
S3151001226040CB0F0747EA111786EA070000F03F0631
S31510012270624F57F82660624FC0F3052C57F82C7041
S315100122807E40604FC0F3054C57F82C707E405E4F70
S31510012290C0F3056C57F82C707E40724040CB86EA2D
S315100122A0020000F03F06514F57F82660504FC0F319
S315100122B0052C57F82C707E404E4FC0F3054C57F83D
S315100122C02C707E404C4FC0F3056C57F82C707E4035
S315100122D0714040CB170747EA121786EA070000F04C
S315100122E03F06464F57F82660454FC0F3052C57F861
S315100122F02C707E40434FC0F3054C57F82C707E402E
S31510012300414FC0F3056C57F82C707E40714040CB9D
S3151001231086EA010000F03F06344F57F82660344F25
S31510012320C0F3052C57F82C707E40324FC0F3054C84
S3151001233057F82C707E40304FC0F3056C57F82C704F
S315100123407E40724040CB0F0747EA111786EA070015
S3151001235000F03F06294F57F82660294FC0F3052C88
S3151001236057F82C707E40274FC0F3054C57F82C7048
S315100123707E40254FC0F3056C57F82C707E40724095
S31510012380D60746EA520282EA010606F0AA30424010
S315100123904140CE0746EA510182EA112606F0FF10A6
S315100123A0424081EA002182EA910606F0333042402A
S315100123B081EA800181EA1246B0B2414082EA0042C6
S315100123C081EA121606F00F30414082EA0012160E0B
S315100123D02E70160C6E70160AAE70EA700E0E2E71F5
S315100123E00E0C6E710E0AAE71E971F0BD3811021044
S315100123F0380F0210380D0210380B02103810021067
S31510012400380E0210380C0210380A021070B5044644
S315100124100E463146201D00F05FFD002513E0C5F183
S315100124201E01201D50F8211004F5C27040F8251028
S31510012430C5F11F01201D50F8212004F5C270691C39
S3151001244040F82120AD1C202DE9DB002070BD70B5B0
S3151001245004460E463146201D00F03EFD06F10801E8
S3151001246004F5017000F038FD002546E0C5F11E01A6
S31510012470201D50F8211004F5C27040F82510C5F141
S315100124801F01201D50F8212004F5C270691C40F867
S315100124902120C5F13E0150F82120201D05F1200112
S315100124A040F82120C5F13F0104F5C27050F82120F2
S315100124B0201D05F1210140F8212050F825201F315A
S315100124C040F82120681C211D51F82020201D05F1FE
S315100124D0410140F8212004F5C27050F82520491E0B
S315100124E040F82120681C04F5C27151F820200846D5
S315100124F005F1410140F82120AD1C202DB6DB00204D
S3151001250070BD70B504460E463146201D00F0E4FC40
S3151001251006F1080104F5017000F0DEFC06F1100168
S3151001252004F5827000F0D8FC00253CE0C5F15E018F
S31510012530201D50F8211004F5C27040F82510C5F180
S315100125405F01201D50F8212004F5C270691C40F866
S315100125502120C5F13E0150F82120201D05F1200151
S3151001256040F82120C5F13F0104F5C27050F8212031
S31510012570201D05F1210140F82120C5F11E0150F859
S31510012580212004F5C27005F1400140F82120C5F162
S315100125901F01201D50F8212004F5C27005F14101DB
S315100125A040F82120AD1C202DC0DB002070BD00009D
S315100125B0F0B503460C46154626783606677846EA80
S315100125C00746A77846EA0726E77846EA07012679F5
S315100125D03606677946EA0746A77946EA0726E7796E
S315100125E046EA070282EA111606F00F30424081EAE6
S315100125F0001182EA1146B0B2424081EA004181EAF5
S31510012600920606F03330414082EA800281EA1226B0
S3151001261006F0FF10414082EA0022560046EAD272C5
S3151001262081EA020606F0AA30424041404E0046EACF
S31510012630D17140CB86EA020000F03F06FE4F57F8F3
S315100126402660FE4FC0F3052C57F82C707E40FC4FC8
S31510012650C0F3054C57F82C707E40FA4FC0F3056C49
S3151001266057F82C707E40714040CB170747EA121776
S3151001267086EA070000F03F06F34F57F82660F34F3E
S31510012680C0F3052C57F82C707E40F14FC0F3054C62
S3151001269057F82C707E40EF4FC0F3056C57F82C702D
S315100126A07E40714040CB86EA010000F03F06E24FC2
S315100126B057F82660E14FC0F3052C57F82C707E4071
S315100126C0DF4FC0F3054C57F82C707E40DD4FC0F339
S315100126D0056C57F82C707E40724040CB0F0747EAC5
S315100126E0111786EA070000F03F06D74F57F8266004
S315100126F0D64FC0F3052C57F82C707E40D44FC0F33B
S31510012700054C57F82C707E40D24FC0F3056C57F824
S315100127102C707E40724040CB86EA020000F03F06E4
S31510012720C54F57F82660C54FC0F3052C57F82C70C6
S315100127307E40C34FC0F3054C57F82C707E40C14FF5
S31510012740C0F3056C57F82C707E40714040CB1707CB
S3151001275047EA121786EA070000F03F06BA4F57F804
S315100127602660BA4FC0F3052C57F82C707E40B84F2F
S31510012770C0F3054C57F82C707E40B64FC0F3056C6C
S3151001278057F82C707E40714040CB86EA010000F06C
S315100127903F06A94F57F82660A84FC0F3052C57F8E6
S315100127A02C707E40A64FC0F3054C57F82C707E4016
S315100127B0A44FC0F3056C57F82C707E40724040CB85
S315100127C00F0747EA111786EA070000F03F069E4FEA
S315100127D057F826609D4FC0F3052C57F82C707E4094
S315100127E09B4FC0F3054C57F82C707E40994FC0F3A0
S315100127F0056C57F82C707E40724040CB86EA020079
S3151001280000F03F068C4F57F826608C4FC0F3052C0D
S3151001281057F82C707E408A4FC0F3054C57F82C7030
S315100128207E40884FC0F3056C57F82C707E4071407E
S3151001283040CB170747EA121786EA070000F03F0652
S31510012840814F57F82660814FC0F3052C57F82C702D
S315100128507E407F4FC0F3054C57F82C707E407D4F5C
S31510012860C0F3056C57F82C707E40714040CB86EA58
S31510012870010000F03F06704F57F826606F4FC0F306
S31510012880052C57F82C707E406D4FC0F3054C57F848
S315100128902C707E406B4FC0F3056C57F82C707E4040
S315100128A0724040CB0F0747EA111786EA070000F07E
S315100128B03F06654F57F82660644FC0F3052C57F84D
S315100128C02C707E40624FC0F3054C57F82C707E4039
S315100128D0604FC0F3056C57F82C707E40724040CBA8
S315100128E086EA020000F03F06534F57F82660534F11
S315100128F0C0F3052C57F82C707E40514FC0F3054C90
S3151001290057F82C707E404F4FC0F3056C57F82C705A
S315100129107E40714040CB170747EA121786EA070037
S3151001292000F03F06484F57F82660484FC0F3052C74
S3151001293057F82C707E40464FC0F3054C57F82C7053
S315100129407E40444FC0F3056C57F82C707E407140A1
S3151001295040CB86EA010000F03F06374F57F8266054
S31510012960364FC0F3052C57F82C707E40344FC0F308
S31510012970054C57F82C707E40324FC0F3056C57F852
S315100129802C707E40724040CB0F0747EA111786EA3A
S31510012990070000F03F062C4F57F826602B4FC0F367
S315100129A0052C57F82C707E40294FC0F3054C57F86B
S315100129B02C707E40274FC0F3056C57F82C707E4063
S315100129C0724040CB86EA020000F03F061A4F57F8D4
S315100129D026601A4FC0F3052C57F82C707E40184FFD
S315100129E0C0F3054C57F82C707E40164FC0F3056C9A
S315100129F057F82C707E40714040CB170747EA1217E3
S31510012A0086EA070000F03F060F4F57F826600F4F72
S31510012A10C0F3052C57F82C707E400D4FC0F3054CB2
S31510012A2057F82C707E400B4FC0F3056C57F82C707D
S31510012A307E40714040CB0FE038110210380F021062
S31510012A40380D0210380B021038100210380E021011
S31510012A50380C0210380A021086EA010000F03F060F
S31510012A60DF4F57F82660DF4FC0F3052C57F82C704F
S31510012A707E40DD4FC0F3054C57F82C707E40DB4F7E
S31510012A80C0F3056C57F82C707E40724040CB0F078F
S31510012A9047EA111786EA070000F03F06D44F57F8A8
S31510012AA02660D44FC0F3052C57F82C707E40D24FB8
S31510012AB0C0F3054C57F82C707E40D04FC0F3056C0F
S31510012AC057F82C707E40724040CB86EA020000F027
S31510012AD03F06C34F57F82660C24FC0F3052C57F86F
S31510012AE02C707E40C04FC0F3054C57F82C707E40B9
S31510012AF0BE4FC0F3056C57F82C707E40714040CB29
S31510012B00170747EA121786EA070000F03F06B84F83
S31510012B1057F82660B74FC0F3052C57F82C707E4036
S31510012B20B54FC0F3054C57F82C707E40B34FC0F328
S31510012B30056C57F82C707E40714040CB86EA010037
S31510012B4000F03F06A64F57F82660A64FC0F3052C96
S31510012B5057F82C707E40A44FC0F3054C57F82C70D3
S31510012B607E40A24FC0F3056C57F82C707E40724020
S31510012B7040CB0F0747EA111786EA070000F03F0618
S31510012B809B4F57F826609B4FC0F3052C57F82C70B6
S31510012B907E40994FC0F3054C57F82C707E40974FE5
S31510012BA0C0F3056C57F82C707E40724040CB86EA14
S31510012BB0020000F03F068A4F57F82660894FC0F38E
S31510012BC0052C57F82C707E40874FC0F3054C57F8EB
S31510012BD02C707E40854FC0F3056C57F82C707E40E3
S31510012BE0714040CB170747EA121786EA070000F033
S31510012BF03F067F4F57F826607E4FC0F3052C57F8D6
S31510012C002C707E407C4FC0F3054C57F82C707E40DB
S31510012C107A4FC0F3056C57F82C707E40714040CB4B
S31510012C2086EA010000F03F066D4F57F826606D4F9A
S31510012C30C0F3052C57F82C707E406B4FC0F3054C32
S31510012C4057F82C707E40694FC0F3056C57F82C70FD
S31510012C507E40724040CB0F0747EA111786EA0700FC
S31510012C6000F03F06624F57F82660624FC0F3052CFD
S31510012C7057F82C707E40604FC0F3054C57F82C70F6
S31510012C807E405E4FC0F3056C57F82C707E40724043
S31510012C9040CB86EA020000F03F06514F57F82660F6
S31510012CA0504FC0F3052C57F82C707E404E4FC0F391
S31510012CB0054C57F82C707E404C4FC0F3056C57F8F5
S31510012CC02C707E40714040CB170747EA121786EAEF
S31510012CD0070000F03F06464F57F82660454FC0F3F0
S31510012CE0052C57F82C707E40434FC0F3054C57F80E
S31510012CF02C707E40414FC0F3056C57F82C707E4006
S31510012D00714040CB86EA010000F03F06344F57F878
S31510012D102660344FC0F3052C57F82C707E40324F85
S31510012D20C0F3054C57F82C707E40304FC0F3056C3C
S31510012D3057F82C707E40724040CB0F0747EA1117A7
S31510012D4086EA070000F03F06294F57F82660294FFB
S31510012D50C0F3052C57F82C707E40274FC0F3054C55
S31510012D6057F82C707E40254FC0F3056C57F82C7020
S31510012D707E407240D60746EA520282EA010606F002
S31510012D80AA3042404140CE0746EA510182EA112655
S31510012D9006F0FF10424081EA002182EA910606F010
S31510012DA03330424081EA800181EA1246B0B2414095
S31510012DB082EA004281EA121606F00F30414082EA99
S31510012DC00012160E2E70160C6E70160AAE70EA7080
S31510012DD00E0E2E710E0C6E710E0AAE71E971F0BDEA
S31510012DE038110210380F0210380D0210380B02106C
S31510012DF038100210380E0210380C0210380A021060
S31510012E002DE9F0410546884614461E4614B90020A0
S31510012E10BDE8F081E01DC008C400274612E028680D
S31510012E2030B13246414605F5C270FDF763FF05E044
S31510012E303246414605F5C270FFF7BAFB08F108089C
S31510012E400836083C002CEAD13846E1E72DE9F04175
S31510012E500546884614461E4614B90020BDE8F08181
S31510012E60E01DC008C400274610E0286828B1324684
S31510012E704146281DFDF73EFF04E032464146281D16
S31510012E80FFF796FB08F108080836083C002CECD130
S31510012E903846E3E770B505460E461446E01DC008F0
S31510012EA0C400102C06D231462846FFF7AFFA00208F
S31510012EB028600EE0182C06D231462846FFF7C7FACD
S31510012EC00120286005E031462846FFF71AFB02204B
S31510012ED02860204670BD0000F0B504460B461878F0
S31510012EE000065F7840EA07409F7840EA0720DF78BE
S31510012EF040EA0701187900065F7940EA07409F7991
S31510012F0040EA0720DF7940EA070281EA121000F051
S31510012F100F36714082EA061282EA010000F010367D
S31510012F207140724001F00F00B04F57F82000C000F9
S31510012F30C1F3032C57F82C7040EA8700AB4FC1F34D
S31510012F40034C57F82C7040EA4700A84FC1F3036CA5
S31510012F5057F82C703843A54FC1F3431C57F82C7002
S31510012F6040EAC710A14FC1F3433C57F82C7040EA11
S31510012F7087109E4FC1F3435C57F82C7040EA4710F7
S31510012F800F2707EA5177DFF864C25CF8277040EA29
S31510012F9007119748C2F3430750F82700C000944F12
S31510012FA0C2F3432C57F82C7040EA87079048C2F3B6
S31510012FB0434C50F82C0047EA40008D4FC2F3436C46
S31510012FC057F82C7038438A4FC2F3031C57F82C70EC
S31510012FD040EAC710864FC2F3033C57F82C7040EAFB
S31510012FE08710834FC2F3035C57F82C7040EA4710E1
S31510012FF00F2707EA1277DFF8F8C15CF8277040EA65
S31510013000071221F0704122F070420025E8E0022DEE
S3151001301003DB082D01D00F2D0AD1480040EAD160FB
S3151001302020F07041500040EAD26020F0704209E071
S31510013030880040EA916020F07041900040EA926069
S3151001304020F070424FF0105000EA01104FF08057F7
S3151001305007EA017738434FF0006707EA81373843AB
S315100130604FF0027707EA814738434FF0807707EA36
S31510013070811738434FF4001707EA412738434FF4B5
S31510013080801707EA510738434FF4802707EA81274B
S3151001309038434FF4003707EA810738434FF4803736
S315100130A007EA912738434FF4005707EA5237384356
S315100130B04FF4805707EA121738434FF4006707EAAF
S315100130C0821738434FF4806707EA520738434FF4A3
S315100130D0007707EA9237384302F48077384320277E
S315100130E007EA52173843102707EA92273843082769
S315100130F007EAD2073843042707EA924738430227DB
S3151001310007EA92673843C2F30067384301C44FF0A8
S31510013110005000EAC1304FF0805707EA4147384363
S315100131204FF0006707EA812738434FF0806707EAB7
S31510013130815738434FF0007707EA910738434FF02C
S31510013140807707EA410738434FF4001707EA01472A
S3151001315038434FF4801707EAC12738434FF4002745
S3151001316007EAC10738434FF4802707EA9117384316
S315100131704FF4003707EAC13738434FF4803707EA6F
S31510013180111738434FF4005707EA920738434FF4A3
S31510013190805707EA0227384340F6080707EA9237AD
S315100131A038434FF4806707EA5227384302F4007711
S315100131B038434FF4807707EAC2173843202707EAC6
S315100131C0D2173843112707EAD2073843042707EAEB
S315100131D082073843022707EA5257384301C46D1C48
S315100131E0102DFFF614AF0020F0BD000038120210AA
S315100131F0781202102DE9FC4F4FF0000BCDF800B0FC
S3151001320086B24FF6FF7B0BEA10471FFA81FC0BEAD9
S31510013210114806FB0CFBC3F800B007FB08FBC2F80C
S3151001322000B006FB08F907FB0CFBCDF804B0DDF87E
S3151001323004B009EB0B044C4503D24FF4803BCDF897
S3151001324000B025044FEA144AD3F800B0AB44C3F8D2
S3151001325000B0D3F800B0AB4505D2DDF800B00BF1E4
S31510013260010BCDF800B0D2F800E0DDF800B0D34480
S31510013270F344C2F800B0BDE8FC8F704710B503489F
S3151001328003F02EFF024803F02BFF10BDEC080020BF
S315100132900C0900207047000010B5024803F020FF0A
S315100132A010BD0000AC0600207047000010B50248A2
S315100132B003F016FF10BD0000300900207047000012
S315100132C010B5054803F00CFF044803F009FF044844
S315100132D003F006FF10BD00008C070020AC0700208C
S315100132E0CC0700207047000010B5024803F0F8FE25
S315100132F010BD0000A40800207047000010B5024858
S3151001330003F0EEFE10BD0000740800202DE9F04117
S3151001331004460E460CB1206810B90020BDE8F081B4
S31510013320A06806446068B04203DBA16820680844BF
S31510013330F4E7304602F068FD074638460D4909683C
S31510013340884705463DB90C49206809688847002019
S3151001335060602060E2E725B12846D4E90012F1F752
S315100133600BFD054920680968884767602560A068D4
S315100133702844D3E7180600201C06002070B5054620
S315100133802C46F0F77BF918B90020A060206102E005
S315100133900020A060206103480068401C01490860B4
S315100133A070BD00006808002070B505462C46E0681F
S315100133B048B10C48006830B10B4AE1686068126880
S315100133C0084B1B6898470020E060206910B9204619
S315100133D0EFF734FE05480068401C044908600020D8
S315100133E0206170BD5C080020640800206C08002074
S315100133F070B504460D46032C0ED0052C02D0062CB2
S315100134000FD106E0EFF79FFAF0F73BF908F028FB2A
S3151001341008E0EFF781FA05E0F0F733F908F020FB41
S3151001342000E000BF00BF002070BD000000200A4967
S3151001343040F28912424301EBC20292F845202AB1A9
S31510013440401C40B20728F3DB0020704740F2891276
S31510013450504301EBC0007047740900200020084951
S31510013460084A40F2E123434301EB8303D3F8283B97
S31510013470934204D1401C0728F3DB4FF0FF3070470D
S31510013480C45F00204C53524630B5034600200A4C07
S315100134900A4A40F2E121414302EB8101D1F8285B4E
S315100134A0A54203D1D1F8241B994204D0401C072808
S315100134B0EFDB4FF0FF3030BD4C535246C45F002056
S315100134C0002808D090F8DB1B39B190F8DA0B884246
S315100134D003D201207047002070470020704700007A
S315100134E010B540F68C310448F1F7E7FC0248034960
S315100134F001600421416010BDC45F00204250524654
S31510013500002809D090F90110002907DD90F9000073
S31510013510884203DA01207047002070470020704767
S3151001352070B5044601F148051D48C4F8200B08681A
S31510013530C4F81C0BB1F8200CC4F8280B91F8220C16
S31510013540207091F8230C6070D1F8240CC4F8240B68
S31510013550B1F8280CA4F82C0B4FF4DC7205F12401F8
S3151001356004F5C970F1F708FC502205F5EE7104F562
S315100135703360F1F746FC4FF4FA6205F50B7104F26C
S315100135804A30F1F7F9FBD5F8000AC4F8800B05F6B5
S315100135900421A01CBDE870404FF4C872F1F7ECBBD2
S315100135A04C53524670B506460C4606F14800054680
S315100135B0F8F7AEFF06F54266B4F8280B308020788E
S315100135C0B0706078F070D4F8240B7060B4F82C0BDE
S315100135D030814FF4DC7204F5C97105F12400F1F75D
S315100135E0CBFB502204F5336105F5EE70F1F709FCBA
S315100135F04FF4FA6204F24A3105F50B70F1F7BCFB90
S31510013600D4F8800BC5F8000A4FF4C872A11C05F650
S315100136100420F1F7B1FB0020286270BD704700004D
S3151001362010B5002803D0BDE81040F2F7B5BB044C25
S31510013630206810B9F2F7A8FB2060206810BD0000C1
S315100136400401002070B5024600200346401CCB5CE5
S3151001365013750346401CCB5C936093681B02936001
S315100136600446401C0C5D9368234393600346401C3B
S31510013670CB5C0024C2E90034D2E900431B0243EAC1
S3151001368014632402C2E900430546401C4D5DD2E98C
S3151001369000342B43C2E90034D2E900431B0243EA4A
S315100136A014632402C2E900430546401C4D5DD2E96C
S315100136B000342B43C2E90034D2E900431B0243EA2A
S315100136C014632402C2E900430446401C0C5DD2E98E
S315100136D000352343C2E90035D2E900431B0243EA10
S315100136E014632402C2E900430546401C4D5DD2E92C
S315100136F000342B43C2E900340346401CCB5C938152
S3151001370093894FF6FF7404EA032393819389044640
S31510013710401C0C5D234393810346401CCB5CD38133
S31510013720D3894FF6FF7404EA0323D381D389044660
S31510013730401C0C5D2343D3810346401CCB5C138292
S31510013740138A4FF6FF7404EA03231382138A04467D
S31510013750401C0C5D234313820346401CCB5C5382F1
S31510013760538A4FF6FF7404EA03235382538A04469D
S31510013770401C0C5D2343538270BD30B502460020B8
S31510013780137D0446401C0B551389C3F307250346C5
S31510013790401CCD54157A0346401CCD541579034669
S315100137A0401CCD5413791D02146845EA1463DDB229
S315100137B00346401CCD54147913681B0C43EA044389
S315100137C0DDB20346401CCD54148813791D0645EA13
S315100137D01423DDB20346401CCD5415780346401C14
S315100137E0CD5493891D0A0346401CCD54157B0346BF
S315100137F0401CCD54D3891D0A0346401CCD54957BDC
S315100138000346401CCD54138A1D0A0346401CCD5451
S31510013810157C0346401CCD54538A1D0A0346401C91
S31510013820CD54957C0346401CCD5430BD10B504468D
S3151001383018212046F1F741FB012104F1080004F09B
S31510013840A3FD0221204604F09FFD10BD30B50C22C8
S31510013850050A1346521CCD541346521CC85430BD8A
S3151001386010B50446204600F0CDF9204600F0ECF8DC
S31510013870204600F06DFA204600F059FA204600F075
S315100138801DF82046BDE8104000F042BA10B500F010
S315100138902DFA00F0F9F800F081FA00F049FAF2F782
S315100138A09DFAF7F7EFFBF1F749FFF7F72DFDFAF759
S315100138B0E5FEBDE8104000F02BB8000070B50546D6
S315100138C0124CA068006804F060FE616888420DD051
S315100138D0A068006804F059FE60604FF0FF320128BD
S315100138E00CD04FF4DC713C2004F066F860680128B6
S315100138F00AD12846BDE87040FCF7F2BA40F294713D
S315100139003C2004F059F8F1E770BD0000C800002012
S3151001391010B5B8B0E0216846F1F7CFFA1E4C1D4834
S31510013920A0600021016041608160C16003F0F7FD74
S31510013930A16848600020194903F0DFFD0246A0681E
S3151001394017A1406803F096FD00204FF0804103F067
S31510013950D4FD0246A06813A1406803F08BFD002038
S31510013960124903F0CAFD0246A06811A1406803F08E
S3151001397081FD3821684603F09EFD0246A0680EA11E
S31510013980406803F077FD0E4807F0E0FAA168086079
S3151001399038B010BD64090020C80000204088D3400B
S315100139A0636D6400736F7572636500000000F03F0C
S315100139B074617267657400006461746100000000CF
S315100139C041C800102DE9FC4704468A461746984619
S315100139D000200190FF2008EA0000C6B206F0800020
S315100139E010B10020BDE8FC8716484068E0600096DB
S315100139F094E80F00FCF770FB20610197206901998B
S31510013A004840019001AD2868C00F28B146F08006E4
S31510013A10286820F00040286004212846FDF702F9A5
S31510013A2081464E4501D00020DCE70198CAF8000016
S31510013A3004484068401C0349486000208860012002
S31510013A40D0E70000BC6F00200D49096801440C4AFB
S31510013A501160114609684EF6602291420ED300217B
S31510013A60074A11600749C96841B10649C968491C25
S31510013A7021B10449C968491E024AD1607047000044
S31510013A805C060020BC6F002010B50548054908608A
S31510013A900846006800210160FCF7A4FA10BD000079
S31510013AA054060020580600200148C06870470000DF
S31510013AB0BC6F002038B504460E48806868B900BF4F
S31510013AC00121684604F068FC9DF800000028F7D033
S31510013AD09DF800000749886000BF06484068E0600D
S31510013AE00448007A009094E80F00FCF791FA2061DF
S31510013AF0012038BDBC6F00200149C8607047000025
S31510013B00BC6F002070B5ACB00021029103910091F9
S31510013B10019100BF34480068006820B1324800683E
S31510013B2000682CB070BD694602A801F025FC04A8F6
S31510013B30FCF74EFB0898401C40B101F049FC089A6D
S31510013B40D317801A994101DB0220EAE72748C0689A
S31510013B5008B90120E5E7264A0020DDE90231D21A2B
S31510013B60884101D20320DCE701F032FCCDE90001E6
S31510013B700022DDE90010891A904114DA531EDDE99D
S31510013B800010A1FB034600FB036001FB03050021A6
S31510013B902798001BA94106DA01F036FC04201249C8
S31510013BA009680860BDE701F021FCCDE90001002399
S31510013BB0DDE90020D21A984114DA5A1EDDE9000116
S31510013BC0A0FB024601FB026100FB021500212898A9
S31510013BD0001BA94106DA01F021FC052002490968FA
S31510013BE008609EE700209CE758060020BC6F002065
S31510013BF000EA56FA00200249096808607047000079
S31510013C005806002010B5B2B004463548406D80B153
S31510013C103348406DA04205D93148406D001B3049EB
S31510013C20486506E000202E49486508652D49096852
S31510013C3048602B48006DC0B10021309131912E9111
S31510013C402F912EA930A801F097FB2548016DDDE9CA
S31510013C503030591A70F1000006D30020204908654A
S31510013C60486520490968486000BF1E4800684068D9
S31510013C70012832D001201B49096848600AA8FCF7BF
S31510013C80A7FA0C980290199804900D9803900B9826
S31510013C9001901B9806901A9805901C980790104849
S31510013CA0406D30B10E48006D18B10020029005909C
S31510013CB009E00B48006D10B10020059003E00020CB
S31510013CC00749486508650848006818B101A80649FA
S31510013CD009688847FFF78EFF00BF32B010BD00009C
S31510013CE0D46F0020680600206C06002010B5054828
S31510013CF00549086008460068002101604160FCF72B
S31510013D004BFC10BD600600206806002003F058B871
S31510013D1003F08CB810B5FCF73FFB002806D001F074
S31510013D2059FABDE810400120FFF778BC10BD704765
S31510013D3010B505480549086008460068002101606C
S31510013D4001F02CFA10BD0000700600207406002048
S31510013D5000B501460F4800684068D0B10D480068AB
S31510013D604068884207D90B4800684068401A094ADA
S31510013D70126850600DE00020064A12685060054A2C
S31510013D801268107002F00AFE18B10020024A106182
S31510013D90506100BD800600204872002010B5094808
S31510013DA0094908600846006800210160416002F077
S31510013DB0B5FD02F0F3FD18B10448034909684860DE
S31510013DC010BD0000780600208006002040771B00F9
S31510013DD007F062B92DE9F0470746884615463C4675
S31510013DE00026B14614B90020BDE8F087B8F11A0FC4
S31510013DF032D00CDCB8F10B0F13D0B8F10C0F1CD06C
S31510013E00B8F10E0F1ED0B8F1160F4ED129E0B8F148
S31510013E101C0F1CD0B8F11D0F35D0B8F11E0F44D1AF
S31510013E203DE02E686068B04202D84FF0000901E00B
S31510013E30286820614FF0010937E0206928604FF0AA
S31510013E40010932E0606828604FF001092DE0E06851
S31510013E5028604FF0010928E0A06828604FF0010999
S31510013E6023E02E68206930446168884202D92169AD
S31510013E706068461A226821698818314600F0C2F92D
S31510013E804FF0010911E00A4EA6F1805606F2FF30F5
S31510013E90800A86022660C6F50020606005E00020D3
S31510013EA020604FF40020606000BF00BF48469BE7CA
S31510013EB0501502102DE9F04706460F4615463446B1
S31510013EC04FF0000814B94046BDE8F087092F0AD013
S31510013ED004DC012F15D0052F31D121E0122F23D06B
S31510013EE0182F2CD119E005B929E0206829688842D4
S31510013EF004D028682060304600F089FB4FF0010895
S31510013F001DE0E561E06928B1606918B1606903F0E7
S31510013F1093F960614FF0010811E0D4F810800EE0BA
S31510013F2025624FF001080AE0A94699E80F0084E8D6
S31510013F300F00304600F06BFB4FF0010800BF00BFC9
S31510013F404046C1E710B503460020012904D00529D2
S31510013F5009D018290BD103E0064C2260012006E096
S31510013F60054C206803E0054C2260012000BF00BF0C
S31510013F7010BD00005C0800206008002064080020C5
S31510013F802DE9F04105460F4614462E464FF000081E
S31510013F9016B94046BDE8F081012F0BD0092F10D17B
S31510013FA004B90EE02068B060284600F011FC4FF00D
S31510013FB0010806E03460284600F00AFC4FF00108BB
S31510013FC000BF00BF4046E5E770B503460C461946EB
S31510013FD00025002609B9002070BD0E2C18D004DC6E
S31510013FE00B2C07D00C2C1FD10EE01A2C18D01C2C20
S31510013FF01AD111E015684868A84201D8002601E0D7
S315100140001068086101260FE00869106001260BE0AF
S3151001401048681060012607E0C8681060012603E0B1
S3151001402088681060012600BF00BF3046D4E72DE92D
S31510014030F04180460D461446002600270F2D02D06A
S31510014040102D18D10BE0266806F0020028B10023C6
S3151001405001220E211846EFF7AFFD01270BE0266866
S3151001406006F0020028B101231A460E210020EFF7AF
S31510014070A3FD012700BF00BF3846BDE8F081002827
S315100140800AD00168002905DC4168002902DC806834
S31510014090002803DD0120704700207047002070477B
S315100140A00548064A0168914202D14068012801D0AB
S315100140B00020704701207047F06D00204250504A91
S315100140C030B5002400282AD0002928D0144A0260CD
S315100140D0012242600A6882604A68C2608A68026187
S315100140E0D1F8B4204261D1F8DC208261C4EBC4025C
S315100140F001EBC20200EB44131569DD6155691D62BE
S3151001410095695D62D5699D62156ADD62958C1D861C
S31510014110956B5D63D26B9A63641C032CE6DB30BD31
S315100141204250504A10B57C210448F0F7C6FE0348A8
S31510014130034901600121416010BD0000F06D0020AE
S315100141404250504A2DE9F04306460F460025002EEF
S3151001415055D0002F53D0B868002800DA00203060FF
S31510014160F868002800DA002070603869002800DA43
S315100141700020B0607869002800DA0020C6F8B40083
S31510014180B869002800DA0020C6F8DC0007EB4514F0
S315100141901C34C5EBC50006EBC0030C33D3F8008005
S315100141A0B3F81A90C14500DAC1464A46414620681D
S315100141B0F7F7A0F858606068002800DA00209860C8
S315100141C04A464146A068F7F795F8D860E068002896
S315100141D000DA002018612069002800DA00205861F1
S315100141E0A08A1883A069002800DA0020D862E06945
S315100141F0002800DA002018636D1C032DC6DBBDE80C
S31510014200F08300002DE9F04707460E46364C4FF075
S3151001421000093648006828B900206062A0600120B4
S3151001422032490860A06800F0807010B10020BDE826
S31510014230F087A06800F0806008B10020F7E70EB99A
S315100142400020F4E700206062A0607D0A6D02B819B3
S3151001425000F2FF104FEA50284FEA4828A8EB05064E
S315100142603BE0A06840F00050A060A06840F010004C
S31510014270A060A06840F4AA40A06003F05BFF45F07F
S3151001428080502060A06840F00400A060DFF86090C4
S3151001429000BFA0681749084010B1B9F1000FF8D155
S315100142A0DFF84C9000BF606A00F0010030B9606A17
S315100142B000F0020010B9B9F1000FF4D103F03CFF80
S315100142C0606A00F0020018B100206062A060AEE7DB
S315100142D000206062A06005F500754545C1D3002038
S315100142E0A0603046A3E7000000900240A806002017
S315100142F0404B4C000400000130B503460C4603F157
S315100143008055002104E055F8210044F82100491C8C
S315100143109142F8D3104630BD2DE9F047054688463F
S315100143201646314CC1464FF0000A3048006828B98C
S3151001433000206062A06001202C490860A06800F08E
S31510014340807010B10020BDE8F087A06800F0806091
S3151001435008B10020F7E700206062A06000273CE06A
S31510014360A06840F01000A060A06840F00050A06066
S3151001437003F0E0FE45F080502060D9F8000020637C
S31510014380A06840F00100A060DFF864A000BFA0683B
S315100143901849084010B1BAF1000FF8D1DFF850A052
S315100143A000BF606A00F0010030B9606A00F00200D7
S315100143B010B9BAF1000FF4D103F0BEFE606A00F035
S315100143C0020018B100206062A060BCE700206062A4
S315100143D0A0602D1D09F104097F1CB742C0D300202E
S315100143E0A0603046AFE7000000900240A80600200A
S315100143F0404B4C000100000103F014F8FBF7E6FAFC
S3151001440006F082F902F0D6FEFCE72DE9F0470646E2
S315100144100F4615469846D6F818904FF0000A07B180
S3151001442015B90020BDE8F087B8F1000F04D041F2AC
S31510014430684050F809A003E041F26C4050F809A019
S31510014440504603F02CFC282822D20C2003F05AFCEB
S315100144500446E4B1284603F055FCA060A06898B163
S3151001446065602A463946A068F0F786FC2146504613
S3151001447003F05CFB012800D1D4E7A06803F06CFCC3
S31510014480204603F069FC02E0204603F065FC00BFFC
S315100144900020C7E72DE9F04104460D46A66900271D
S315100144A01DB141F26840875902E041F26C408759CB
S315100144B0384603F0F4FB20B1384603F0D1FBBDE8D2
S315100144C0F0810020FBE77CB504460025002600207C
S315100144D0019004B97CBDA06900B9FBE7A168C91DAB
S315100144E0C908C80003F00EFC0546A668606901906C
S315100144F005B9EFE701AA0B21206802F009FE324641
S315100145002946206802F038FEE06848B1A06900909B
S3151001451033462A46D4E9030102F097FD064604E024
S3151001452032462946A069F0F727FC284603F014FC09
S3151001453000BFCFE73EB5044604B93EBDA06900B938
S31510014540FBE7E069002835D0A168C91DC908C80074
S3151001455003F0D8FB0546A06802906069019005B981
S31510014560EBE70020E061A1692846029AF0F704FC06
S31510014570E06838B10095D4E903012A46029B02F09E
S315100145807DFD029001AA0B21206802F0C1FD02AA4D
S315100145901621206802F0BCFD01AA0B21206802F049
S315100145A0B7FD20682946029A02F0F5FD284603F068
S315100145B0D3FB00BF00BFC0E72DE9F04105460C460D
S315100145C016461F4680343B4632462146284603F09E
S315100145D0BFFCBDE8F0812DE9F04105460C461646B3
S315100145E01F4680343B4632462146284603F0F8FCE6
S315100145F0BDE8F08102461146002001B9704701203D
S3151001460000230B610B60C3044B6000BFF6E770B566
S315100146108AB005462C4600262846FBF716FCE069AB
S3151001462028B9A06918B1A06902F0E8FD6061E06AD5
S3151001463028B9A06A18B1A06A02F0E0FD6062E06BC9
S315100146400990206808902079401FC0B28DF8180093
S31510014650207B012802D18DF8190009E0207B022860
S3151001466003D100208DF8190002E002208DF81900FF
S3151001467000208DF81C008DF81A0001208DF81D0000
S31510014680A068012803D100208DF81B0002E001204B
S315100146908DF81B0006980799089A02AB07C309986B
S315100146A005900598009014F8340F13460A4602999E
S315100146B0EDF7D5FD20780021EDF7E1FF20787F2178
S315100146C0EEF707F820787821EEF710F82078012117
S315100146D0EDF7D5FF012044F8240C343C0126304671
S315100146E00AB070BD70B5054600262F4C2846FBF75B
S315100146F0C3FB206820F001002060A06E20F00100AD
S31510014700A066206E20F001002066606E20F0010088
S3151001471060660020EEF7D0F808B1002070BDEEF704
S3151001472067FF08B10020F9E7002220491046EEF78D
S3151001473093FF02221E491046EEF78EFF00221D49F5
S315100147400120EEF789FF00221B490220EEF784FFB4
S3151001475001221A490220EEF77FFF0322184902208F
S31510014760EEF77AFF002217490220EEF751FF0022D9
S3151001477015490520EDF7FAFF002213490620EDF73A
S31510014780F5FF002210490320EDF7F0FFEEF7C4F80C
S315100147900E4A00210220EDF7CBF80220EDF79BF827
S315100147A001263046BAE7000000A00040EC070020C1
S315100147B038080020000800202008002024080020C6
S315100147C044080020D1B50110F1330110E5F60010AF
S315100147D070B586B005462C4600260020059014B902
S315100147E0304606B070BD2846FBF762FB01262068ED
S315100147F008B93046F5E705A8ECF73DFD0120019013
S315100148000020029001208DF80D0000208DF80E0079
S3151001481017490598B0FBF1F00090164900988842A7
S315100148200CD202208DF80C000098A1684843009024
S315100148309DF80C100098C84000900BE004208DF8EC
S315100148400C009DF80C100098C84000900098A168C3
S3151001485048430090E068049020796946EDF7C2F864
S315100148602079EDF7B0FB2079EDF73FFA3046B8E73E
S3151001487040420F0002000100FEB5044625460026FF
S315100148800DB93046FEBD1D480068012800D1F9E773
S3151001489001208DF8040000208DF805008DF8060022
S315100148A08DF807008DF808009DF808008DF80000B6
S315100148B001221D210020019BEFF745F801231A461D
S315100148C01D210020EFF778F99DF808008DF80000FA
S315100148D001221C210020019BEFF735F801231A460E
S315100148E01C210020EFF768F900202861012601201C
S315100148F00249086006F094FE3046C3E72C090020F1
S315100149003EB504462046FBF7EAFA01208DF804006D
S3151001491000208DF805008DF806008DF8070001209E
S315100149208DF808009DF808008DF8000001220E216F
S315100149300020019BEFF707F801231A460E210020EC
S31510014940EFF73AF901203EBD2DE9F04705460C4631
S3151001495020785B2804D0264804600020BDE8F08743
S315100149600520E860601C06F051FE044620785D289B
S3151001497001D1601CF2E702F0CBFE0646A860A868DA
S3151001498008B90020EAE7204606F040FE8046414677
S31510014990304600F007FB074606F038FE04460CB910
S315100149A00020DBE718E002F0B3FE07460FB900203E
S315100149B0D4E737607E603E46601C06F027FE8146CE
S315100149C04946304600F0EEFA804606F01FFE0446D0
S315100149D00CB90020C2E700BF20782C28E3D020783C
S315100149E05D2801D1601CB9E7014804600020B5E7D4
S315100149F014060020014600220878302806DB0878C4
S31510014A00392803DC08783038024415E00878412843
S31510014A1006DB0878462803DC0878373802440BE0B1
S31510014A200878612806DB0878662803DC0878573889
S31510014A30024401E0002070471201491C0878302811
S31510014A4006DB0878392803DC08783038024415E08B
S31510014A500878412806DB0878462803DC08783738B9
S31510014A6002440BE00878612806DB0878662803DC27
S31510014A7008785738024401E00020DCE71201491C8E
S31510014A800878302806DB0878392803DC08783038AE
S31510014A90024415E00878412806DB0878462803DC2D
S31510014AA00878373802440BE00878612806DB087865
S31510014AB0662803DC08785738024401E00020BAE77B
S31510014AC01201491C0878302806DB0878392803DCDE
S31510014AD008783038024415E00878412806DB087852
S31510014AE0462803DC0878373802440BE00878612839
S31510014AF006DB0878662803DC08785738024401E09B
S31510014B00002098E7104696E72DE9F04F8BB08346C3
S31510014B108A460020044605460026674F002188462E
S31510014B2089460990012008909AF800002D2802D193
S31510014B30624F0AF1010A9AF80000302801D10AF1F0
S31510014B40010A9AF80000312822DB9AF80000392868
S31510014B501EDC00BF1AF8011BA1F1300007F08BFB18
S31510014B600022574BCDE906012046294607F0EAFBFC
S31510014B70CDE90401DDE9062307F0FEF804460D46EA
S31510014B809AF80000302803DB9AF800003928E1DD95
S31510014B909AF800002E2830D19AF8010030282CDB23
S31510014BA09AF80100392828DC0AF1010A00BF1AF81F
S31510014BB0011BA1F1300007F05EFB0022404BCDE94D
S31510014BC006012046294607F0BDFBCDE90401DDE9C2
S31510014BD0062307F0D1F804460D460022364B40460F
S31510014BE0494607F0D5FD804689469AF800003028D7
S31510014BF003DB9AF800003928D9DD9AF800006528F8
S31510014C0003D09AF80000452823D10AF1010A9AF82F
S31510014C1000002B2802D10AF1010A08E09AF80000D7
S31510014C202D2804D14FF0FF3008900AF1010A08E04F
S31510014C301AF8010B3038099901EB810100EB41009B
S31510014C4009909AF80000302803DB9AF800003928F9
S31510014C50EEDDDDE9082101FB02F007F00CFB42460F
S31510014C604B46CDE9000107F087F802460B46CDE920
S31510014C7002010020124900F0DBFB22462B46CDE94A
S31510014C8006013046394607F05DFBCDE90401DDE941
S31510014C90062307F057FB04460D46CBE90645204689
S31510014CA0294607F0B9FACBF814000320CBF80C000B
S31510014CB050460BB0BDE8F08F0000F03F0000F0BF8A
S31510014CC0000024402DE9F04706460C4620787B2843
S31510014CD004D0404804600020BDE8F0870620F0604B
S31510014CE0601C06F093FC044620787D2801D1601CD7
S31510014CF0F2E702F00DFD0546B060B06808B9002074
S31510014D00EAE7204606F082FC80464146284600F036
S31510014D1063F8074606F07AFC04460CB90020DBE777
S31510014D20286928620020286120783A2803D029486A
S31510014D3004600020D0E7601C06F068FC80464146FE
S31510014D40284600F02FF9074606F060FC04460CB918
S31510014D500020C1E732E002F0DBFC07460FB9002064
S31510014D60BAE72F607D603D46601C06F04FFC814618
S31510014D704946284600F030F8804606F047FC0446BE
S31510014D800CB90020A8E7286928620020286120783C
S31510014D903A2803D00F48046000209DE7601C06F0F6
S31510014DA035FC81464946284600F0FCF8804606F057
S31510014DB02DFC04460CB900208EE700BF20782C2864
S31510014DC0C9D020787D2801D1601C85E7014804608F
S31510014DD0002081E7140600202DE9F05F83468846FE
S31510014DE008F10104002798F80000222805D06A4826
S31510014DF0C0F800800020BDE8F09F04E014F8011B04
S31510014E005C2900D1641C2078222804D0207810B1A6
S31510014E10781C071EF2D1781C6049096888478146BB
S31510014E20B9F1000F01D10020E5E708F101044D4663
S31510014E309EE020785C2804D014F8010B05F8010BCC
S31510014E4096E0641C2078722818D006DC622809D0F6
S31510014E5066280BD06E287DD10CE0742812D07528E7
S31510014E60F9D113E0082005F8010B7FE00C2005F8B5
S31510014E70010B7BE00A2005F8010B77E00D2005F800
S31510014E80010B73E0092005F8010B6FE0601CFFF7B9
S31510014E90B1FD0646241DB6F55C4F02D3B6F5604F3B
S31510014EA000D306B962E0B6F5584F1CD3B6F55C4F80
S31510014EB019D260785C2802D1A078752800D055E007
S31510014EC0E01CFFF797FD8246A41DBAF55C4F02D38D
S31510014ED0BAF5604F00D349E0C6F30901504661F3B4
S31510014EE09F2000F580360427802E01D2012708E085
S31510014EF0B6F5006F01D2022703E0B6F5803F00D266
S31510014F0003273D44012F20D0022F15D0032F0AD09D
S31510014F10042F24D106F0BF0040F08001681E05461B
S31510014F200170B60900BF06F0BF0040F08001681E8F
S31510014F3005460170B60900BF06F0BF0040F08001BA
S31510014F40681E05460170B60900BF1548C05D30439D
S31510014F50C1B200E006E0681E0546017000BF00BF41
S31510014F603D4403E0207805F8010B00BF00BF641C27
S31510014F702078222803D0207800287FF45AAF002009
S31510014F8028702078222800D1641CCBF810900420B8
S31510014F90CBF80C0020462EE7140600201806002038
S31510014FA0B801021070B505460C460CB9002070BD4B
S31510014FB0042224A12046EFF794FE18B90220E860D6
S31510014FC0201DF4E7052221A12046EFF78AFE18B924
S31510014FD00020E860601DEAE704221EA12046EFF7D3
S31510014FE080FE20B90120E8606861201DDFE7207886
S31510014FF0222804D121462846FFF7EEFED7E720786E
S315100150002D2805D02078302807DB2078392804DCB4
S3151001501021462846FFF778FDC9E720785B2804D199
S3151001502021462846FFF790FCC1E720787B2804D15A
S3151001503021462846FFF746FEB9E7084804600020D6
S31510015040B5E700006E756C6C0000000066616C734C
S3151001505065000000747275650000000014060020DA
S3151001506070B504460B46082C31D204EB840000EBD4
S31510015070C405184800EB8501486910444861486920
S31510015080984203D34869C01A486101E0002048617B
S31510015090C8691844C861086A10440862D1E907054D
S315100150A0401B48620B483038D0E90060F61840F1D1
S315100150B00000084D303DC5E900602846D0E9026080
S315100150C0B61840F10000C5E90260012070BD00204C
S315100150D0FCE70000A87000202DE9F04104460D46BA
S315100150E00027FBF76FF800FB05F8FBF73BFB08FB06
S315100150F000F616B93846BDE8F081082C0FD276B104
S3151001510004EB840101EBC402064901EB820001683C
S3151001511029440160416931444161012700BF384684
S31510015120E9E70000A87000202DE9F04781460D46F9
S3151001513014461F46DDE90868B9F1080F02D30020AD
S31510015140BDE8F0872DB926B91CB9B8F1000F00D109
S3151001515017B101200B49C86229464846FFF7BCFF23
S315100151603146484600F06AF82146484600F092F862
S315100151704146484600F03CF8484600F0E9F801205F
S31510015180DEE70000787000200348C06A08B10020ED
S3151001519070470120FCE700007870002010B54FF42D
S315100151A0E8710A4801F00CFE0848806A08498842ED
S315100151B00AD04FF4E8710548EFF77FFE044803491A
S315100151C0886200204862086210BD000078700020D5
S315100151D02E5BA6D110B54FF4E8710348EFF76DFEBB
S315100151E002480149886210BD787000202E5BA6D155
S315100151F030B50246002309B9184630BD082A19D21E
S31510015200C1B102EB820404EBC2050B4C04EB850021
S3151001521044698C4206D3C4680C44C4604469641A58
S31510015220446105E04569C4682C44C46000244461A6
S31510015230012300BF1846E0E7A870002030B50246EA
S31510015240002309B9184630BD082A0FD271B102EBF5
S31510015250820404EBC205064C04EB850084680C44F9
S31510015260846044690C444461012300BF1846EAE78F
S31510015270A87000200146082901D30020704701EBD0
S31510015280810000EBC102024800EB8200F6E7000044
S31510015290A87000202DE9F04704460D460026B146B8
S315100152A0FBF76CFA8046FBF763FA0746082C02D324
S315100152B00020BDE8F087012F23D904EB840000EB11
S315100152C0C401224800EB8100806A0544002104EBE9
S315100152D0840000EBC4021D4800EB820081620DE0E0
S315100152E0BD4202D34644ED1B08E004EB840000EBFB
S315100152F0C401164800EB810085620025002DEFD10F
S3151001530001E005FB08F60EB94846D2E7082C1AD279
S31510015310CEB104EB840101EBC4020C4901EB82000E
S315100153204169B14206D34168314441604169891BE3
S31510015330416105E0426941681144416000214161C2
S315100153404FF0010900BF4846B3E70000A8700020DE
S3151001535010B5014601EB810202EBC103054A02EBCE
S315100153608300836802681A44C46843682344D21AC6
S31510015370026110BDA87000202DE9F04706460F46C0
S315100153804FF000084246434644464546002114E084
S3151001539001EB810C0CEBC108DFF830C00CEB880077
S315100153A0D0F81CC01CEB020243F10003D0F820C058
S315100153B01CEB040445F10005491C0829E8D3C6E98C
S315100153C00023C7E90045BDE8F0870000A87000205A
S315100153D00548D0E90030044AD2E902125B1A60EBA3
S315100153E00201184670470000787000200548D0E980
S315100153F00430044AD2E906125B1A60EB0201184620
S3151001540070470000787000200021034A1160516036
S3151001541000209060D0607047787000200021034A08
S315100154201161516100209061D06170477870002040
S315100154302DE9F04D1D460C4698B0174621F0004156
S3151001544023F00043002814BF4FF0010C4FF0000C5D
S315100154500CEB440CFE4A0CEB02064FEA620C664555
S315100154602BD33E0018BF012606EB45061644F94A12
S31510015470964222D3F84A53EA070C02D0944205D138
S3151001548048B918B000201146BDE8F08D002808BFB4
S315100154904FF0000C01D04FF0010C0CEB440212F549
S315100154A0001F0AD8002F14BF4FF0010C4FF0000C4B
S315100154B00CEB450212F5001F07D918B03A462B46D8
S315100154C02146BDE8F04DFAF761BA0022DFF88CA348
S315100154D0002CB8BF534526DADFF884C36345A8BF4D
S315100154E0022220DADFF870C39C451CDCDFF874C396
S315100154F00CEB235CBCF1140F08DDCCF1340627FA52
S3151001550006FC0CFA06F6BE420DD108E05FB9CCF1E5
S31510015510140623FA06FC0CFA06F69E4203D10CF089
S315100155200102C2F1020251EA000C19D1002D17DA5B
S31510015530002C18BF022A01D0012A07D00220EFF74A
S3151001554086FD18B0BDE8F04DFAF718BA0220EFF74C
S315100155507EFDFAF713FA18B081F00041BDE8F08D1F
S31510015560B7F1000C6CD1534525D104F1804212F5E7
S31510015570801201BF00280020B74918B008BFBDE846
S31510015580F08DB548884207DC002DA1BF604629463B
S3151001559018B0BDE8F08D07E0281E05DA80F000414D
S315100155A018B06046BDE8F08DAF497944D1E90001E4
S315100155B018B0BDE8F08DDFF8A0C2634525D1002DE6
S315100155C01FDA19B1514512D1D8B909E0002840F0B6
S315100155D0EC82A24A214618B062F31E01BDE8F08D95
S315100155E00020214618B060F31E01BDE8F08D08DADF
S315100155F018B02346BDE8F04D02460020614606F07C
S3151001560077BC18B02146BDE8F08D514518DAB5F1D1
S31510015610804F0DD0A5F1005CBCF1FF5C10D1B4F147
S31510015620000C0DDB18B06146BDE8F04D06F023B84D
S31510015630234618B00246BDE8F04D194606F082BE63
S31510015640060024F0004C3BD1D9B1514533D1002C81
S3151001565006DD002DA1BF0020514618B0BDE8F08D22
S31510015660002C01DD002D1BDB002C13DA002D11DBC4
S31510015670012A4FF0000014BF78497C4918B0BDE8E3
S31510015680F08D022A18BF002C0AD0012A08D1002C4D
S3151001569006DA0AE0002CB8BF002D11DA012A04D06F
S315100156A0002018B00146BDE8F08D18B000204FF06B
S315100156B00041BDE8F08DA1F14050B0F17F601AD0E4
S315100156C0012000EBE47050EA020421D0624C521E14
S315100156D04FF0000B104304BF4FF0000B644C6548AC
S315100156E083427CDD644A654893421FDD884217DB9D
S315100156F0002D25DB37E0002C00DA4AB1022A0CBF57
S3151001570001204FF0FF3018B0BDE8F04D06F0B3BDE3
S315100157100120EFF79CFC18B0BDE8F04DFAF738B947
S315100157204D4A8A4202DC002D0ADC1CE0814202DA73
S31510015730002D18DA04E0484B994220DD002D12DDC8
S315100157400220EFF784FCFAF729F905460E460022E6
S3151001575053465846214606F0F5FD18B066F31E016C
S315100157602846BDE8F08D0220EFF771FCFAF71EF915
S315100157700A46214618B062F31E01BDE8F08D0022DB
S315100157803046614607F004F880460E466FF0010276
S3151001579007F01AFA4FF05532394B06F007FF424619
S315100157A0334606F0CFFD0022364B06F0FFFE824649
S315100157B04246334604911046194606F0C3FD524639
S315100157C0049B06F0BFFD8A4600904FF0C0422E4B57
S315100157D04046314606F0B6FD2C4A2B4B00E027E039
S315100157E0CDE906015146009806F0ACFD82460191BD
S315100157F0274A284B4046314606F0A4FD5246019BE6
S3151001580006F0C6FF82460B4602460591DDE9060102
S3151001581006F0B2FADDE9062300268846304606F080
S31510015820B7FF5246059B06F0C1FE024600F07EB94F
S315100158300020B1F5801F07DA35223046614607F0A0
S31510015840C3F906466FF0340000EB215024E0000046
S31510015850FFFF1F00FFFF0F000000F03F0000F07F69
S315100158600000404301FCFFFF0ABE00000000F0FFEC
S315100158700000F0BF0000E0410000F043FFFFEF3FE2
S315100158805555D53F0000E03F4715F73FFE822B6582
S3151001589044DF5DF80BAE543EA0F2FF300190C1F328
S315100158A0130040F07F6141F040510291FE49884258
S315100158B0D8BF002004DDFD498142C8BF012001DDAA
S315100158C00D9008E000200D900198401C019002985F
S315100158D0A0F5801002900299F54878440B910D9924
S315100158E000EBC100D0E900230F9330460A920B99C1
S315100158F006F04EFFCDE90601DDE90A2130460F9B80
S3151001590006F03AFA02460B460020EA4906F0F0FA8A
S31510015910059102460B460090DDE9060106F012FDDF
S315100159201490E5488A464FF00008784402990068B9
S3151001593012904FF0005040EA61010D980F9B01EB58
S31510015940804000F5002109910A9A129806F020FF6D
S3151001595032460B9B06F02AFE4246534606F0F2FCEF
S315100159600646029140465146099B129A06F0EAFCF8
S31510015970DDE9062306F01AFE3246029B06F008FF01
S31510015980059B009A06F0DEFC0091149A049053468A
S315100159901046194606F0D6FC06460246C7480B467F
S315100159A0029106217844F9F7B5FECDE90510029B5F
S315100159B032461046194606F0C5FCDDE9053206F0F9
S315100159C0C1FC05910646534640461946149A06F0FF
S315100159D0D3F9009B049A06F0B5FC3246059B06F0F6
S315100159E0CBF9CDE90510424653461046194606F045
S315100159F0A9FC0022B24B02910A9006F0BDF9DDE92D
S31510015A00053206F0B9F90E464246AD4B404606F050
S31510015A10BFFE029B0A9A06F0BBFEDDE9053206F0CF
S31510015A20C5FD424602910A9033461046514606F08C
S31510015A3089FCCDE906015346149A02990A9806F093
S31510015A4081FC8A460290334642460099049806F034
S31510015A5079FC5346029A06F08FF982460B460246A6
S31510015A600591DDE9060106F087F9DDE90623002037
S31510015A708846064606F08CFE5246059B06F096FDB4
S31510015A80824609914FF060428E4B3046414606F0F0
S31510015A9059FC049006918C4A8A4B5046099906F096
S31510015AA051FC82460291894A894B3046414606F09D
S31510015AB049FC5246029B06F05FF9864B7B440D9AD0
S31510015AC003EBC203D3E9002306F056F90E900791B2
S31510015AD0019806F0D0FB0591DDE9061382460E9A70
S31510015AE0049806F049F97C4A7A440D9B02EBC303EC
S31510015AF0D3E900230093029206F03EF95246059B24
S31510015B0006F03AF90026884652463046059B06F0BD
S31510015B103FFE009B029A06F03BFE069B049A06F096
S31510015B2037FE079B0E9A06F041FD024600200B46F2
S31510015B3002903846294606F005FC824601912B460D
S31510015B4038461946029A06F023FE3246434606F0B7
S31510015B50F9FB5246019B06F00FF907468A46324673
S31510015B6043462946029806F0EDFB05460E463A468F
S31510015B70534606F001F9594A8846914221DBA8EBB2
S31510015B80020353EA000210D12A46334606F000FEFC
S31510015B90CDE90401524A534B3846514606F0ECF80A
S31510015BA0DDE9042306F0CCFC21D20220EFF74FFAEF
S31510015BB0F9F7F4FE0A46214618B062F31E01BDE854
S31510015BC0F08D494B28F000429A4210D3474A08EB10
S31510015BD0020353EA00027FF4C6AD2A46334606F0A5
S31510015BE0D7FD3A46534606F0ABFC7FF6BCAD002214
S31510015BF0019228F000403E493E4A01EB2051824273
S31510015C0023DA481C4FF4801121FA00F040443A4A35
S31510015C10C0F30A517A44394BA1F2FF31CB4020EA45
S31510015C200303C0F3130040F48010C1F11401C840FE
S31510015C3012680190B8F1000FBCBF4042019028468E
S31510015C40314606F0A5FD05460E462A463346384628
S31510015C50514606F091F84FF000084246284B40464F
S31510015C60059106F06FFBCDE90601264A264B404603
S31510015C70059906F067FB009102902A463346404685
S31510015C80059906F085FD3A46534606F08FFC1F4AE4
S31510015C901F4B06F057FB009B029A06F06DF807465C
S31510015CA0884602460B4635E08E9803007AB60B00FD
S31510015CB052BA00000000F03F8ABA0000B8B90000DD
S31510015CC00000084009C7EE3FFD033ADCF5015B14FD
S31510015CD0E02F3EBE90B8000054B80000000090407E
S31510015CE0FE822B654715973C00CC904000346F3FE0
S31510015CF001FCFFFF0000E03FA0B70000FFFF0F000F
S31510015D00432EE63F396CA80C615C20BEEF39FAFED2
S31510015D10422EE63FDDE9060106F02EF8DDE90623FF
S31510015D2005460E4606F034FD3A46434606F03EFC5D
S31510015D300F462A46334600901046194606F002FBD6
S31510015D40824602462E4888460B4605217844F9F7C5
S31510015D50E1FC5246434606F0F5FA2A46334606F06A
S31510015D6025FC80468A463B4628463146009A06F06F
S31510015D70E9FA3B46009A05F0FFFF069100900022D2
S31510015D804FF080434046514606F002FD0F460C90F7
S31510015D90424653462846314606F0D4FA3B460C9AFB
S31510015DA006F0A6F8069B009A06F0F2FC2A46334640
S31510015DB006F0EEFC0022134B06F0F8FB054601989F
S31510015DC00E4601EB00510815002810DC2846314615
S31510015DD0019A06F0F9FEF9F789FC042808BFF9F7CC
S31510015DE0E5FD28463146019A06F0EEFE05460B46BC
S31510015DF018B02A4658462146BDE8F04D06F0A2BA1B
S31510015E0040B600000000F03F0146491E41EA61011B
S31510015E1041EAA10141EA211141EA212141EA214147
S31510015E20481C70472DE9FF4F85B092461E464FF02C
S31510015E30000B052003900598D0F80880D946002557
S31510015E4000200290019003E009F10109D8F80080C1
S31510015E50B8F1000FF8D1B9F1000F16D12EB1032107
S31510015E603046FDF753FA834604E003207E4909685C
S31510015E7088478346BBF1000F03D07CA15846EEF745
S31510015E80EDFE584609B0BDE8F08F002E57D0B56823
S31510015E9001213046FDF73AFA04460CB90020F1E724
S31510015EA05B202070B068401CB0600598D0F808805F
S31510015EB02EE0334652460699491C404600F042FCF4
S31510015EC0304605F079FDB060D8F80000F0B1BAF1AE
S31510015ED0000F01D0022000E0012003900399491C14
S31510015EE03046FDF713FA04460CB90020CAE72C20F8
S31510015EF004F8010BBAF1000F02D0202004F8010BAF
S31510015F0000202070B16803980844B060D8F800806A
S31510015F10B8F1000F02D002980028CAD002213046EB
S31510015F20FDF7F4F904460CB90020ABE75D2004F83F
S31510015F30010B00202070306800EB050B91E04FEA51
S31510015F40890049490968884707460FB9002099E72A
S31510015F504FEA89013846EEF7B0FF0598D0F8088068
S31510015F6021E0002352460699491C404600F0EAFBFF
S31510015F70049029466D1C049847F82100049870B1C5
S31510015F800498EEF78FFE801CBAF1000F01D00121A3
S31510015F9000E00021014403980844039001E0012028
S31510015FA00290D8F80080B8F1000F02D002980028AC
S31510015FB0D7D0029820B92C49039809688847834697
S31510015FC0BBF1000F01D101200290029890B100257A
S31510015FD008E057F8250020B157F82500244909682B
S31510015FE088476D1C4D45F4DB3846214909688847B9
S31510015FF0002047E75B208BF800000BF1010400201D
S315100160002070002521E057F82500EEF74BFE019090
S3151001601057F825102046019AEEF7AEFE0198044472
S31510016020A9F10100A8420AD02C2004F8010BBAF1FB
S31510016030000F02D0202004F8010B0020207057F821
S3151001604025000B49096888476D1C4D45DBDB384631
S315100160500749096888475D2004F8010B002004F8F8
S31510016060010B58460EE70000180600205B5D000084
S315100160701C0600202DE9FC47044689464FF0000A0C
S31510016080D4E90656002213462846314606F088F80A
S3151001609015D1B9F1000F05D002214846FDF736F9A1
S315100160A0824604E002202249096888478246BAF1ED
S315100160B0000F39D01FA00088AAF8000034E06069EB
S315100160C006F0D9F807462A46334606F061FB21F059
S315100160D000410022184BCDE9000106F0F7F823D84C
S315100160E0164A174B2846314606F0F0F81CD80022FE
S315100160F0144B2846314606F023FA15D8B9F1000F8C
S3151001610005D015214846FDF701F9824604E0152010
S315100161100749096888478246BAF1000F04D00AA1D7
S3151001612050466269EEF708FC5046BDE8FC87000050
S3151001613018060020300000000000B03C0000C0FF2F
S31510016140FFFFDF410000E0C1256400002DE9FF4F8C
S3151001615089B0884616461F4600200890079006907B
S315100161604FF0070A00250998D0F8089000200290F0
S315100161700190009004E00298401C0290D9F800901A
S31510016180B9F1000FF7D10298002835D157B116B1E0
S3151001619008F1040000E0032001463846FDF7B6F881
S315100161A0069009E016B108F1040100E00321084642
S315100161B0EA49096888470690069818B900200DB073
S315100161C0BDE8F08F069C7B2004F8010B66B10A200E
S315100161D004F8010B002503E0092004F8010B6D1CDE
S315100161E0A8F10100A842F7DC7D2004F8010B00207C
S315100161F004F8010B0698E2E7002F77D0BD680EB1BF
S31510016200022000E0012082460AF101013846FDF71D
S315100162107DF804460CB90020D1E77B2004F8010B68
S3151001622016B10A2004F8010B00202070B8685044FA
S31510016230B8600998D0F8089008F1010868E0B6B17D
S3151001624041463846FDF762F804460CB90020B6E718
S315100162500020039005E0092004F8010B0398401C67
S31510016260039003984045F6DBB8684044B860394658
S31510016270D9F8200000F07EF9384605F09DFBB8608C
S315100162800EB1022000E00120824651463846FDF744
S315100162903DF804460CB9002091E73A2004F8010BA9
S315100162A016B1092004F8010BB8685044B8603B4692
S315100162B032464146484600F045FA384605F07CFB21
S315100162C0B8600EB1012000E00020D9F8001009B124
S315100162D0012100E0002100EB010A0AF10101384613
S315100162E0FDF714F8044614B9002068E734E0D9F82C
S315100162F0000010B12C2004F8010B16B10A2004F885
S31510016300010B00202070B8685044B860D9F800908D
S31510016310B9F1000F93D116B108F1010000E0022086
S3151001632001463846FCF7F2FF04460CB9002046E751
S315100163304EB1002503E0092004F8010B6D1CA8F1EC
S315100163400100A842F7DC7D2004F8010B0020207023
S31510016350386828440690FEE0029988007F4909684A
S3151001636088470890089808B9002028E702998800FC
S315100163707A49096888470790079828B9784908988B
S315100163800968884700201AE7029881000898EEF7F5
S3151001639094FD029881000798EEF78FFD0998D0F8C1
S315100163A0089008F1010806B1C2442EE00021D9F87F
S315100163B0200000F0DFF80490079941F8250000232A
S315100163C032464146484600F0BDF929466D1C0590F6
S315100163D0089A42F82100049898B1059888B1059851
S315100163E0EEF760FC83460498EEF75CFC0BEB0001BC
S315100163F0891C16B108F1020000E00020084482440D
S3151001640001E001200190D9F80090B9F1000FCDD12A
S31510016410019820B95046514909688847069006984F
S3151001642008B901200190019818B3002514E00798C6
S3151001643050F8250028B1079951F8250048490968EF
S315100164408847089850F8250028B1089951F8250071
S315100164504349096888476D1C02988542E7DB404924
S315100164600798096888473E490898096888470020AF
S31510016470A5E67B21069801700698441C16B10A20E0
S3151001648004F8010B00202070002548E05EB10020C1
S31510016490039005E0092004F8010B0398401C0390B2
S315100164A003984045F6DB079951F82500EEF7FAFBFC
S315100164B00090079850F825102046009AEEF75CFCDC
S315100164C0009804443A2004F8010B16B1092004F887
S315100164D0010B089850F825102046EEF7BFFB0899D6
S315100164E051F82500EEF7DEFB04440298401EA8423F
S315100164F002D02C2004F8010B16B10A2004F8010B66
S3151001650000202070079951F8250015490968884718
S31510016510089951F825001249096888476D1C029897
S315100165208542B3DB0E490798096888470C490898D4
S31510016530096888474EB1002503E0092004F8010BCC
S315100165406D1CA8F10100A842F7DC7D2004F8010BAF
S31510016550002004F8010B069831E600001806002009
S315100165601C06002070B504460D462946206900F028
S3151001657001F870BD2DE9F05F804689460027BB46BC
S31510016580454611E02878002802DD2878202805DB09
S315100165902878222802D028785C2801D1012000E031
S315100165A0002040EA0B0B6D1C28780028EAD1BBF1BC
S315100165B0000F22D1A5EB0807B9F1000F05D0F91C80
S315100165C04846FCF7A3FE064604E0F81C574909683D
S315100165D08847064616B90020BDE8F09F34462220AA
S315100165E004F8010B41462046EEF738FB2220E05510
S315100165F00021781C21543046EEE7B8F1000F16D170
S31510016600B9F1000F05D003214846FCF77FFE064677
S3151001661004E0032045490968884706460EB900205B
S31510016620DAE743A13046EEF719FB3046D4E7454683
S315100166300DE095F800A051463EA0EEF705FB08B116
S315100166407F1C03E0BAF1200F00DA7F1D6D1C28783C
S3151001665010B1781C071EECD1B9F1000F05D0F91C49
S315100166604846FCF753FE064604E0F81C2F49096814
S31510016670884706460EB90020AEE734464546222025
S3151001668004F8010B47E028781F280ADD287822280C
S3151001669007D028785C2804D015F8010B04F8010BF3
S315100166A039E05C2004F8010B15F8011B8A460C2908
S315100166B019D006DC082912D0092920D00A2922D19D
S315100166C015E00D2917D0222905D05C291BD15C2094
S315100166D004F8010B1EE0222004F8010B1AE06220D7
S315100166E004F8010B16E0662004F8010B12E06E2087
S315100166F004F8010B0EE0722004F8010B0AE0742075
S3151001670004F8010B06E052460CA12046EEF714F9E7
S31510016710641D00BF00BF28780028B4D1222004F8D8
S31510016720010B002004F8010B304655E7180600202E
S3151001673022220000225C080C0A0D0900752530344E
S31510016740780000002DE9F04104460F4690461D469B
S31510016750002614B90020BDE8F081002D46D0207B1B
S31510016760072842D2DFE800F00F1A04252B31390031
S3151001677005212846FCF7CAFD06461EB137A130464B
S31510016780EEF76CFA31E006212846FCF7BFFD064606
S315100167901EB134A13046EEF761FA26E005212846EE
S315100167A0FCF7B4FD06461EB130A13046EEF756FA97
S315100167B01BE029462046FFF75DFC064615E02946F3
S315100167C02046FFF7CFFE06460FE02B4642463946D6
S315100167D02046FFF727FB064607E02B464246394679
S315100167E02046FFF7B3FC064600BF34E0207B07289E
S315100167F030D2DFE800F0090E0413191F270017A085
S3151001680001F000F8064625E016A000F0FBFF06464B
S3151001681020E016A000F0F6FF06461BE000212046F8
S31510016820FFF728FC064615E000212046FFF79AFEE1
S3151001683006460FE00023424639462046FFF7F2FA94
S31510016840064607E00023424639462046FFF77EFCFE
S31510016850064600BF00BF30467DE700006E756C6CC2
S315100168600000000066616C73650000007472756546
S315100168700000000070B50446002600F08FF80128CC
S3151001688037D02046F9F780FF0546092D09D11F4853
S315100168904068A04205D103201D49096808700126E8
S315100168A026E0082D09D119488068A04205D1022099
S315100168B017490968087001261AE0062D09D11348EF
S315100168C0C068A04205D10120114909680870012646
S315100168D00EE00E480069401C0C4908610846006923
S315100168E0062805D3012048610A4809490968486004
S315100168F000BF012E07D108480549096848600020E4
S31510016900024948610861304670BD00004872002096
S315100169108006002040771B0080EE360010B5182146
S31510016920194800F04DFA18480068184988420FD0E6
S3151001693018211548EEF7C1FA15481349486015484C
S3151001694088601548C8600020086148610F480860D2
S315100169500D494868F9F718FF092802D00C480A4969
S31510016960486009498868F9F70FFF082802D00948D5
S31510016970054988600449C868F9F706FF062802D058
S3151001698005480149C86010BD4872002053AC48C77C
S315100169905E5C2F0B38564C052A2C0A0001484069BB
S315100169A0704700004872002070B504460026FFF7B4
S315100169B0F5FF012824D02046F9F7E6FE0546092DF4
S315100169C008D1104800680078032803D10E484460A6
S315100169D0012614E0082D08D10A480068007802281B
S315100169E003D109488460012609E0062D07D105481F
S315100169F000680078012802D10348C460012600BF4F
S31510016A00304670BD8006002048720020014800689B
S31510016A100078704780060020F0B503460C4600202A
S31510016A202749284D284E48E0284A1268521CB2B10F
S31510016A30264A17681268521CDFF890C0CCF800205D
S31510016A4016F807C00246401C03F802C01F4A126816
S31510016A50102A32D34FF0FF321C4F3A602DE02A1E16
S31510016A60A5F101073D4619D00A6802F01002AAB134
S31510016A70002205E04F68DFF850C04CF82270521C16
S31510016A80042AF7D30027DFF844C0CCF800700F684A
S31510016A9047F008070F600B4F3D4600BF6DB9002246
S31510016AA001E04F68521C042AFBD3D1F800C04CF008
S31510016AB0080CC1F800C0034D00BFA042B4D3F0BD0D
S31510016AC000500B40400D0300607200208806002024
S31510016AD00448016821F004010160016821F00801F0
S31510016AE00160704700500B40704710B501F05CFC17
S31510016AF010BD000001463D2901D10120704707480C
S31510016B00026805E01078884201D10120F6E7521C8F
S31510016B1010780028F6D100BF00BFEFE790060020DD
S31510016B20F8B504460CB101B10AB90020F8BD0CE064
S31510016B302378802B01DB0020F8E74848C05CE02869
S31510016B4002D1641C491E00E001E00029F0D100BF0A
S31510016B500EE0481E235C802B01DB0020E6E73F4850
S31510016B60C05C40F01300F32801D1491E00E001E09A
S31510016B700429EED200BF01F0030008B10020D5E7C9
S31510016B80002A66D0002662E0002514E014F8013BC5
S31510016B90802B01DB0020C9E73D2B00D10DE02F48EA
S31510016BA0C05C0DF805001DF8050000F0800008B165
S31510016BB00020BBE76D1C042DE8DB00BF042D1AD1A4
S31510016BC09DF8000080009DF8017040EA271002F838
S31510016BD0010B9DF8010000019DF8027040EAA70023
S31510016BE002F8010B9DF803009DF8027040EA871028
S31510016BF002F8010B2AE0032D16D19DF80000800042
S31510016C009DF8017040EA271002F8010B9DF801006A
S31510016C1000019DF8027040EAA70002F8010BB010BE
S31510016C2000EB4000801C81E7022D0DD19DF800007C
S31510016C3080009DF8017040EA271002F8010BB01090
S31510016C4000EB4000401C71E700206FE7361D8E42B5
S31510016C509ADB880800EB400068E70000B8090210CB
S31510016C60F0B503460C460BB104B10AB90020F0BDCC
S31510016C70214662E0032931DB13F8015B13F8016B3E
S31510016C8013F8017B3348006800EBA500007802F881
S31510016C90010B280140EA261000F03F00DFF8B4C0CE
S31510016CA0DCF800C01CF8000002F8010BB00040EA45
S31510016CB0A71000F03F00DFF89CC0DCF800C01CF8FC
S31510016CC0000002F8010B07F03F00DFF888C0DCF87E
S31510016CD000C01CF8000002F8010B2DE013F8015B4F
S31510016CE0022902D113F8016B00E000261948006849
S31510016CF000EBA500007802F8010B280140EA2610E6
S31510016D0000F03F00DFF84CC0DCF800C01CF80000B2
S31510016D1002F8010B012901D13D2008E03F2000EACC
S31510016D208600DFF830C0DCF800C01CF8000002F85D
S31510016D30010B3D2002F8010BC91E00299ADC002027
S31510016D4002F8010BA01C4FF0030CB0FBFCF0800005
S31510016D508DE700009006002010B504462046FCF78A
S31510016D60A3FA2046FCF789FA10BD10B5FCF79EFA76
S31510016D70FCF784FA10BD0000014800687047000056
S31510016D800406002070B506460C46154605E014F8B3
S31510016D90011B304600F008F80646281EA5F101052C
S31510016DA0F5D1304670BD0000024682EA0100C0B23C
S31510016DB0024B33F8100080EA22207047B807021000
S31510016DC070B506460D46142000F09CFF04464CB3E0
S31510016DD014212046EEF771F8E660658105F10F0082
S31510016DE0C0084FF6FF7101EA001020810E480068B5
S31510016DF0006870B10C490968086802890168114474
S31510016E0021600949096809682161074909680C6007
S31510016E1004E0002020600448006804602046F9F769
S31510016E2011FF70BD0020FCE7080600202DE9F04790
S31510016E3007464FF000094FF001082A48006880689C
S31510016E40B84207D9274800688068C11B25480068E1
S31510016E50816044E02348006804682FE062890020BD
S31510016E60E168FFF78FFF0546E088A84224D026681F
S31510016E70E5800622A11D0020FFF784FF0546A580A7
S31510016E8000BF184909680823221D48683146FDF7D5
S31510016E90A2FB63891349E2680968486806F108018B
S31510016EA0FDF799FB2068B04203D1208906EB6006F5
S31510016EB0E7E709F1010900BF246900BF14B1B8F170
S31510016EC0010FCBD0B8F1000F04D005210548006899
S31510016ED0816003E0002103480068816000BFBDE8BE
S31510016EE0F08700000806002010B508480849086018
S31510016EF008460068002101604160816005A000F02C
S31510016F007FFF03490968486010BD0000506F0020DB
S31510016F10080600206672616D000000002DE9F0413F
S31510016F20044601F00BF905462E4600270FE001F045
S31510016F3005F90646AE4201D3771B03E0C5F1FF30D2
S31510016F403044471CBC4201D9E41B00E00024002C4C
S31510016F50EDD1BDE8F0812DE9F04FADF5457D8046C7
S31510016F60894615461E46DDF83CB3CE9F4FF0000A02
S31510016F7000244A4641466846FBF78CFFDBF80000C1
S31510016F80C390DBF80400C4901FE02868C1906868BC
S31510016F90C2903B46082229466846FBF731FF8244D8
S31510016FA0002405E0385DC3A9095D48403855641CC5
S31510016FB0082CF7D3C299C198C491C39008370835E4
S31510016FC0082E01D9083E00E00026002EDDD15046DC
S31510016FD00DF5457DBDE8F08F2DE9F04FADF5437DFB
S31510016FE081468A4616461D46CC9F4FF0000B00245B
S31510016FF0A046524649466846FBF74CFF1EE0B8F1DB
S31510017000000F01D1DDF83483002406E0305D18F855
S3151001701004104840C1A90855641C082CF6D33B46F8
S315100170200822C1A96846FBF711FF8344B846083602
S315100170300837082D01D9083D00E00025002DDED1C5
S3151001704058460DF5437DBDE8F08F2DE9F041ADF5BC
S31510017050427D04460D4616461F46DDF820832A4614
S31510017060214601A8FBF716FF43463A46314601A8C9
S31510017070FBF7C6FE0DF5427DBDE8F0812DE9F04125
S31510017080ADF5427D04460D4616461F46DDF82083B2
S315100170902A46214601A8FBF7FDFE43463A463146EC
S315100170A001A8FBF7D3FE0DF5427DBDE8F08110B5C1
S315100170B0044624B1E06810B1E1686068884710BDE4
S315100170C010B504462046FFF747FE204600F0F5FFAF
S315100170D010BD10B501F000F8FFF747FE10BD000016
S315100170E0002100B970470022C261084A126812B91C
S315100170F0064A106007E0054A116800E0C969CA69C5
S31510017100002AFBD1C86100BFECE700008C06002005
S3151001711070B504460D4616463CB1A06928B13246F3
S315100171202946A3696068984770BD0020FCE70000F6
S3151001713070B50546002400260DB9002070BD0D4816
S31510017140046806E029462068EDF7DEFE00B902E084
S31510017150E469002CF6D100BF2CB1A06818B1D4E9AE
S31510017160010188470646012E01D00020E6E7204698
S31510017170E4E700008C06002070B504460D4616465D
S315100171803CB1206928B1324629462369606898477F
S3151001719070BD0020FCE770B504460D4616463CB19D
S315100171A0606928B13246294663696068984770BD9F
S315100171B00020FCE770B500F0C1FF044600250E481B
S315100171C00068844203D30C480068251A05E00A4872
S315100171D00068C0F1FF302044451C0748046028466A
S315100171E003F07CFF284600F04DFF284603F094FA81
S315100171F02846FFF765FF70BD0006002070B50546ED
S3151001720000240DB9002070BD142000F07BFD04464A
S315100172100CB90020F7E7281D00F074FD6060606866
S3151001722020B9204600F098FD0020ECE70020A06070
S31510017230E06025602046E6E710B504460CB900204B
S3151001724010BD00F077FF606810B1606800F084FD32
S31510017250204600F081FD00F06FFF0020F0E770B5C9
S315100172600446002500F066FF7CB1A06820B1D4E980
S315100172700201401E814206D0A06830B92068401E26
S31510017280E168814201D1012000E00020054600F0AD
S3151001729053FF284670BD70B504460D461CB1D4E99E
S315100172A00201884201D1002070BD00F043FFD4E9EC
S315100172B00101405C2870A068401CA0602168A0688C
S315100172C0884201D10020A06000F036FF0120EBE7D3
S315100172D070B504460D466CB1A06820B1D4E902011F
S315100172E0401E814206D0A06830B92068401EE16870
S315100172F0814201D1002070BD00F01CFFE168606879
S315100173004554E068401CE0602168E068884201D17C
S315100173100020E06000F010FF0120ECE72DE9F047B6
S3151001732004460E4617464FF00008FFF725FD814625
S3151001733000F0FEF905469DB12146284600F07BF97D
S3151001734058B12146284600F076F93A463146D0F82A
S315100173501090484600F007F88046284600F0E8F8F5
S315100173604046BDE8F0872DE9F04705468846914627
S315100173700026002400272846EDF794FC064616B988
S315100173800020BDE8F08706F0010008B10020F8E7FB
S31510017390002640E015F8014B302C05DB392C03DCB7
S315100173A0A4F13000C7B211E0612C05DB662C03DCB9
S315100173B0A4F15700C7B209E0412C05DB462C03DCCA
S315100173C0A4F13700C7B201E00020DAE73807070E4B
S315100173D015F8014B302C06DB392C04DCA4F13000F6
S315100173E03843C7B213E0612C06DB662C04DCA4F12A
S315100173F057003843C7B20AE0412C06DB462C04DCA1
S31510017400A4F137003843C7B201E00020B9E730468E
S31510017410761C08F80070287808B14E45BAD3304664
S31510017420AFE7000010B5FFF754FE03F06BFE0448FA
S315100174300449086000F035FE03F077F910BD00002D
S31510017440400100100406002070B505460E46AC68D2
S3151001745006B970BD0CB9AE6009E000E0246814B13C
S3151001746020680028FAD13146204604F05DF900BFA4
S31510017470EFE7000070B506460D46144604B970BD17
S31510017480206A18B10649206A09688847284600F01B
S31510017490B9F9206221463046FFF7D6FF00BFEEE765
S315100174A01C06002010B500F033F904460CB1052076
S315100174B0E060204610BD2DE9F05F81468A46002521
S315100174C0AB46FFF7EFFF0646002410E059F82400FB
S315100174D004F0D1FE074600F010F805460CB9B56068
S315100174E003E02946584604F01FF9AB46641C0EB159
S315100174F05445EBDB3046BDE8F09F70B505460E46A8
S3151001750000F006F9044644B10320E060C4E90656CA
S315100175102846314604F080FE6061204670BD10B5E4
S3151001752000F0F6F804460CB10620E060204610BDC6
S3151001753070B5044622E02568A08900F4807020B950
S31510017540A06810B1A068FFF7F3FFA08900F480705E
S3151001755028B9206918B10B49206909688847A0899B
S3151001756000F4007028B9206A18B10649206A096822
S31510017570884720460349096888472C46002CDAD1EA
S3151001758070BD00001C06002070B504460D46294644
S31510017590204600F025F80646FFF7CAFF70BD10B564
S315100175A002460B46916801E009685B1E09B1002B82
S315100175B0FADC09B9002010BD486810B1D1E9000400
S315100175C02060086810B1D1E9004060609068884277
S315100175D001D1086890600020086048600846EAE713
S315100175E02DE9F04105460F460026AC6801E0761CF0
S315100175F024682CB13946206A00F0DDF80028F6D14E
S315100176002CB131462846FFF7CAFFBDE8F0810020AC
S31510017610FBE70246906801E0491E006808B100299F
S31510017620FADC704701468A68002001E0401C1268A6
S31510017630002AFBD1704770B505460E46AC6800E0CE
S3151001764024682CB13146206A00F0B5F80028F7D12C
S31510017650204670BD014655E00278202A01D1401C12
S3151001766050E00278092A01D1401C4BE002780D2A1C
S3151001767001D1401C46E002780A2A01D1401C41E0A2
S3151001768002782F2A0BD142782F2A08D100E0401C0C
S315100176900278002A36D002780A2A33D0F7E7027820
S315100176A02F2A0ED142782A2A0BD100E0401C0278EB
S315100176B02AB102782A2AF9D142782F2AF6D1801CCA
S315100176C020E00278222A19D110F8012B01F8012B9A
S315100176D00AE002785C2A03D110F8012B01F8012B7C
S315100176E010F8012B01F8012B027812B10278222A27
S315100176F0EFD110F8012B01F8012B03E010F8012B43
S3151001770001F8012B0278002AA6D10A7070470000F1
S3151001771010B5282005490968884704461CB1282157
S315100177202046EDF7CAFB204610BD000018060020C2
S3151001773010B5044600221146204600F001F810BD8E
S315100177402DE9F04780460D4616460024FFF7E0FF67
S3151001775007460020124908600FB9BDE8F087404678
S3151001776003F054FF814649463846FDF71BFC044693
S3151001777024B93846FFF7DCFE0020EEE766B1204655
S3151001778003F044FF0446207830B13846FFF7D0FEA7
S31510017790034804600020E0E705B12C603846DCE7B9
S315100177A01406002010B5044600230122194620466E
S315100177B0FEF7C8FF10BD70B504460D462CB9AC4294
S315100177C001D0012070BD0020FCE70DB90120F9E7B9
S315100177D005E0207808B90020F4E7641C6D1C2078B8
S315100177E0EDF79DF806462878EDF799F88642F0D020
S315100177F02078EDF794F806462878EDF790F8301AC8
S31510017800E0E7000070B504462046EDF74BFA451C3B
S31510017810284607490968884706460EB9002070BDF3
S315100178202A4621463046EDF7A7FA3046F7E700001B
S31510017830180600202DE9F04104460E4617469846D3
S31510017840154805680CB116B90FB9BDE8F08115B91F
S31510017850114804600DE003E0A54200D102E0ED6994
S31510017860002DF9D100BF25B90B480068E0610A481F
S31510017870046002206061C4F81880A660E760266182
S3151001788000F05CFC606022460F2104480068FFF797
S315100178903FFC00BFD9E70000100600200C060020AF
S315100178A010B504462146024800F0D2F810BD00007A
S315100178B09C6F00202DE9F04105463D4800680028DF
S315100178C073D03B480468002700F038FC0646B846DA
S315100178D068E04FF000082069002851D02069401C4B
S315100178E000284DD06068B04202D86068351A04E0AD
S315100178F06068C0F1FF303044451C6660002D3FD0F2
S315100179002069A84203D92069401B206138E06069CB
S31510017910022813D200202061606930B922460F2156
S3151001792024480068FFF7F4FB05E0224610212148A0
S315100179300068FFF7EDFB4FF0010821E060690228AE
S315100179400AD103206061E06820612246102119489E
S315100179500068FFF7DDFB13E0A06910B1A069401EB6
S31510017960A061A06910B94FF0010809E00220606119
S31510017970A068206122460F210E480068FFF7C8FB58
S31510017980B8F1010F0CD13FB909480068C06908491F
S3151001799008600846046805E0E069F861E46901E0F9
S315100179A02746E469002C94D100BFBDE8F0810000A0
S315100179B0100600200C06002070B504460D4616462A
S315100179C033462A4621460248FFF734FF70BD0000B0
S315100179D07C6F002010B504462146024800F038F8A5
S315100179E010BD00007C6F002010B513A0FFF7A0FB9F
S315100179F01249086000201249086020211148EDF74C
S31510017A005CFA01200F490860801E00F051F8202110
S31510017A100D48EDF752FA02200B490860C01EFFF718
S31510017A20D9FF20210948EDF748FA042007490860D3
S31510017A30401FFFF735FF10BD6C6564000C06002072
S31510017A40100600205C6F00207C6F00209C6F0020C8
S31510017A5070B504460E461448056804B106B970BDE2
S31510017A6015B9114804600DE003E0A54200D102E00A
S31510017A70ED69002DF9D100BF25B90B480068E06109
S31510017A800948046000206061A061A060E66026617B
S31510017A9000F054FB60602246102104480068FFF78D
S31510017AA037FB00BFDBE70000100600200C060020A4
S31510017AB010B5044621460248FFF7CAFF10BD000063
S31510017AC05C6F002010B50C2000F01CF904460CB9AF
S31510017AD0204610BD002020606060A0602046F8E7B7
S31510017AE070B504460E46002504B10EB9002070BDCE
S31510017AF0082000F007F905460DB90020F7E7002028
S31510017B00286068602E6000F015FB606820B965601A
S31510017B10A5600120206005E06068686065602068E6
S31510017B20401C206000F008FB0120E0E770B5044618
S31510017B300E46002504B10EB9002070BD082000F0D4
S31510017B40E1F805460DB90020F7E7002028606860C6
S31510017B502E6000F0EFFAA06820B96560A5600120DB
S31510017B60206005E0A0684560A5602068401C206083
S31510017B7000F0E2FA0120E0E770B504460D46002652
S31510017B800CB9002070BD0AE0204600F069F80646DF
S31510017B9006B905E0012D02D1304600F0DDF8F3E714
S31510017BA000BF204600F0D8F80020EBE770B5054677
S31510017BB00E4600240DB9002070BD00F0BBFA6C68AA
S31510017BC003E006B903E0761E6468002CF9D100BF04
S31510017BD000F0B2FA0CB90020EEE72068ECE72DE9C7
S31510017BE0F04104460F460025002604B117B90020BE
S31510017BF0BDE8F081606808B90020F9E700F09AFA4B
S31510017C0065682868B8420DD12E466868606020689C
S31510017C10401E2060A068B04218D100206060A060AC
S31510017C20206013E00EE068680068B84209D16E68FA
S31510017C3070686860686800B9A5602068401E206099
S31510017C4003E06D6868680028EDD100BF00F074FA92
S31510017C5026B1304600F080F80120C9E70020C7E7B9
S31510017C6070B50446002500260CB9304670BD00F0EB
S31510017C7061FA65687DB16068406860602068401E81
S31510017C802060A068A84202D10020A06020602E6862
S31510017C90284600F061F800F04FFA3046E6E770B575
S31510017CA0044600250CB9002070BD00F043FA256882
S31510017CB000F042FA2846F7E70FB410B5C2B045A84E
S31510017CC0419001A8419A449900F0ACFA00204190E4
S31510017CD001A8ECF7E7FF0446214601A800F008FCCD
S31510017CE042B010BC5DF814FB10B503A0FFF720FAE3
S31510017CF00349086010BD000073657269616C30003C
S31510017D002006002070B5044600250CB9002070BD70
S31510017D102046ECF713FD05460DB12846F7E7214637
S31510017D2002A0FFF7C9FF2846F1E700000A455252A3
S31510017D304F523A20707472203D2071735F6D616CE1
S31510017D406C6F63282564293B20707472203D204E88
S31510017D50554C4C210A00000010B504461CB12046B2
S31510017D60ECF71BFD02E002A0FFF7A6FF10BD000015
S31510017D700A4552524F523A2071735F6672656528F1
S31510017D80707472293B20707472203D204E554C4CF4
S31510017D90210A000010B5044604B910BDA06928B126
S31510017DA02046FCF7C7FBA069FFF7D6FFE06810B1C4
S31510017DB0E068FFF7D1FF2068FFF779F92021204607
S31510017DC0EDF77BF800BFE8E710B504460348FCF76A
S31510017DD0B1FB0348FCF7AEFB10BD0000707200202A
S31510017DE09072002010B520210348EDF766F8202186
S31510017DF00248EDF762F810BD7072002090720020F3
S31510017E002DE9F04786B005460FF2E4083BA60FF2BE
S31510017E10F8090FF2001A0027002441A12846EDF7B0
S31510017E2073F800B9404C41A12846EDF76DF808B931
S31510017E30404C37461CB9204606B0BDE8F0872046AF
S31510017E40FFF7A8FF3CA12846EDF75EF870B137A100
S31510017E502846EDF759F848B139A12846EDF754F8F7
S31510017E6020B139A12846EDF74FF8F8B9182269461D
S31510017E703846FFF753FA20612069082805D0206992
S31510017E80102802D0206918280ED12069FFF73AFF71
S31510017E90E060E06828B16946D4E90302ECF76CFFAB
S31510017EA004E00020206101E0002020612846FFF750
S31510017EB03FF9206000221D212068FFF729F9221DB4
S31510017EC00E212068FFF724F904F108021C2120680D
S31510017ED0FFF71EF9A06840B1A16801F10800FFF78C
S31510017EE011FFA0612046FCF7EEFA2046A4E7000038
S31510017EF0666C6173685F6B65790000006672616D0F
S31510017F005F6B6579000000006E7672616D5F6B655F
S31510017F107900000073797374656D5F6B6579000084
S31510017F2069666C6173680000707200206672616D1B
S31510017F300000000090720020666C617368000000FA
S31510017F406E7672616D00000073797374656D000051
S31510017F502DE9F04704460F4690461D46A068B7FB2B
S31510017F60F0F0A16800FB01F90026AA4660694845B0
S31510017F7007D02046FCF7DEFAC4F814902046FCF729
S31510017F80A2FAA7EB0901A068461AAE4201D9284602
S31510017F9000E030460646A7EB0902A0698118324671
S31510017FA04046ECF7E9FEB044AD1B14E0A1686069E8
S31510017FB008446061A068A84201D2A06800E0284682
S31510017FC006462046FCF77FFA32464046A169ECF791
S31510017FD0D3FEB044AD1B002DE8D15046BDE8F08765
S31510017FE02DE9F04704460F4690461D46A068B7FB9B
S31510017FF0F0F0A16800FB01F90026AA466069484520
S3151001800007D02046FCF796FAC4F814902046FCF7E0
S315100180105AFAA7EB0901A068461AAE4201D92846B9
S3151001802000E030460646A7EB0902A16988183246D8
S315100180304146ECF7A1FEB044AD1B0120E0611CE006
S315100180402046FCF777FAA168606908446061A06868
S31510018050A84201D2A06800E028460646A068B042B0
S3151001806002D02046FCF72FFA32464146A069ECF7BA
S3151001807083FEB044AD1B0120E061002DE0D15046D6
S31510018080BDE8F08710B504462046FFF713FC2046DD
S31510018090FEF72AFD2046FFF797FE2046FEF7C6FE9D
S315100180A010BD10B5FEF721FDFFF79EFC03F032F867
S315100180B0FFF798FEFEF718FF10BD10B504462046CF
S315100180C0FBF7E8F82046FBF70DF92046FBF7F6F823
S315100180D02046FBF711F910BD10B500F02BF8002062
S315100180E012490860E9F7EEF80020E9F777F84EF63D
S315100180F05F204FF0E02148610D48046824F07F4469
S3151001810004600846006940F00500086108460069E8
S3151001811040F00200086100F00FF8FBF7BDF8FBF71D
S31510018120E3F8FBF7CDF8FBF7E9F810BD840600205C
S3151001813020ED00E072B6704762B6704701480068DC
S31510018140704700008406002010B50446FFF7F2FFC1
S315100181506008804710BD00002DE9F04188B0044643
S31510018160884600250027002620236A462A49002032
S31510018170E9F72CFB0098C70B019820F0004628461A
S315100181806D1C2754C7F3072228466D1C2254FE2066
S3151001819000EA460000EB1740C2B228466D1C225475
S315100181A0C6F3C71228466D1C2254C6F3C732284699
S315100181B06D1C2254F20D28466D1C22540298C70BD1
S315100181C0039820F0004628466D1C2754C7F3072252
S315100181D028466D1C2254FE2000EA460000EB17408B
S315100181E0C2B228466D1C2254C6F3C71228466D1C0E
S315100181F02254C6F3C73228466D1C2254F20D284666
S315100182006D1C22540498C0F3C73228466D1C2254A3
S31510018210284608B0BDE8F0810000101010B5E9F746
S315100182203DF810BD2DE9F74185B004468846002773
S315100182300026A4E018F8015B0A2D02D10D2004F8DE
S31510018240010B257005B99BE006F40040002876D095
S31510018250302D0CDB392D0ADCA5F1300007EB870137
S3151001826000EB4107002F01D146F0100686E06C2D78
S3151001827007D106F0040008B146F0080646F00406D8
S315100182807CE02B2D02D146F0020677E02D2D04D18C
S3151001829026F0100040F0200670E0252D03D1252090
S315100182A004F8010B6AE006F0080068B10798C01DD2
S315100182B020F007000146079000684968079A0832BE
S315100182C00792CDE9020105E0079800680290079828
S315100182D0001D0790732D25D004DC632D40D0642D2D
S315100182E042D104E0752D0CD0782D3DD112E046F027
S315100182F001030A2202A920460097F7F7B5FA0446A8
S3151001830032E033460A2202A920460097F7F7ACFA63
S31510018310044629E03B46324602A92046F7F750FAB1
S31510018320044621E00298002F11DD04E010F8011B2C
S3151001833004F8011B7F1E01780029F7D104E016E02D
S31510018340202104F8011B7F1E012FF9DC07E003E051
S3151001835010F8011B04F8011B01780029F8D103E07C
S31510018360029804F8010B00BF00BF002606E0252D78
S3151001837003D14FF40046002700E0641C00BF59E703
S3151001838000BF08B0BDE8F08170B505460C46A100E6
S315100183902846FEF741FB70BD70B504460D462946C9
S315100183A02046FEF739FB70BD10B5FEF791FB10BDE7
S315100183B010B5FFF733FF10BD2DE9F04FA1B082467E
S315100183C00E4693469846DDF8A890D9F80000C01DD0
S315100183D0C508A84503D9002021B0BDE8F08F434652
S315100183E05A4602A903A8CDF8009002F050FF07469D
S315100183F0012F01D03846EFE70298A84201D000209C
S31510018400EAE79DF80C0018B99DF80D00022801D075
S315100184100020E1E7022404E003A8005D00B903E0AF
S31510018420641C681EA042F7D800BF641CAC4201D37D
S315100184300020D1E7281B306030680B30A84201D9E3
S315100184400020C9E703A8011950463268ECF794FCDD
S31510018450782103A8ECF731FD0120BDE72DE9F04F96
S31510018460A1B082468B4617461D46DDF8A880D8F87E
S315100184700000C01DC60805F10B00B04203D900204B
S3151001848021B0BDE8F08F00208DF8080002208DF88C
S31510018490090002240DE000BF012120A8FFF77CFF8F
S315100184A09DF880000028F7D09DF8800002A9085594
S315100184B0641C701B401EA042EDD800222046641C8D
S315100184C002A90A5408192A463946ECF755FC3346CF
S315100184D002AA59465046CDF8008002F0C5FF8146E2
S315100184E000202090782102A8ECF7E7FC4846C7E760
S315100184F070B504460D462A46214602480068FEF725
S315100185004AFE70BD2006002070B52020FFF7FAFB49
S3151001851004460CB9204670BD20212046ECF7CDFC4F
S315100185204FF4A450FFF7EEFBA061A069B0B1A569A5
S315100185300D4820610D4820600D48A0604FF4A451EC
S315100185402846ECF7BAFCFFF7BDFA41F268414851EB
S31510018550FFF7B8FA41F26C41485103E02046FFF7A4
S31510018560FBFB00242046D6E7A98501106D88011072
S315100185707585011070B504460D461646012332461F
S3151001858029462046FBF741FF70BD014649B18A696C
S315100185909068012803D1906A012800D17047002004
S315100185A0FCE70020FAE77047F8B506460D46B469B0
S315100185B02946304603F086F941F2744000590028E5
S315100185C046D041F274400059A84207D941F274408D
S315100185D00059411B41F27440015139E041F2784092
S315100185E0005970B341F27040005950B341F27040D6
S315100185F00059806828B341F270400059406800B3B1
S3151001860041F278400059401E41F2784108519621B5
S3151001861041F274400151001F0059006840F4807006
S3151001862041F27C473F5D40EA070141F27040005933
S31510018630436841F2704000598268304600F032FAC0
S3151001864006E0FFE7002141F278400151001F015178
S3151001865041F274400059002877D141F27040005917
S3151001866078B141F270400059806828B141F27041E9
S3151001867009598868FFF770FB41F270410859FFF7F5
S315100186806BFB00213046FBF705FF41F270410851A3
S315100186900846005978B901213046FBF7FBFE41F235
S315100186A0704108510846005958B1002141F27040F5
S315100186B00059016005E04FF4806141F270400059A4
S315100186C0016041F270400059F0B341F27040005917
S315100186D08068C8B341F2704000594068A0B341F2B6
S315100186E07C400059401C41F27C41085141F27040D6
S315100186F000590068B0F5806F0CD141F270400059F5
S315100187008068007830B9002141F278400151001F8C
S31510018710015109E0102141F2784001519621001FC3
S31510018720015140F6B830206441F27040005900689A
S3151001873041F27C473F5D40EA070141F27040005922
S31510018740436841F2704001E006E02CE0005982686E
S31510018750304600F0A7F926E0206CA84203D9206C18
S31510018760401B20641FE040F6B8302064E068D0B9A1
S31510018770E06AC0B900208DF80000207D8DF8010057
S315100187800023022269463046FBF73FFE207D10B1D9
S315100187903420005D18B94FF47A70206402E040F677
S315100187A0B830206400BFF8BD70B5054605B970BD77
S315100187B0A869002833D0AC6900261EE041F270404A
S315100187C0005978B141F270400059806828B141F2E0
S315100187D0704109598868FFF7BFFA41F2704108598B
S315100187E0FFF7BAFA31462846FBF754FE41F27041BB
S315100187F008510846005900B9761C022EDED341F203
S31510018800684108590021FFF7B7F941F26C4108593F
S315100188100021FFF7B1F9A869FFF79EFA00BF2846B4
S31510018820FFF79AFA00BFC2E700B587B04FF480622E
S315100188300C4902A800F0AAFB9DF80800C0F301102C
S3151001884002A908440849CDE900109DF8081001F065
S31510018850030102AA8818082305AA1946FEF77BFB0D
S3151001886007B000BDE4010210440600202DE9F74FC0
S315100188708AB080468946D8F8184014B90DB0BDE8BB
S31510018880F08F05E119F8015B2846FEF733F970B14F
S3151001889041F21441206D884206D2216D481C206593
S315100188A004F154004554F3E000202065F0E0232D37
S315100188B001D0252D08D100202065216D481C206589
S315100188C004F154004554E3E03B2D7AD194F8540059
S315100188D0232803D094F85400252873D1206D01283C
S315100188E070D994F854000890206D411E04F1540279
S315100188F0501CFEF715F92065206D122871D394F8D6
S315100189005000801E00F0070000286AD1824694F8B4
S3151001891054A04FF6FF7000EA0A2A5520005D40EA7E
S315100189200A0A206D821E04F156010020FEF72AFA6A
S3151001893050457BD14FF0000B04F15606206DA0F186
S31510018940020B0898232809D155485B46324608215F
S31510018950CDE90060FEF7FFFA834609E004F1350020
S315100189605B4632460821CDE90060FEF7F4FA8346EC
S31510018970314602A8FAF766FE31460020FAF766FF7D
S315100189805A4631460020FEF7FDF9BDF81810884207
S3151001899068D1BDF8140045F66C21884261D1BDF845
S315100189A01A00103058455CD8089823280BD09DF82A
S315100189B01C0028B19DF81C103420005D814202D0A4
S315100189C051E063E05FE00020A064BDF8160000F4FA
S315100189D00070B0F5007F05D1002141F274400151BC
S315100189E04EE04FE0BDF81600C7B247F4C061002350
S315100189F01A46404600F056F80021BDF81A0010300C
S31510018A003154BDF8160000F48060B0F5806F0ED1B8
S31510018A10BDF81A0018B3E06CB84220D0BDF81A2080
S31510018A2006F11001404602F083FE18E029E0D4E970
S31510018A300830DDE90212591A904110D2BDF81A0018
S31510018A4048B1E06CB84206D0BDF81A1006F1100014
S31510018A50D8F80C209047DDE90201C4E90801E76462
S31510018A600EE000E000BF00202065A06C401CA06451
S31510018A70A06C032804D9404602F047FF0020A064E9
S31510018A8000BF00BF00BF0020206501E00020206567
S31510018A900C98411E0C9100287FF4F4AE00BFEDE650
S31510018AA0440600202DE9FF4F8BB0834689461D46AB
S31510018AB0DBF81860002405F12000FFF723F9824640
S31510018AC00027A04600200390BAF1000F02D10FB083
S31510018AD0BDE8F08F0AF1020704A8FAF7A7FE45F6DA
S31510018AE06C20ADF81C000020ADF82000A8B2ADF83E
S31510018AF022001FFA89F0ADF81E00307D8DF8240092
S31510018B0009F4806030B9D6E90020521C40F100000A
S31510018B10C6E90020D6E90001CDE90401394604A8C9
S31510018B20FAF72BFE044625B138192A460D99ECF7AA
S31510018B3023F92C44E21DD208C4EBC2013819ECF713
S31510018B409AF9E01DC008C400224639460020FEF7F6
S31510018B5019F9ADF82000BDF820003946FAF776FE6E
S31510018B6009F4806048B1294823463A460821CDE9DF
S31510018B700070FEF731FA044609E006F115002346A6
S31510018B803A460821CDE90070FEF726FA0446224638
S31510018B9039460020FEF7F6F803900398000A8AF882
S31510018BA0000003988AF80100A41CA01C0321B0FB45
S31510018BB0F1F0042101EB80000290FFF7A3F8804643
S31510018BC009F4806018B1232088F8000002E02520FE
S31510018BD088F8000008F1010221465046FEF740F8D8
S31510018BE004465046FFF7B8F8641C3B222046641C25
S31510018BF008F80020224641465846DBF804309847CB
S31510018C004046FFF7A9F800BF61E7000044060020BF
S31510018C102DE9F04F85B082468B4600250020049041
S31510018C200AF80B005046FEF783FD0546002D7DD050
S31510018C304CA12846FEF7FFFC002859D049A1284629
S31510018C40FEF7F9FC4069039001240020029002907E
S31510018C504AE003982040002842D0022C02D101207C
S31510018C6004903DE0204600F0A5F80646002E36D0C9
S31510018C704FF000093BA12846FEF7DDFCB8B12046AE
S31510018C8003F010FB0746884636A12846FEF7D3FCAB
S31510018C90C0E9067838464146CDE9007803F0BCFABA
S31510018CA0074630A12846FEF7C6FC476100E000BF23
S31510018CB02846FEF777FD8146B9F1000F0ED04846DA
S31510018CC0FEF7C8FC4846EBF7EDFF07463A4649461C
S31510018CD03046B36898474846FFF73EF800BF00BFD5
S31510018CE064000298401C029002981028B1D300BF6C
S31510018CF0049801282FD11BA12846FEF79CFCB0B180
S31510018D0018A12846FEF797FC024600214FF0804035
S31510018D100E46C2E906100146304603F07DFA0446B6
S31510018D2010A12846FEF787FC446101E016E000BF5A
S31510018D300E480068FEF7B3FF142806D30B480068E7
S31510018D40FEF78EFF0446FEF7F3FB29460748006837
S31510018D50FEF7ECFE02E02846FEF7EAFB05B0BDE899
S31510018D60F08F000074617267657400005006002070
S31510018D702DE9F04106460E480068FEF790FF0746BA
S31510018D8000240DE021460A480068FEF70FFF05464C
S31510018D9005B907E0314628462A699047641C00BF89
S31510018DA0BC42EFD300BF3046FFF7FDFBBDE8F081B3
S31510018DB04C0600202DE9F04106460E480068FEF7E4
S31510018DC06EFF074600240FE021460A480068FEF7A9
S31510018DD0EDFE054605B909E06869B04202D128469B
S31510018DE0BDE8F081641C00BFBC42EDD300BF00207A
S31510018DF0F6E700004C06002010B5FFF715FDFEF74B
S31510018E0061FE03490860FEF75DFE0249086010BD68
S31510018E104C0600205006002010B502480068FEF7E7
S31510018E201FFF10BD5006002070B505462846FFF7F6
S31510018E30C1FF04461CB1204600F014F80024FFF7C8
S31510018E4063FB04463CB165610448E0602146044871
S31510018E500068FEF745FE204670BD0000118C01101A
S31510018E604C06002010B50446214604480068FEF75A
S31510018E70B6FE2046FFF798FC10BD00004C060020F8
S31510018E802DE9FE4F054689462846FFF77EFB012848
S31510018E9001D0BDE8FE8F39A14846FEF7CCFB00286C
S31510018EA06AD036A14846FEF7C6FB406902900124F6
S31510018EB04FF0000A00BF5BE002982040002854D012
S31510018EC0022C52D0002D50D000262EA14846FEF776
S31510018ED0B2FBB0B12BA14846FEF7ADFB024600210D
S31510018EE04FF080400F46C2E906100146384603F09E
S31510018EF093F9834623A14846FEF79DFBC0F814B0AB
S31510018F0000E000BF1DA14846FEF795FBB8B120460B
S31510018F1003F0C8F90746884618A14846FEF78BFBA9
S31510018F20C0E9067838464146CDE9007803F074F970
S31510018F30074612A14846FEF77EFB476100E000BFD7
S31510018F404846FEF72FFC064676B13046FEF782FB01
S31510018F503046EBF7A7FE07463A4631462846AB6838
S31510018F6098473046FEF7F8FE00BF64000AF1010A81
S31510018F70BAF1100FA0D300BF00BF8AE77461726700
S31510018F8065740000736F75726365000070B598B0F3
S31510018F9004460D46164601A800F0A4F832462946A5
S31510018FA001A800F006F8214601A800F045F818B00E
S31510018FB070BD2DE9F0410446884615460026002766
S31510018FC0A08AC0F3C507606900EBC5006061B0EB0C
S31510018FD0C50F02D2A069401CA061A06900EB5571B2
S31510018FE0A16178193F281BD9C7F140010E460A46DF
S31510018FF004F11C01C8194146EBF7BEFE04F11C0130
S31510019000204600F087F805E008EB0601204600F03F
S3151001901081F8403606F13F00A842F5D3002700E05B
S315100190200026AA1B08EB060104F11C03D819EBF75D
S31510019030A3FE0120BDE8F0817CB505460E4600244D
S3151001904000BF12E0042C01D2012100E0002105F13C
S31510019050140050F8210004F00301C1F10301C90005
S31510019060C840C0B20DF80400641C082CEAD30122D2
S315100190701AA12846FFF79DFF04E0012218A12846F0
S31510019080FFF797FFA88A00F4FC70B0F5E07FF4D1E2
S31510019090082269462846FFF78CFF00240AE0A0083B
S315100190A055F8200004F00301C1F10301C900C840BD
S315100190B03055641C142CF2D30024402105F11C00F8
S315100190C0EBF7FBFE14212846EBF7F7FE002068614B
S315100190D0A8610090019014207CBD00008000000062
S315100190E00000000001460848086008484860064824
S315100190F0C04388600548C043C8600548086100221E
S315100191008A614A61012070470123456789ABCDEF1A
S31510019110F0E1D2C32DE9F04F91B082468B4601ACF6
S31510019120402259462046EBF727FEDAF80050DAF8C6
S315100191300460DAF80870DAF80C80DAF81090207802
S315100191400006216840EA112000F0FF212088000264
S31510019150226840EA126000F0FF10014387EA080016
S31510019160304080EA080008442160FE49084469013C
S3151001917041EAD56108448144B00740EA9606207950
S315100191800006616840EA112000F0FF21A088000264
S31510019190626840EA126000F0FF10014386EA070098
S315100191A02840784008446160EE4908444FEA491165
S315100191B041EAD96108448044A80740EA9505207A16
S315100191C00006A16840EA112000F0FF212089000263
S315100191D0A26840EA126000F0FF10014385EA06001A
S315100191E000EA090070400844A160DE4908444FEACC
S315100191F0481141EAD861084407444FEA897040EAA8
S315100192009909207B0006E16840EA112000F0FF2150
S31510019210A0890002E26840EA126000F0FF100143E3
S3151001922089EA050000EA080068400844E160CD4972
S315100192300844790141EAD761084406444FEA887027
S3151001924040EA9808207C0006216940EA112000F0C6
S31510019250FF21208A0002226940EA126000F0FF1005
S31510019260014388EA0900384080EA0900084421616F
S31510019270BC490844710141EAD66108440544B8075E
S3151001928040EA9707207D0006616940EA112000F047
S31510019290FF21A08A0002626940EA126000F0FF1005
S315100192A0014387EA0800304080EA080008446161FA
S315100192B0AC490844690141EAD56108448144B007C3
S315100192C040EA9606207E0006A16940EA112000F0C8
S315100192D0FF21208B0002A26940EA126000F0FF1004
S315100192E0014386EA0700284078400844A1619D4958
S315100192F008444FEA491141EAD96108448044A80754
S3151001930040EA9505207F0006E16940EA112000F048
S31510019310FF21A08B0002E26940EA126000F0FF1003
S31510019320014385EA060000EA090070400844E1613C
S315100193308C4908444FEA481141EAD8610844074468
S315100193404FEA897040EA990994F820000006216ACB
S3151001935040EA112000F0FF21208C0002226A40EA27
S31510019360126000F0FF10014389EA050000EA0800C7
S315100193706840084421627B490844790141EAD76172
S31510019380084406444FEA887040EA980894F8240085
S315100193900006616A40EA112000F0FF21A08C00024C
S315100193A0626A40EA126000F0FF10014388EA090080
S315100193B0384080EA0900084461626A49084471012B
S315100193C041EAD66108440544B80740EA970794F87C
S315100193D028000006A16A40EA112000F0FF21208D25
S315100193E00002A26A40EA126000F0FF10014387EA08
S315100193F00800304080EA08000844A162594908442F
S31510019400690141EAD56108448144B00740EA9606EC
S3151001941094F82C000006E16A40EA112000F0FF21C1
S31510019420A08D0002E26A40EA126000F0FF100143CB
S3151001943086EA0700284078400844E1624949084411
S315100194404FEA491141EAD96108448044A80740EA24
S31510019450950594F830000006216B40EA112000F0C2
S31510019460FF21208E0002226B40EA126000F0FF10ED
S31510019470014385EA060000EA0900704008442163A9
S31510019480384908444FEA481141EAD861084407446B
S315100194904FEA897040EA990994F834000006616B25
S315100194A040EA112000F0FF21A08E0002626B40EA13
S315100194B0126000F0FF10014389EA050000EA080076
S315100194C068400844616327490844790141EAD76134
S315100194D0084406444FEA887040EA980894F8380020
S315100194E00006A16B40EA112000F0FF21208F000237
S315100194F0A26B40EA126000F0FF10014388EA0900EE
S31510019500384080EA09000844A163164908447101EC
S3151001951041EAD66108440544B80740EA970794F82A
S315100195203C000006E16B40EA112000F0FF21A08FFC
S315100195300002E26B40EA126000F0FF10014387EA75
S315100195400800304080EA08000844E16305490844F0
S31510019550690141EAD56108448144B00740EA96069B
S31510019560216A01E09979825A606B4840A1684840A6
S31510019570216848404100226A606B5040A268504001
S315100195802268504041EAD07186EA070028407840A7
S3151001959008442160FE4908444FEA491141EAD9615C
S315100195A008448044A80740EA9505616AA06B4840C3
S315100195B0E1684840616848404100626AA06B5040CA
S315100195C0E26850406268504041EAD07185EA06006F
S315100195D000EA0900704008446160ED4908444FEA09
S315100195E0481141EAD861084407444FEA897040EAB4
S315100195F09909A16AE06B484021694840A168484031
S315100196004100A26AE06B504022695040A268504066
S3151001961041EAD07189EA050000EA08006840084469
S31510019620A160DB490844790141EAD761084406443F
S315100196304FEA887040EA9808E16A206848406169F3
S315100196404840E16848404100E26A2068504062693A
S315100196505040E268504041EAD07188EA090038402A
S3151001966080EA09000844E160C9490844710141EAE8
S31510019670D66108440544B80740EA9707216B60682C
S315100196804840A1694840216948404100226B606801
S315100196905040A26950402269504041EAD07186EA91
S315100196A0070080EA080008442161BA4908446901A3
S315100196B041EAD56108448144B00740EA9606616BD8
S315100196C0A0684840E1694840616948404100626BC1
S315100196D0A0685040E26950406269504041EAD07139
S315100196E085EA0600784008446161AA4908444FEAB0
S315100196F0491141EAD96108448044A80740EA950511
S31510019700A16BE0684840216A4840A1694840410080
S31510019710A26BE0685040226A5040A269504041EA6B
S31510019720D07189EA050070400844A161994908443D
S315100197304FEA481141EAD861084407444FEA897053
S3151001974040EA9909E16B20694840616A4840E1693C
S3151001975048404100E26B20695040626A5040E2691C
S31510019760504041EAD07188EA090068400844E16135
S3151001977088490844790141EAD761084406444FEA09
S31510019780887040EA9808216860694840A16A484093
S31510019790216A48404100226860695040A26A5040DF
S315100197A0226A504041EAD07187EA080080EA09002E
S315100197B00844216277490844710141EAD661084497
S315100197C00544B80740EA97076168A0694840E16A0D
S315100197D04840616A484041006268A0695040E26AA7
S315100197E05040626A504041EAD07186EA070080EA29
S315100197F008000844616267490844690141EAD56174
S3151001980008448144B00740EA9606A168E0694840D9
S31510019810216B4840A16A48404100A268E069504066
S31510019820226B5040A26A504041EAD07185EA060087
S3151001983078400844A162574908444FEA491141EA60
S31510019840D96108448044A80740EA9505E168206A71
S315100198504840616B4840E16A48404100E268206A2D
S315100198605040626B5040E26A504041EAD07189EA39
S31510019870050070400844E162464908444FEA481120
S3151001988041EAD861084407444FEA897040EA9909C8
S315100198902169606A4840A16B4840216B48404100EC
S315100198A02269606A5040A26B5040226B504041EAD7
S315100198B0D07188EA09006840084421633549084493
S315100198C0790141EAD761084406444FEA887040EAB3
S315100198D098086169A06A4840E16B4840616B48404D
S315100198E041006269A06A5040E26B5040626B504081
S315100198F041EAD07187EA080080EA090008446163E9
S3151001990024490844710141EAD66108440544B8075F
S3151001991040EA9707A169E06A484021684840A16B6F
S3151001992048404100A269E06A504022685040A26B4B
S31510019930504041EAD07186EA070080EA08000844DF
S31510019940A16314490844690141EAD5610844814477
S31510019950B00740EA9606E169206B484061684840C5
S31510019960E16B48404100E269206B5040626850400B
S31510019970E26B504041EAD07185EA0600784008440E
S31510019980E163044908444FEA491141EAD96103E008
S315100199909979825AA1EBD96E08448044A80740EA06
S315100199A09505216A606B4840A16848402168484086
S315100199B04100226A606B5040A268504022685040B4
S315100199C041EAD07189EA0500704008442160FE49D8
S315100199D008444FEA481141EAD861084407444FEA5E
S315100199E0897040EA9909616AA06B4840E16848406C
S315100199F0616848404100626AA06B5040E26850407D
S31510019A006268504041EAD07188EA0900684008440A
S31510019A106160ED490844790141EAD7610844064479
S31510019A204FEA887040EA9808A16AE06B48402169BC
S31510019A304840A16848404100A26AE06B5040226943
S31510019A405040A268504041EAD07187EA080080EA86
S31510019A5009000844A160DC490844710141EAD66154
S31510019A6008440544B80740EA9707E16A2068484068
S31510019A7061694840E16848404100E26A2068504007
S31510019A8062695040E268504041EAD07186EA0700A7
S31510019A9080EA08000844E160CB490844690141EABB
S31510019AA0D56108448144B00740EA9606216B606887
S31510019AB04840A1694840216948404100226B6068CD
S31510019AC05040A26950402269504041EAD07185EA5E
S31510019AD00600784008442161BB4908444FEA491100
S31510019AE041EAD96108448044A80740EA9505616BAB
S31510019AF0A0684840E1694840616948404100626B8D
S31510019B00A0685040E26950406269504041EAD07104
S31510019B1089EA0500704008446161AB4908444FEA7F
S31510019B20481141EAD861084407444FEA897040EA6E
S31510019B309909A16BE0684840216A4840A1694840EB
S31510019B404100A26BE0685040226A5040A269504021
S31510019B5041EAD07188EA090068400844A1619A492E
S31510019B600844790141EAD761084406444FEA8870EE
S31510019B7040EA9808E16B20694840616A4840E1690A
S31510019B8048404100E26B20695040626A5040E269E8
S31510019B90504041EAD07187EA080080EA090008447A
S31510019BA0E16189490844710141EAD66108440544D5
S31510019BB0B80740EA9707216860694840A16A48409A
S31510019BC0216A48404100226860695040A26A5040AB
S31510019BD0226A504041EAD07146EA070000EA0800BD
S31510019BE006EA0702104308442162784908446901CC
S31510019BF041EAD56108448144B00740EA9606616896
S31510019C00A0694840E16A4840616A4840410062687B
S31510019C10A0695040E26A5040626A504041EAD071F0
S31510019C2045EA0600384005EA060210430844616217
S31510019C30664908444FEA491141EAD961084480440A
S31510019C40A80740EA9505A168E0694840216B48409C
S31510019C50A16A48404100A268E0695040226B504019
S31510019C60A26A504041EAD07149EA0500304009EA3A
S31510019C70050210430844A162544908444FEA4811A9
S31510019C8041EAD861084407444FEA897040EA9909C4
S31510019C90E168206A4840616B4840E16A48404100EA
S31510019CA0E268206A5040626B5040E26A504041EAD5
S31510019CB0D07148EA0900284008EA0902104308440D
S31510019CC0E16242490844790141EAD76108440644F0
S31510019CD04FEA887040EA98082169606A4840A16B8A
S31510019CE04840216B484041002269606A5040A26B8E
S31510019CF05040226B504041EAD07147EA080000EA11
S31510019D00090007EA08021043084421632F49084451
S31510019D10710141EAD66108440544B80740EA97073C
S31510019D206169A06A4840E16B4840616B4840410057
S31510019D306269A06A5040E26B5040626B504041EA42
S31510019D40D07146EA070000EA080006EA0702104346
S31510019D50084461631D490844690141EAD561084413
S31510019D608144B00740EA9606A169E06A4840216835
S31510019D704840A16B48404100A269E06A5040226800
S31510019D805040A26B504041EAD07145EA0600384076
S31510019D9005EA060210430844A1630C4908444FEA38
S31510019DA0491141EAD96108448044A80740EA95055A
S31510019DB0E169206B484061684840E16B48404100C9
S31510019DC0E269206B504003E0A1EBD96EDCBC1B8F1E
S31510019DD062685040E26B504041EAD07149EA050091
S31510019DE0304009EA050210430844E163FE4908447C
S31510019DF04FEA481141EAD861084407444FEA89708D
S31510019E0040EA9909216A606B4840A1684840216877
S31510019E1048404100226A606B5040A2685040226857
S31510019E20504041EAD07148EA0900284008EA09027F
S31510019E30104308442160EC490844790141EAD7618D
S31510019E40084406444FEA887040EA9808616AA06B94
S31510019E504840E1684840616848404100626AA06B29
S31510019E605040E26850406268504041EAD07147EA7A
S31510019E70080000EA090007EA080210430844616075
S31510019E80D9490844710141EAD66108440544B80725
S31510019E9040EA9707A16AE06B484021694840A168EA
S31510019EA048404100A26AE06B504022695040A268C6
S31510019EB0504041EAD07146EA070000EA080006EA76
S31510019EC0070210430844A160C7490844690141EAE1
S31510019ED0D56108448144B00740EA9606E16A2068D4
S31510019EE0484061694840E16848404100E26A20689B
S31510019EF0504062695040E268504041EAD07145EAEB
S31510019F000600384005EA060210430844E160B649E6
S31510019F1008444FEA491141EAD96108448044A80727
S31510019F2040EA9505216B60684840A169484021695E
S31510019F3048404100226B60685040A2695040226936
S31510019F40504041EAD07149EA0500304009EA05025C
S31510019F50104308442161A44908444FEA481141EAD3
S31510019F60D861084407444FEA897040EA9909616B40
S31510019F70A0684840E1694840616948404100626B08
S31510019F80A0685040E26950406269504041EAD07180
S31510019F9048EA0900284008EA0902104308446161A9
S31510019FA091490844790141EAD761084406444FEAC8
S31510019FB0887040EA9808A16BE0684840216A4840D9
S31510019FC0A16948404100A26BE0685040226A5040A6
S31510019FD0A269504041EAD07147EA080000EA090037
S31510019FE007EA080210430844A1617F490844710138
S31510019FF041EAD66108440544B80740EA9707E16B80
S3151001A00020694840616A4840E16948404100E26B75
S3151001A01020695040626A5040E269504041EAD0716D
S3151001A02046EA070000EA080006EA07021043084458
S3151001A030E1616D490844690141EAD56108448144E9
S3151001A040B00740EA9606216860694840A16A48400F
S3151001A050216A48404100226860695040A26A504016
S3151001A060226A504041EAD07145EA0600384005EAB5
S3151001A07006021043084421625B4908444FEA49111C
S3151001A08041EAD96108448044A80740EA9505616808
S3151001A090A0694840E16A4840616A484041006268E7
S3151001A0A0A0695040E26A5040626A504041EAD0715C
S3151001A0B049EA0500304009EA050210430844616285
S3151001A0C0494908444FEA481141EAD861084407440E
S3151001A0D04FEA897040EA9909A168E0694840216B05
S3151001A0E04840A16A48404100A268E0695040226B8D
S3151001A0F05040A26A504041EAD07148EA090028400E
S3151001A10008EA090210430844A16237490844790153
S3151001A11041EAD761084406444FEA887040EA980834
S3151001A120E168206A4840616B4840E16A4840410055
S3151001A130E268206A5040626B5040E26A504041EA40
S3151001A140D07147EA080000EA090007EA080210433D
S3151001A1500844E16224490844710141EAD661084480
S3151001A1600544B80740EA97072169606A4840A16B20
S3151001A1704840216B484041002269606A5040A26BF9
S3151001A1805040226B504041EAD07186EA070080EABE
S3151001A19008000844216315490844690141EAD5615B
S3151001A1A008448144B00740EA96066169A06A4840AE
S3151001A1B0E16B4840616B484041006269A06A5040BA
S3151001A1C0E26B5040626B504041EAD07185EA06005D
S3151001A1D0784008446163054908444FEA491141EA48
S3151001A1E0D9610844804403E0DCBC1B8FD6C162CA26
S3151001A1F0A80740EA9505A169E06A484021684840E8
S3151001A200A16B48404100A269E06A50402268504063
S3151001A210A26B504041EAD07189EA050070400844AA
S3151001A220A163FE4908444FEA481141EAD86108443E
S3151001A23007444FEA897040EA9909E169206B484061
S3151001A24061684840E16B48404100E269206B50402B
S3151001A25062685040E26B504041EAD07188EA0900C9
S3151001A26068400844E163ED490844790141EAD76140
S3151001A270084406444FEA887040EA9808216A606BE0
S3151001A2804840A1684840216848404100226A606BF5
S3151001A2905040A26850402268504041EAD07187EA86
S3151001A2A0080080EA090008442160DC49084471016C
S3151001A2B041EAD66108440544B80740EA9707616A3E
S3151001A2C0A06B4840E1684840616848404100626AB5
S3151001A2D0A06B5040E26850406268504041EAD0712C
S3151001A2E086EA070080EA080008446160CB49084401
S3151001A2F0690141EAD56108448144B00740EA9606EE
S3151001A300A16AE06B484021694840A1684840410074
S3151001A310A26AE06B504022695040A268504041EA5F
S3151001A320D07185EA060078400844A160BB4908440B
S3151001A3304FEA491141EAD96108448044A80740EA25
S3151001A3409505E16A2068484061694840E1684840DE
S3151001A3504100E26A2068504062695040E26850400C
S3151001A36041EAD07189EA050070400844E160AB49C1
S3151001A37008444FEA481141EAD861084407444FEAB4
S3151001A380897040EA9909216B60684840A169484083
S3151001A390216948404100226B60685040A2695040D3
S3151001A3A02269504041EAD07188EA090068400844A0
S3151001A3B021619A490844790141EAD7610844064462
S3151001A3C04FEA887040EA9808616BA0684840E169D5
S3151001A3D04840616948404100626BA0685040E2699B
S3151001A3E050406269504041EAD07187EA080080EA1C
S3151001A3F009000844616189490844710141EAD6613D
S3151001A40008440544B80740EA9707A16BE06848403D
S3151001A410216A4840A16948404100A26BE06850405A
S3151001A420226A5040A269504041EAD07186EA07007B
S3151001A43080EA08000844A16178490844690141EAA3
S3151001A440D56108448144B00740EA9606E16B20695C
S3151001A4504840616A4840E16948404100E26B206921
S3151001A4605040626A5040E269504041EAD07185EA33
S3151001A470060078400844E161684908444FEA4911E9
S3151001A48041EAD96108448044A80740EA9505216844
S3151001A49060694840A16A4840216A484041002268E3
S3151001A4A060695040A26A5040226A504041EAD07118
S3151001A4B089EA0500704008442162584908444FEA68
S3151001A4C0481141EAD861084407444FEA897040EAC5
S3151001A4D099096168A0694840E16A4840616A484043
S3151001A4E041006268A0695040E26A5040626A504079
S3151001A4F041EAD07188EA0900684008446162474917
S3151001A5000844790141EAD761084406444FEA887044
S3151001A51040EA9808A168E0694840216B4840A16A61
S3151001A52048404100A268E0695040226B5040A26A3F
S3151001A530504041EAD07187EA080080EA09000844D0
S3151001A540A16236490844710141EAD66108440544BD
S3151001A550B80740EA9707E168206A4840616B4840AE
S3151001A560E16A48404100E268206A5040626B5040FF
S3151001A570E26A504041EAD07186EA070080EA080093
S3151001A5800844E16225490844690141EAD561084454
S3151001A5908144B00740EA96062169606A4840A16B7A
S3151001A5A04840216B484041002269606A5040A26BC5
S3151001A5B05040226B504041EAD07185EA060078403E
S3151001A5C008442163154908444FEA491141EAD96102
S3151001A5D008448044A80740EA95056169A06A484085
S3151001A5E0E16B4840616B484041006269A06A504086
S3151001A5F0E26B5040626B504041EAD07189EA050026
S3151001A600704008446163054908444FEA481141EA1C
S3151001A610D861084407444FEA897001E0D6C162CA7D
S3151001A62040EA9909A169E06A484021684840A16B4E
S3151001A63048404100A269E06A504022685040A26B2E
S3151001A640504041EAD07188EA090068400844A16384
S3151001A65028490844790141EAD761084406444FEA7A
S3151001A660887040EA9808E169206B48406168484063
S3151001A670E16B48404100E269206B504062685040EE
S3151001A680E26B504041EAD07187EA080080EA09007E
S3151001A6900844E16317490844710141EAD661084447
S3151001A6A00544B80740EA9707DAF800002844CAF8C3
S3151001A6B00000DAF804003044CAF80400DAF8080099
S3151001A6C03844CAF80800DAF80C004044CAF80C00FD
S3151001A6D0DAF810004844CAF8100000208146804676
S3151001A6E007460646054640212046EAF7E6FB11B025
S3151001A6F0BDE8F08FD6C162CA70B504460D4629462B
S3151001A7002046FDF729FD70BD10B5FDF717FD01496E
S3151001A710086010BD0006002010B50446204600F062
S3151001A7208DFB2046FEF724FB10BD10B5FEF764FB2A
S3151001A73000F0AEFB10BD000070B506460C4615467E
S3151001A7402A46214602480068FCF725FD70BD000027
S3151001A750240600202DE9F34F93B00D4615B915B017
S3151001A760BDE8F08FFEA12846FCF765FFD0F814A0CE
S3151001A770BAF1640F75D2BAF1060F73D007DCBAF1CC
S3151001A780060F70D2DFE80AF01540415773E1BAF1AE
S3151001A7900B0F69D006DCBAF1080F7BD0BAF10A0F9C
S3151001A7A061D1FEE2BAF1360F5FD0BAF1400FF7D19F
S3151001A7B05CE0ECA12846FCF73EFFD8B1EBA1284698
S3151001A7C0FCF739FF4469204601F055FD06460F4650
S3151001A7D0E4A12846FCF72FFFB046C0E906674046BC
S3151001A7E0394601F019FD0446DEA12846FCF723FF80
S3151001A7F0446103E0DDA12846FCF71DFF2946DD482B
S3151001A8000068FEF73DFB00E3FFE2DBA12846FCF7FB
S3151001A81012FF04462046FCF705FF01280AD1002144
S3151001A8202046FCF7F6FE4069D549884202D101203F
S3151001A830D4490860E9E2D0A12846FCF7FCFE04469B
S3151001A8402046FCF7EFFE01280AD100212046FCF72D
S3151001A850E0FE4069CC49884202D10020C94908600E
S3151001A860D3E2D3E200E1CFE2B1E200BF00BFC2A161
S3151001A8702846FCF7E0FE129000241298FCF7D2FE4F
S3151001A880012809D100211298FCF7C3FE406910B9BD
S3151001A890BEA401E097E1BDA4002C55D02046EAF7ED
S3151001A8A001FA86003046FDF72DFA80464FF0000971
S3151001A8B0B8F1000F47D006E02278484609F10109A0
S3151001A8C048F82020641C20780028F5D1AAA1284632
S3151001A8D0FCF75AFE49464046FCF7EDFD0646324660
S3151001A8E0A5A12846FCF7C6FD9EA12846FCF7A3FEA6
S3151001A8F0E8B19EA12846FCF79EFED0F814B0584642
S3151001A90001F0B9FC06460F4696A12846FCF793FEC0
S3151001A910C0E9066730463946CDE9106701F07CFC7F
S3151001A920064690A12846FCF786FE466103E08FA1F4
S3151001A9302846FCF780FE29468E480068FEF7A0FAE5
S3151001A9404046FDF709FA00BF5FE28BA12846FCF7E6
S3151001A95072FE12901298FCF765FE022875D100213D
S3151001A9601298FCF756FE40698A4988427BD14021EC
S3151001A97002A8FFF7C1FE0646B000FDF7C3F98146EE
S3151001A9800024B9F1000F6DD000BF04E002A8005DEC
S3151001A99049F82400641CB442F8D371A12846FCF787
S3151001A9A04AFEE8B101211298FCF733FED0F814B033
S3151001A9B0584601F060FC0746884669A12846FCF70F
S3151001A9C03AFEC0E9067838464146CDE9007801F0ED
S3151001A9D023FC074662A12846FCF72DFE476103E0DA
S3151001A9E001211298FCF715FE63A12846FCF7CCFD50
S3151001A9F031464846FCF75FFD07463A465EA12846B2
S3151001AA00FCF738FD57A12846FCF715FEF0B157A102
S3151001AA102846FCF710FED0F814B0584601F02BFC6E
S3151001AA20074688464FA12846FCF705FEC0E9067879
S3151001AA3038464146CDE9007801F0EEFB074649A1BB
S3151001AA402846FCF7F8FD476104E00CE047A12846CB
S3151001AA50FCF7F1FD294647480068FEF711FA48460A
S3151001AA60FDF77AF900BFD0E143A12846FCF7E3FDD3
S3151001AA7012901298FCF7D6FD044601201190012C74
S3151001AA8027D900211298FCF7C4FDD0F81480611E55
S3151001AA908800FDF737F906460027CEB1641E00BFC0
S3151001AAA007E0791C1298FCF7B4FD406946F82700B7
S3151001AAB07F1CA742F5D3A3004FEA880132463648D8
S3151001AAC00068FDF78DFA3046FDF746F90020119022
S3151001AAD000BF29A12846FCF757FD012111A8FCF753
S3151001AAE0EAFC0646324624A12846FCF7C3FC1CA103
S3151001AAF02846FCF7A0FDA8B119A12846FCF79BFD35
S3151001AB000246002125480E46C2E906100146304686
S3151001AB1001F082FB804612A12846FCF78CFDC0F895
S3151001AB20148000E000BF0FA12846FCF784FDB8B3DE
S3151001AB300EA12846FCF77FFDD0F814B0584601F057
S3151001AB409AFB06460F4607A12846FCF774FDB04648
S3151001AB50C0E906674046394601F05EFB064620E02D
S3151001AB60636D64007461726765740000736F75724A
S3151001AB70636500002C06002064617461000000000A
S3151001AB8046BC470934060020C58C5031312E302E73
S3151001AB9030000000F926BA173806002000001C40C4
S3151001ABA006E0AFF240012846FCF745FD466104E098
S3151001ABB0AFF248012846FCF73EFD29469A4800683F
S3151001ABC0FEF75EF921E1AFF250012846FCF733FD9D
S3151001ABD0129000211298FCF71CFDD0F81490012157
S3151001ABE01298FCF716FDD0F8148008F101018800BF
S3151001ABF0FDF788F8044601201190002C70D04FEA19
S3151001AC0088034FEA8901221D88480068FDF7A0F9DB
S3151001AC1000202060AFF2A0012846FCF7B5FC08F130
S3151001AC2001012046FCF747FC06463246AFF2B80151
S3151001AC302846FCF71FFCAFF2D8012846FCF7FBFCAF
S3151001AC40B8B1AFF2E4012846FCF7F5FC0246002143
S3151001AC5077480E46C2E906100146304601F0DCFA85
S3151001AC608346AFF204112846FCF7E5FCC0F814B090
S3151001AC7000E000BFAFF214112846FCF7DCFC00B36C
S3151001AC80AFF218112846FCF7D6FCD0F814B0584686
S3151001AC9001F0F1FA06460F46AFF238112846FCF7D5
S3151001ACA0CAFCC0E9066730463946CDE90E6701F0A0
S3151001ACB0B3FA0646AFF254112846FCF7BCFC4661BE
S3151001ACC004E0AFF258112846FCF7B5FC2946564860
S3151001ACD00068FEF7D5F82046FDF73EF860E0FFE77D
S3151001ACE0AFF26C112846FCF74FFC012111A8FCF7B5
S3151001ACF0E2FB06463246AFF280112846FCF7BAFB54
S3151001AD00AFF2A4112846FCF796FCB8B1AFF2B01118
S3151001AD102846FCF790FC0246002145480E46C2E93A
S3151001AD2006100146304601F077FA8346AFF2D0118C
S3151001AD302846FCF780FCC0F814B000E000BFAFF263
S3151001AD40DC112846FCF777FC00B3AFF2E011284678
S3151001AD50FCF771FCD0F814B0584601F08CFA06468F
S3151001AD600F46AFF200212846FCF765FCC0E90667DD
S3151001AD7030463946CDE90E6701F04EFA0646AFF276
S3151001AD801C212846FCF757FC466104E0AFF224214A
S3151001AD902846FCF750FC294623480068FEF770F850
S3151001ADA033E0AFF22C212846FCF745FC0446204639
S3151001ADB0FCF738FC012809D100212046FCF729FCB3
S3151001ADC040691C49884201D1FDF7F2FA1DE0AFF244
S3151001ADD058212846FCF72FFC06463046FCF722FC84
S3151001ADE0022810D100213046FCF713FC40691149A5
S3151001ADF0891C884207D100213046FCF70AFC4469B8
S3151001AE002046FDF7A1F900E000BF07E00A480068F7
S3151001AE1020B12946084A1398126890472846FCF72C
S3151001AE2087FB00BF00BF9AE42C06002038060020DD
S3151001AE3000002240C03BB51D3006002038B504463F
S3151001AE400020009007E00F48006801226946036858
S3151001AE500C480068984769460B480068FCF71BFACE
S3151001AE600028F0D10948006810B1204600F078F8A2
S3151001AE70FDF7D2FF0546294602480068FFF76AFC2E
S3151001AE8038BD00002C0600202806002034060020BC
S3151001AE9010B541F21440FCF7B1F91549086008469E
S3151001AEA00068E0B10220FDF7BFFF124908600846AD
S3151001AEB00068A0B110480968486010A0FCF738F97D
S3151001AEC00F4908600A48052102680D480068FCF719
S3151001AED01FF90C4A01210A480068FCF719F90020EC
S3151001AEE00949086009A0FCF78BFF0A49086010BDE3
S3151001AEF0280600202C06002039A701107573620060
S3151001AF002406002019AF01103406002073797374DA
S3151001AF10656D0000380600202DE9F04104460D4606
S3151001AF20164637460CE03846FCF799F9012806D043
S3151001AF3014F8011B3846FCF7CBF96D1E00E001E051
S3151001AF40002DF0D100BFBDE8F08100000146024896
S3151001AF500160024800687047300600202C06002068
S3151001AF602DE9F84307464148006838443F490860CF
S3151001AF70084600683E490968884275D900254FF48C
S3151001AF80A070FCF7BFFE0646A84600200090002ED2
S3151001AF9069D001213648FDF7F7F935480068642173
S3151001AFA0B0FBF1F201FB1200314908600846006856
S3151001AFB0052801D20520086000202C4908600121CE
S3151001AFC06846FDF7E1F950210098B0FBF1F201FB5B
S3151001AFD0120000900098401C0090DDF800800025BA
S3151001AFE005E006EB85000121FDF7CEF96D1C4545FF
S3151001AFF0F7D3FCF794FA04460CB9BDE8F8830020A0
S3151001B0001C49FCF77AFA81464A461BA12046FCF7F1
S3151001B01031FA00204FF08041FCF76FFA81464A461B
S3151001B02016A12046FCF726FA00201249FCF765FA0C
S3151001B03081464A4613A12046FCF71CFA4146304682
S3151001B040FCF739FA81464A4610A12046FCF712FA56
S3151001B050214610480068FDF713FF2046FCF768FAF1
S3151001B0603046FCF779FE00BF00BFC6E73C0600205C
S3151001B070400600200000F03F636D6400736F757227
S3151001B08063650000746172676574000064617461C0
S3151001B090000000002C06002002460F48002100BFC8
S3151001B0A007E043681BB10368934200D1704708302B
S3151001B0B0491C0529F5D30848002107E043681BB947
S3151001B0C002600123436003E00830491C0529F5D3CA
S3151001B0D000BF00BFEAE70000286F002070B50646E2
S3151001B0E0074C002500BF08E0206820B1606810B148
S3151001B0F030462168884708346D1C052DF4D370BD80
S3151001B100286F002010B528210148E9F7D6FE10BD99
S3151001B110286F002010B5FCF7E7FD10BDF0B5064607
S3151001B1200F46154634460CB90020F0BD2368216937
S3151001B130C818AA083946F9F7DFF8206928442061AA
S3151001B1402846F2E72DE9F047044688461546264675
S3151001B150C1462F460EB1706910B90020BDE8F087BF
S3151001B1600AE049467069FCF796F8012803D109F1FE
S3151001B17001097F1E00E001E0002FF2D100BFE81B9C
S3151001B180ECE70346002070472DE9F047064689464D
S3151001B1901546344614B90020BDE8F087C846206923
S3151001B1A028446168884202D921696068451A216874
S3151001B1B020694718AA46002301221C211846E8F7E0
S3151001B1C0FBFC002301221C211846E8F7F5FC00239D
S3151001B1D001221C211846E8F7EFFC002301221C214D
S3151001B1E01846E8F7E9FC032000F03AFA0023012299
S3151001B1F01C211846E8F7E0FC002301221C21184601
S3151001B200E8F7DAFCC7F3072000F02AFA0023012237
S3151001B2101C211846E8F7D0FC002301221C211846F0
S3151001B220E8F7CAFCF8B200F01BFA002301221C2130
S3151001B2301846E8F7C1FC002301221C211846E8F73D
S3151001B240BBFC03E0F1F7F6FA08F8010BBAF10000BE
S3151001B250AAF1010AF6D101231A461C21E8F7ACFC22
S3151001B26001231A461C210020E8F7A6FC01231A46E1
S3151001B2701C210020E8F7A0FC01231A461C210020FE
S3151001B280E8F79AFC206928442061284684E72DE9CD
S3151001B290F04FADF2DC5D07460E4690469946DDF855
S3151001B2A000464B4642461F210DF5AC60F0F787FC70
S3151001B2B03C2304F5B6721F2160A8F0F780FC3C23ED
S3151001B2C004F5D4721F2141A8F0F779FC3C2304F54B
S3151001B2D0F2721F21FBA8F0F772FC3C2304F50872E9
S3151001B2E01F21DCA8F0F76BFC7823221D1F217FA8F4
S3151001B2F0F0F765FC3C2304F517721F2122A8F0F71D
S3151001B3005EFC1F210DF5AC60F0F78AFC83461F2108
S3151001B31060A8F0F785FC05461F217FA8F0F780FC91
S3151001B320824652467FA90DF5AC60F0F72EFC002837
S3151001B33004DB00200DF2DC5DBDE8F08F2068C01D36
S3151001B340C008306060AB5A460DF5AC610DF2E440B1
S3151001B3500095F0F7EAFD41AB5A460DF5AC610DF5D6
S3151001B3608D600095F0F7E1FD5146BDA8F0F705FC9B
S3151001B37060A82B46FBAA0DF2E441CDE90005BDA854
S3151001B380F0F7E7FD51469EA8F0F7F7FB41A82B46CB
S3151001B390DCAA0DF58D61CDE900059EA8F0F7D9FD62
S3151001B3A02A469EA9BDA8F0F7F0FB002806DB2B461E
S3151001B3B09EAABDA903A8F0F7C7FE0BE02B46BDAAAE
S3151001B3C09EA903A8F0F7C0FE2B4603AA60A903A8FD
S3151001B3D0F0F7BAFE60AB22AA03A903A80095F0F70D
S3151001B3E023FE2B4641AA03A903A8F0F735FE5346BF
S3151001B3F09EAA03A903A8F0F79DFB534603AA384654
S3151001B4003168F0F757FD7C210DF5AC60E9F755FD74
S3151001B4107C210DF2E440E9F750FD7C210DF58D609C
S3151001B420E9F74BFD7C21FBA8E9F747FD7C21DCA858
S3151001B430E9F743FD7C21BDA8E9F73FFD7C219EA8D4
S3151001B440E9F73BFD7C2160A8E9F737FD7C2141A88E
S3151001B450E9F733FD7C2122A8E9F72FFD7C2103A80A
S3151001B460E9F72BFD012065E72DE9F047FEB0074608
S3151001B4700C4690469946869D4B4642461F2121A869
S3151001B480F0F79DFB78232A1D1F2102A8F0F797FBE1
S3151001B490782305F17C021F2140A8F0F790FB1F21AC
S3151001B4A002A8F0F7BDFB06461F2140A8F0F7B8FB2E
S3151001B4B08246324602A921A8F0F767FB002803DB72
S3151001B4C000207EB0BDE8F0872868C01DC008206046
S3151001B4D002A8534640AA21A9CDE900065FA8F0F7B4
S3151001B4E038FD33465FAA38462168F0F7E3FC7C2124
S3151001B4F05FA8E9F7E2FC7C2121A8E9F7DEFC01202F
S3151001B500DFE7000010B5024800F014F810BD000086
S3151001B510CC06002010B5024800F00CF810BD000052
S3151001B5200C07002010B5024800F004F810BD000009
S3151001B5304C0700207CB50446A66B00200190F568E7
S3151001B54005F06000F8B194F834006021E7F7C1F80E
S3151001B55017E094F8340001A9E6F7C0FF019800F04E
S3151001B560800068B9606A50B16946606AFBF793FE5C
S3151001B570012803D19DF80000306202E002E000E0EC
S3151001B58000E0E6E700BF05F0180000B394F83400B8
S3151001B5901821E7F79EF818E094F834006946E6F7A3
S3151001B5A001FF88B9606938B19DF800106069FBF731
S3151001B5B08FFE012809D009E0E06930B10121684602
S3151001B5C0D4E90732984700E000E0E5E700BF7CBD0B
S3151001B5D070B504460D4660880B49497988420AD1EF
S3151001B5E0094AD27E02F00F01074A127D02F00F00BE
S3151001B5F000F0F2F970BD608810B900F031FAF9E780
S3151001B6004FF0FF30F6E700000008002000E0401C74
S3151001B61020B1017811B101782029F8DD70470000B9
S3151001B62000B587B018220C4901A8E9F7EAFB0B48C7
S3151001B6300068012801D107B000BD01A90120E8F772
S3151001B64078FC002211460120E8F751FF0120034939
S3151001B650086000BFEFE70000D81202106009002051
S3151001B66038B504460094012269461046E8F734FDC0
S3151001B6709DF8000038BD2DE9F04106460F4600F051
S3151001B680A1FF041E0D4618BF0120284320F00040DB
S3151001B690C0F17F6000F1E040C00F0ED0301C18BF22
S3151001B6A00120384320F00040C0F17F6000F1E040F6
S3151001B6B0C00F04BF0120E9F7CAFC20462946BDE8A0
S3151001B6C0F0812DE9FC470646884617469946DDF86E
S3151001B6D028A000252FB3002421E059F824106B4629
S3151001B6E001AA3846F7F786FD58F82400401B46F89C
S3151001B6F02400C5F1FF31884201D9012500E000255A
S3151001B70056F824000099401A46F824000099C1F110
S3151001B710FF31884200D96D1C01980544641C5445BB
S3151001B720DBD32846BDE8FC870160486070470000FE
S3151001B7302DE9F043ADF5497D07460D461646BC6920
S3151001B74095F80080B8F1060F10D2DFE808F0031063
S3151001B75011306A9C95F80190B9F1000F03D034208D
S3151001B760005D484502D0384600F0CFF894E093E0EA
S3151001B770E06AC0B90121E162002603223046761C37
S3151001B7802A544FF4FA62691C46A0FBF7C7FD06441A
S3151001B7900023324629463846F8F737FE40F6C411DB
S3151001B7A021630021A162384600F0AFF874E0701EE3
S3151001B7B0F42835D100208B90F422691C8CA8E9F766
S3151001B7C0DBFA082104F11500FCF7E6FD00BF0121A3
S3151001B7D004F11400FCF7E0FD207D0028F7D00026C7
S3151001B7E004202870207D6870D4F81500C5F8020071
S3151001B7F0D4F81900C5F806008CA809236A1C8BA970
S3151001B8000090681CFCF72AFE8B98461C00233246D2
S3151001B81029463846F8F7F9FD40F6C410206100BFF5
S3151001B8203AE0002022904FF4267223A921A0FBF7BB
S3151001B83075FD23A8731E6A1C22A9009002A8FCF7A5
S3151001B840BBFD229809281DD19DF8081034200155F9
S3151001B850DDF80910C4F83510DDF80D10C4F83910EB
S3151001B860002605223046761C2A54002332462946E4
S3151001B8703846F8F7CAFD00212163E162216261624F
S3151001B8800121A16208E000202061E0600021216011
S3151001B89061600120A06000BF00BF0DF5497DBDE8C4
S3151001B8A0F08300007273615F7075626C69635F6B20
S3151001B8B0657900007273615F707269766174655F94
S3151001B8C06B65790010B50246906903696BB103691E
S3151001B8D08B4203D903695B1A036106E00023836077
S3151001B8E00361C360002404604460036B63B1036B9E
S3151001B8F08B4203D9036B5C1A046305E0002484624E
S3151001B9000463C4620462446210BD38B50546AC696D
S3151001B910E06878B9022000900120E060002301223E
S3151001B92069462846F8F771FD40F6C41020610020DB
S3151001B930A06000BF38BD00000548064A0168914263
S3151001B94002D14068012801D00020704701207047BC
S3151001B950706E002042504354002802D00830F2F78E
S3151001B960C9BF704710B5B8210448E9F7A6FA0348CC
S3151001B970034901600121416010BD0000706E002075
S3151001B98042504354002802D00830F3F751BB704798
S3151001B990F7F766BF10B5024800F004F810BD0000B5
S3151001B9A09408002010B504462079E6F713F92068AB
S3151001B9B008B12068804710BD70B504460CB12068E7
S3151001B9C008B9002070BDA168206845182846E9F716
S3151001B9D069F9A1680844F5E770B505460C462021BA
S3151001B9E01848E9F76AFA1748056017481549486172
S3151001B9F008468861154848600120087740220221CF
S3151001BA002846E6F7AAFF20211148E9F756FA104809
S3151001BA10046010480E494861084688610E4848601E
S3151001BA204FF4A0608860012008774022012120464A
S3151001BA30E6F793FF0648E7F701FB0120074908607F
S3151001BA40002070BDB07200207D330110F07200200D
S3151001BA50D0720020A9330110F08600206008002062
S3151001BA60002004498860C86003498860C86003499A
S3151001BA7008607047B0720020D07200206008002064
S3151001BA802DE9F04106460F461546344614B90020F5
S3151001BA90BDE8F08123682169C818AA083946F8F764
S3151001BAA03BFC2069284420612846F1E72DE9FC5F1B
S3151001BAB00546884616462C46C14637464FF4FA7A4D
S3151001BAC0D4F838B00020019037E099F80010606A78
S3151001BAD0FBF7FEFB012805D109F101097F1E4FF085
S3151001BAE0140A2AE094F8340001A9E6F7F7FC019844
S3151001BAF000F04000C0B115E094F8340001A9E6F752
S3151001BB00EDFC019800F0800058B96946606AFBF7B0
S3151001BB10C2FB012804D19DF80000CBF8200001E0FA
S3151001BB2001E000E0E8E700BFBAF1000F00D106E03E
S3151001BB300120FBF7F3F9AAF1010A002FC5D100BFC5
S3151001BB4094F8340001A9E6F7C9FC019800F0400009
S3151001BB50C0B115E094F8340001A9E6F7BFFC0198CD
S3151001BB6000F0800058B96946606AFBF794FB01281A
S3151001BB7004D19DF80000CBF8200001E001E000E0BF
S3151001BB80E8E700BFF01BBDE8FC9F00002DE9F0417E
S3151001BB9007460E461446154DE7F770FD28B90120E4
S3151001BBA0134908600020BDE8F081002010490860A3
S3151001BBB010480068012801D00020F4E700E06D1E4E
S3151001BBC00D48806808B1002DF9D1224631460B483F
S3151001BBD0E9F7D2F809480849486008468460002008
S3151001BBE0C8600846E7F7DCF92046DCE740420F005B
S3151001BBF07008002060080020B0720020F07200204A
S3151001BC002DE9F047064689461546344614B90020F3
S3151001BC10BDE8F087206928446168884202D9216904
S3151001BC206068451A4F462168206900EB0108AA464B
S3151001BC30002301221C211846E7F7BEFF002301222B
S3151001BC401C211846E7F7B8FF002301221C211846CC
S3151001BC50E7F7B2FF002301221C211846E7F7ACFFD4
S3151001BC600620FFF7FDFC01231A461C210020E7F7E9
S3151001BC70A3FF01231A461C210020E7F79DFF00238D
S3151001BC8001221C211846E7F797FF002301221C21E8
S3151001BC901846E7F791FF0220FFF7E2FC0023012285
S3151001BCA01C211846E7F788FF002301221C2118469C
S3151001BCB0E7F782FFC8F30720FFF7D2FC0023012222
S3151001BCC01C211846E7F778FF002301221C2118468C
S3151001BCD0E7F772FF08F0FF00FFF7C2FC002301220D
S3151001BCE01C211846E7F768FF002301221C2118467C
S3151001BCF0E7F762FF03E017F8010BFFF7B1FCBAF1A2
S3151001BD000000AAF1010AF6D101231A461C21E7F710
S3151001BD1053FF01231A461C210020E7F74DFF01238B
S3151001BD201A461C210020E7F747FF01231A461C215A
S3151001BD300020E7F741FF01231A461C210020E7F7EF
S3151001BD403BFF206928442061284661E710B5002988
S3151001BD500AD00878002807D005487844E9F7D4F8BE
S3151001BD60002801D0002010BD0248784410BD000003
S3151001BD70F6570000EE57000010B591EA030F48BFC1
S3151001BD8083F0004300F10C85841A71EB030C05D284
S3151001BD90121943EB0C03001B61EB0C01DFF824E1D4
S3151001BDA04FEA1154A4EB135C1EEA430F18BF9EEA27
S3151001BDB0445F73D023EA0E03DCF1200E21EA04510D
S3151001BDC043F4801332D322FA0CFE10EB0E0023FA41
S3151001BDD00CFE41EB0E01CCF1200E03FA0EFE10EB18
S3151001BDE00E0051F10001B1F5801FCCF1200E32D2B7
S3151001BDF001EB045112FA0EF2BDE8104058BF70471C
S3151001BE00401C38BF5FEA420218BF7047002814BFB2
S3151001BE1020F0010041F100014FEA410313F5001F23
S3151001BE2038BF7047A1F1C04100F084BB012A43EB32
S3151001BE300302ACF1200CDCF11F0E32BF4FF0000EE5
S3151001BE4023FA0CF310EB030041EB0451B4EB115F31
S3151001BE50D0D0A1EB045101F5801149085FEA3000F9
S3151001BE6001EB04510ED350F1000038BF12FA0EFE49
S3151001BE7008D1BDE81040C9E7401C38BF5FEA42024D
S3151001BE80CAD1C3E7BDE810404FEA410313F5001FBD
S3151001BE9038BF7047A1F1C04100F04CBB9EEA445F28
S3151001BEA008D011EA5E0FBDE8104004BF01F0004151
S3151001BEB000207047BDE8104070B500F0EDFA00BFE4
S3151001BEC064FBBE3E0000E0FF02494FF0000000F0A7
S3151001BED049BE00BF0000F87F491058BFC1F140416B
S3151001BEE05B1058BFC3F140438B42EFF3008070479C
S3151001BEF02DE9C04130B4DFF8A0C23CEA111418BFD5
S3151001BF003CEA131400F0EC8081EA03051CEA1114D3
S3151001BF1044EAD57418BF1CEA131500F0C780A4EBC8
S3151001BF2005044FF0004545EAC12145EAC32341EA1C
S3151001BF30505143EA525304F17F74994204F5003487
S3151001BF404FEAC0204FEAC22208BF904200F09C80FF
S3151001BF504FEA13650FF24016765D4FEA134506FB5D
S3151001BF6005F7C7F1807706FB07F74FEAD737A7FB27
S3151001BF7003687642C8F58038A7FB06CE38BFA8F10C
S3151001BF80010807FB08E64FF0000EA6FB028CE6FB44
S3151001BF9003CEDCF1000CCEF1004E38BFAEF1010E2E
S3151001BFA0A6FB0C584FF000074FF00005E6FB0E8775
S3151001BFB0A1FB08C6A0FB07CE16EB0E0645F1000540
S3151001BFC0E1FB076515F1E04E7EBFA4F580345FEA0B
S3151001BFD046066D4116F1800745F100054FEA172710
S3151001BFE04FEA066647EA0567A6F1DE46B6F1805FB7
S3151001BFF04FEA15251FD9384624F0010C05EBC471FB
S3151001C000BCF1FE6F01EB0C1102D8F0BCBDE800814A
S3151001C01024425CBF01F5801E9EEAC47F02D4F0BCA7
S3151001C020BDE80081244238D4F0BCA1F1C041BDE87D
S3151001C030004100F07FBA4FEAD22242EA43524FEA58
S3151001C040D323A7FB02864FEAD02040EA415007FBD3
S3151001C05003661EEA0E0F4FEAD12105FB026658BF91
S3151001C060A6EB0056B6EB00564FEA520E4EEAC37EC9
S3151001C07018EB0E0E56EB530EBDD518EB02085E41AA
S3151001C0807F1C55F10005B6E74FF480154FF00007F8
S3151001C0904FF000064FF00008ADE7F0BC4FF000007E
S3151001C0A001F1C04101F00041BDE8008111EA0C1F08
S3151001C0B00CEA131500D00CE013EA0C1F00F02580D2
S3151001C0C04FF00000F0BC81EA030101F00041BDE828
S3151001C0D00081F0BCBDE8004181EA030100F02ABAF3
S3151001C0E0F0BCBDE8004170B500F0D6F9097EFC3E02
S3151001C0F000F007B881EA03014FF0000001F000419A
S3151001C100704781EA030100F015BAF0BCBDE80041A1
S3151001C1104FF0000021497047FFFDFBF9F7F5F4F2E6
S3151001C120F0EEEDEBE9E8E6E4E3E1E0DEDDDBDAD8BB
S3151001C130D7D5D4D3D1D0CFCDCCCBCAC8C7C6C5C419
S3151001C140C2C1C0BFBEBDBCBBBAB9B8B7B6B5B4B330
S3151001C150B2B1B0AFAEADACABAAA9A8A8A7A6A5A41B
S3151001C160A3A3A2A1A09F9F9E9D9C9C9B9A999998DF
S3151001C1709797969595949393929191908F8F8E8E82
S3151001C1808D8C8C8B8B8A898988888787868585840F
S3151001C19084838382828181800000FF070000F87FFB
S3151001C1A051EA030C17D41CF5801F58BFBCF5801F2C
S3151001C1B000F10680994218BF704708BF9042704738
S3151001C1C007D711F5801F58BF13F5801F19D499424F
S3151001C1D07047894270471CF5801F08D5BCF5801F32
S3151001C1E0F7D58B4218BF704708BF824270474FF48C
S3151001C1F0001C1CEB410F38BF1CEB430F01D28B42C5
S3151001C200704770B500F048F9922449004FF000517B
S3151001C2104FF08053FFF760BE4FEA41034FEA535385
S3151001C220A3F58063D3F11E03C8BFD3F1210C0CDD36
S3151001C2304FF0004242EAC12242EA505232FA03FC5E
S3151001C2408CEAE17CACEBE1707047102BC4BF002087
S3151001C250704703F5787CBCF1FF3F04D06FF00042C4
S3151001C26082EA2100704770B500F016F949922480D0
S3151001C27000207047F2E710F0004248BF4042B0FA82
S3151001C28080F310FA03F10AD0C3F11D0303F580639D
S3151001C2904FEA415002EB035202EBD12170474FF0A6
S3151001C2A000007047B0FA80F310FA03F10AD0C3F117
S3151001C2B01D0303F580634FEA41504FEA035202EB27
S3151001C2C0D12170474FF000007047000051EA030C6E
S3151001C2D017D41CF5801F58BFBCF5801F00F10680CE
S3151001C2E0994218BF704708BF9042704707D711F59A
S3151001C2F0801F58BF13F5801F19D499427047894280
S3151001C30070471CF5801F08D5BCF5801FF7D58B42E9
S3151001C31018BF704708BF824270474FF4001C1CEBD0
S3151001C320410F38BF1CEB430F01D28B42704770B5DA
S3151001C33000F0B2F8922449004FF000514FF08053AB
S3151001C340FFF7CABDDFF848C170B51CEA111E1EBF42
S3151001C3501CEA13159EEA0C0F95EA0C0F00F06F807C
S3151001C36081EA030423EA4C134EEAD47E21EA4C11E6
S3151001C37041F4801143F48013AE44A1FB024CA0FB9F
S3151001C3800365AEF17F7E361955EB0C05A1FB034C07
S3151001C3904CF10003A0FB021C16EB0C06654153F190
S3151001C3A00003094218BF46F0010613F4007F0BD1B2
S3151001C3B04FEA03314FEA0530340341EA155140EA99
S3151001C3C016506FF003020AE04FEAC3214FEAC52067
S3151001C3D0F40241EA555140EA56506FF0020202EB5F
S3151001C3E02E4201EB025585EACE710AD05FEA440C62
S3151001C3F018BF24F0004450F1000041F1000120EA79
S3151001C400D47040F2FE7C624500D270BDA84214BFC2
S3151001C4104FF080444FF04044002E08BF0024BEF177
S3151001C420806FA8BFA1F1C041BDE8704080F2828043
S3151001C4304FF0000001F1C04101F0004170479EEA42
S3151001C4400C0F0CEA131518BF95EA0C0F06D04FF016
S3151001C450000081EA030E0EF0004170BD00F01CF8D9
S3151001C4608900013E00F007B800F009B84FEA430C05
S3151001C4705FEA5C5C08D081EA030100F05BB84FEA21
S3151001C480410C5FEA5C5CF6D14FF000000149704740
S3151001C4900000FF070000F87F0EF1020E2EF0030ECA
S3151001C4A05EF8046B364205D4012A43EB030515F5F4
S3151001C4B0001F12D8012841EB010C1CF5001F0CD8E6
S3151001C4C00ED14FEAD17C15F5001F0CEB4C0C0CF17B
S3151001C4D0020C08BF4CEBD37C04E04FF0080C01E0D2
S3151001C4E04FEAD37C0CEB4C0526FA05F606F0070647
S3151001C4F0B6F1040C06D20EEB860CBDE870404CF07A
S3151001C500010C6047DFE80CF0090B02024FF0004105
S3151001C5104FF00000A1F5002170BD19461046012803
S3151001C52051EB010418BFD4F5001484BF002001F0AB
S3151001C530004170BD0808A0F500114FEA310170479E
S3151001C54053EA010C17D41CF5801F58BFBCF5801F88
S3151001C55000F106808B4218BF704708BF82427047B0
S3151001C56007D713F5801F58BF11F5801F19D48B42B9
S3151001C57070479B4270471CF5801F08D5BCF5801F7C
S3151001C580F7D5994218BF704708BF904270474FF4CC
S3151001C590001C1CEB430F38BF1CEB410F01D2994213
S3151001C5A070470FB40CBC03BCFFF7C1BE91EA030F71
S3151001C5B010B581F000413FF5E7AB83F0004300F081
S3151001C5C0EFB800002DE9F04101F5801CBCF5001F04
S3151001C5D0C0F2C3804FEA115C21EA0C510CF1FD0C3B
S3151001C5E041F480115FEA5C0C0CF5C07C01D340006C
S3151001C5F049413DA4890241EA905187028E0E0A0CE7
S3151001C600A45D04FB04F602FB06F6C6F14046A4FB44
S3151001C6100662F60D46EA422606FB06F4A4FB012342
S3151001C6205242C3F1404338BF5B1EA6FB02420024AF
S3151001C630E6FB0324D20B42EA4446A6FB0623A1FBE2
S3151001C64002E2A3FB07E4A4184FF0000252F1000224
S3151001C650E3FB01426442C2F1404E38BFAEF1010E16
S3151001C660A6FB04234FF00002E6FB0E32A2FB0346A3
S3151001C6704FF00004B61954F10004E2FB0264A1FB69
S3151001C68006E6A4FB07E816EB08064FF0000858F17A
S3151001C6900008E4FB01687642C8F1405838BFA8F19A
S3151001C6A00108A2FB06E4A3FB08E52D194FF00004CF
S3151001C6B054F10004E2FB0854A1FB05E6A7FB04E8CC
S3151001C6C018EB06084FF0000656F10006E1FB04864A
S3151001C6D018F1200556F10006A809A8F11B08B109A1
S3151001C6E008F03F08B8F10A0F40EA86601CD901EB41
S3151001C6F00C51BDE8F08100BFFCF5EEE8E2DDD8D3C0
S3151001C700CFCBC7C3C0BDB9B6B4B1AEACA9A7A5A3AB
S3151001C710A19F9D9B9A9896959392908F8D8C8B89BC
S3151001C7208887868584838281A0FB006800FB01F2DD
S3151001C73008EB4208B8EB872807D5341858EB0104E3
S3151001C740D5D5401C51F10001D1E7341A78EB01041B
S3151001C750CDD4401E71F10001C9E75FEA4C0C5FEAC6
S3151001C7609C5C0DD105D34FF0000001F00041BDE8EE
S3151001C770F081BDE8F04170B5FFF78EFE6DDBFFBEAF
S3151001C780BDE8F0414FF00000004970470000F87F06
S3151001C79010B591EA030F48BF83F000433FF5F4AAA1
S3151001C7A0841A71EB030C07D212198CF0004C43EB6F
S3151001C7B00C03001B61EB0C01DFF8A4E14FEA1154E5
S3151001C7C0A4EB135C1EEA430F18BF9EEA445F00F008
S3151001C7D0B08023EA6E03524221EA0451C3EB6E0381
S3151001C7E038BF5B1EDCF1200E25D322FA0CFE10EBAE
S3151001C7F00E0043FA0CFE41EB0E01CCF1200E03FAAA
S3151001C8000EFE10EB0E0051F10001CCF1200E29D4D1
S3151001C81012FA0EF201EB0451BDE8104058BF7047F1
S3151001C820401C1CBFB2F1004F704700280CBF491CB9
S3151001C83020F00100704712EB020E43EB030218BF02
S3151001C8404FF0010E4EEA4202ACF1200CDCF11E0E45
S3151001C85054D943FA0CFE10EB0E0051F1FF31CCF115
S3151001C8601E0ED5D50EF1010E12FA0EFE404141EB08
S3151001C870010101EB445C5FEA5C5C10D910EBDE70E0
S3151001C88001EB045138BFBEF1004FBDE8104018BF8F
S3151001C890704700280CBF491C20F00100704730D2A8
S3151001C8A04FEAD42C11F5001124F400641BD0B1FA0F
S3151001C8B081F20B3AA41AA41ED2F12003914030FA48
S3151001C8C003F31943904001EBCC71002C01EB045199
S3151001C8D0BDE81040A8BF704701F1C0414FF00000FC
S3151001C8E001F000417047B0FA80F310FA03F100D15C
S3151001C8F010BDE41A173C4805C90AE4E701EB0451D7
S3151001C90010BD491001EB0451BDE810404FEA30004B
S3151001C91002E04FF0000170474A0008BF0042F8D00C
S3151001C920B2F5001F28BF704701F000414FF000001B
S3151001C93070479EEA445F07D011EA5E0FBDE81040CA
S3151001C94004BF002100207047BDE8104070B5FFF705
S3151001C950A3FD00BF40DFF63E83F00041104670474D
S3151001C9600000E0FF41000B0ED3F19E0208D950F4EE
S3151001C97000034FEA032323FA02F048BF40427047EF
S3151001C98010B500F0A4F800BF49922480002070472A
S3151001C9906FF0004282EA20007047000010F000415B
S3151001C9A048BF4042B0FA80F310FA03F2C3F19D0377
S3151001C9B00BD051EAC35101EB1220530638BF704711
S3151001C9C000F1010008BF20F0010070474FF47F0C01
S3151001C9D01CEAD0121EBF1CEAD11392EA0C0F93EA7D
S3151001C9E00C0F00F0478090EA010F48BF42F48072A5
S3151001C9F04FF0004C4CEA00204CEA012102EB0302F5
S3151001CA00A0FB0113A2F50002002918BF43F0010390
S3151001CA105B0028BF4FEA330342EB22425FEA132C35
S3151001CA204CEBC2502EBFBCEB436FB2F57C0F704777
S3151001CA304FEA036CBCF1004F08BF20F00100B2F5BC
S3151001CA407C0F38BF70470BD582F0FF0212F5803F7D
S3151001CA50C8BF704700F1C040D8BF00F00040704712
S3151001CA6000F5000C5FEA4C0C48BF7047B0F1C040AE
S3151001CA7000F073B890EA010F0CEAD11348BF42F4E3
S3151001CA808072624538BF634504D280EA010000F026
S3151001CA900040704710B500F01AF800BF8900013E3A
S3151001CAA000F007B800F009B85FEA410C5FEA1C6CA8
S3151001CAB008D080EA010000F050B85FEA400C5FEA46
S3151001CAC01C6CF6D14FF00040A0F5800070470EF1B6
S3151001CAD0020E2EF0030E5EF8044B244204D44FEAE4
S3151001CAE04102B2F17F4F11D84FEA4003B3F17F4FA4
S3151001CAF00CD80ED14FEAD07CB2F17F4F0CEB4C0C17
S3151001CB000CF1020C08BF4CEBD17C04E04FF0080C81
S3151001CB1001E04FEAD17C0CEB4C0324FA03F404F048
S3151001CB200704B4F1040C06D20EEB840CBDE81040D8
S3151001CB304CF0010C6047DFE80CF0070802024FF0D9
S3151001CB400040A0F5800010BD0846420018BFD2F182
S3151001CB50807288BF00F0004010BDFF2141EAD0501D
S3151001CB60C00570470CF00F03092B08BF082000F011
S3151001CB7059800A2B0BD0082B18BF704708BF1CF021
S3151001CB80400F0AD04FF000004FF0000170471CF023
S3151001CB90400F18BF4FF0004070471CF0100F08D01F
S3151001CBA020F0704300F07F4242EAD3014FEA43700E
S3151001CBB0704700F0604021F07F4242EA000201F026
S3151001CBC07F4040EA727070474FF0FF0C4CF4E06CF6
S3151001CBD01CEA11531CBF9CEA030C9445C2BFDA42EE
S3151001CBE001EB02517047002B0DD0BCF1000F0FD095
S3151001CBF0002A01F00041A4BF41F0E04141F07F61FC
S3151001CC004FF00000704701F000414FF000007047EF
S3151001CC1050EA01334FF09B0C18BF4CF0806C7FF437
S3151001CC2053A970471CF4801F11D01CF4E02F03D0B8
S3151001CC306FEACC31490070474FF04050EFF3008254
S3151001CC4022F0704242EA000282F3008870474FF0E8
S3151001CC5000007047000028003200FA0000001E0094
S3151001CC60280096000000190023006400000014003B
S3151001CC701E004B0000000F0019003C0000000C00C4
S3151001CC8014002D00000009000F002300000006000B
S3151001CC900A001E0000000300060019000000000033
S3151001CCA0000000000000000000000000000000006D
S3151001CCB000000000000005000A0014000000050035
S3151001CCC00A001400000005000A0014000000050007
S3151001CCD00A00140000000A0014001E0000000F00D4
S3151001CCE01E00320000001400280046000000190042
S3151001CCF032005A0000001E003C00640000000000D3
S3151001CD0000000000000004000A00140000000400E6
S3151001CD100A001400000004000A00140000000600B6
S3151001CD2014002800000006001400280000000A0064
S3151001CD3028003C0000000A002800500000001400E2
S3151001CD403C0064000000280050007800000000003C
S3151001CD5000000000000000000000000000000000BC
S3151001CD6000000000000005000A0014000000050084
S3151001CD700A001400000005000A0014000000050056
S3151001CD800A001400000005000A00140000000A0041
S3151001CD901400320000000A001400320000001E00C8
S3151001CDA03C00640000001E003C006400000000000E
S3151001CDB0000000000000000000000000000000005C
S3151001CDC000000000020005001400640000000500C8
S3151001CDD0140064000000050028007800000005001A
S3151001CDE02800780000000A003C008C0000000A00B0
S3151001CDF03C008C000A002800640096000A002800F6
S3151001CE006400960014005000C800960014005000EB
S3151001CE10C800C40914005000C800C409000000006D
S3151001CE2000000000000000000000000000000000EB
S3151001CE3000000000000005000A00140000000500B3
S3151001CE400F001E0000000800140023000000080057
S3151001CE501400280000000A0019002D00000014001B
S3151001CE601E003200000014001E003C0000001E00CF
S3151001CE7028004600000023002D005000000000008D
S3151001CE80000000000000000000000000000000008B
S3151001CE90000000000000000000000000000000007B
S3151001CEA000000000000003000A0019000000040041
S3151001CEB00F001E00000005000F00280000000500ED
S3151001CEC00F003200000005001400460000000700A4
S3151001CED01900640000000700190064000000070033
S3151001CEE01E009600000007001E00960000000A00B2
S3151001CEF03200FA00000000000000000000000000EF
S3151001CF000000000000000000000000000105020BF7
S3151001CF10020005000700010303090B0000040300CA
S3151001CF2000000603010408030400000400060800BB
S3151001CF30010206020B0006040101010400020008A9
S3151001CF4001050407070800000000000000000000AA
S3151001CF5000000000000000000000000000000000BA
S3151001CF6000000000000000000000000000000000AA
S3151001CF7000010308090A020401000B05010500035B
S3151001CF80010502000003080706030909090304063F
S3151001CF90010207050809070B0A0002070004000A27
S3151001CFA001040105070501030B070000000000003D
S3151001CFB0000000000000000000000000000000005A
S3151001CFC0000000000000000000000000000000004A
S3151001CFD0000000000A030B060408010602010308FB
S3151001CFE008010807090000030205040302040704E7
S3151001CFF004070B0009090908000208070A06050BB0
S3151001D00006000207000605030300000A04090000D2
S3151001D01000000000000000000000000000000000F9
S3151001D02000000000000000000000000000000000E9
S3151001D03000000000000000000405010B07030909A8
S3151001D040090200010203070201090405080A060183
S3151001D050070002020401020A000305040501030781
S3151001D06005030609000308040002040B040300016A
S3151001D0700601030806080404090600000000000062
S3151001D0800000000000000000000000000000000089
S3151001D0900000000000000000000000000B0606085A
S3151001D0A00A02050102020200030408080403060528
S3151001D0B0000B080802020A0105030708000703010D
S3151001D0C00700020102030202040B0701000000001F
S3151001D0D005080A070700000503060A0604030105E9
S3151001D0E0000607000000000000000000000000001C
S3151001D0F00000000000000000000000000000000019
S3151001D1000105020B020005000700010303090B00CC
S3151001D11000040300000006030104080304000004D0
S3151001D12000060800010206020B00060401010104B3
S3151001D13000020008010504070708000000000000AE
S3151001D14000000000000000000000000000000000C8
S3151001D15000000000000000000000000000000000B8
S3151001D1600000000000010308090A020401000B0572
S3151001D170010500030105020000030807060309095A
S3151001D18009030406010207050809070B0A0002072D
S3151001D1900004000A01040105070501030B0700003D
S3151001D1A00000000000000000000000000000000068
S3151001D1B00000000000000000000000000000000058
S3151001D1C000000000000000000A030B060408010617
S3151001D1D002010308080108070900000302050403F8
S3151001D1E00204070404070B000909090800020807CD
S3151001D1F00A06050B06000207000605030300000ACE
S3151001D20004090000000000000000000000000000FA
S3151001D21000000000000000000000000000000000F7
S3151001D2200000000000000000000000000405010BD2
S3151001D230070309090902000102030702010904058E
S3151001D240080A0601070002020401020A0003050486
S3151001D2500501030705030609000308040002040B70
S3151001D2600403000106010308060804040906000068
S3151001D2700000000000000000000000000000000097
S3151001D2800000000000000000000000000000000087
S3151001D2900B0606080A020501020202000304080829
S3151001D2A004030605000B080802020A010503070814
S3151001D2B0000703010700020102030202040B070122
S3151001D2C00000000005080A070700000503060A0604
S3151001D2D0040301050006070000000000000000001D
S3151001D2E00000000000000000000000000000000027
S3151001D2F000000000090502010208050007000103EC
S3151001D30003090105000403000500010305040903CF
S3151001D31004000504060602030102060209000604BA
S3151001D32008050104000204010105040709080000AB
S3151001D33000000000000000000000000000000000D6
S3151001D34000000000000000000000000000000000C6
S3151001D3500000000000000000010703070900020495
S3151001D3600100010501050703010502000009010776
S3151001D3700703020204030406010207050701070158
S3151001D380090002070004000307040105070501034C
S3151001D390010700000000000000000000000000006E
S3151001D3A00000000000000000000000000000000066
S3151001D3B00000000000000000000000000903010643
S3151001D3C00409000602060308070104070900000301
S3151001D3D002050403020407040407010009010108F8
S3151001D3E000020807090605030600020700060503E1
S3151001D3F00907000104000000000000000000000001
S3151001D4000000000000000000000000000000000005
S3151001D41000000000000000000000000000000000F5
S3151001D42004050101070901020302000102030702B3
S3151001D4300709010508020600070002020402020399
S3151001D4400003050905010307050306010003080486
S3151001D450000204010403000106010309060804047D
S3151001D460020600000000000000000000000000009D
S3151001D4700000000000000000000000000000000095
S3151001D4800000000006060608090205000202020055
S3151001D490030408070403060500040607020901062A
S3151001D4A00503070800070301070002010903020229
S3151001D4B0040107010600050005010907080000051A
S3151001D4C00306090604030105000607000000000013
S3151001D4D00000000000000000000000000000000035
S3151001D4E0000000000000000002050202020705000C
S3151001D4F007000103030101050004030000000603F0
S3151001D50005040203040000040606080001020602CF
S3151001D51001000604000001040002080801050407C1
S3151001D52003080000000000000000000000000000D9
S3151001D53000000000000000000000000000000000D4
S3151001D54000000000000000000000000001010308B7
S3151001D5500102020401000105010500030105020093
S3151001D5600003080706030304050304060102070561
S3151001D5700801070102000207000400030104010566
S3151001D580070501030107000000000000000000006C
S3151001D5900000000000000000000000000000000074
S3151001D5A00000000000000000000000000000000064
S3151001D5B00103010604080006020103080801080711
S3151001D5C00200000302050403020407040407010014
S3151001D5D003030408000208070506050306000207EF
S3151001D5E0000605030300000104020000000000000C
S3151001D5F00000000000000000000000000000000014
S3151001D6000000000000000000000000000000000003
S3151001D61000000000040501010703030201020001D5
S3151001D62002030702010104050802060007000202AF
S3151001D630040202030003050405010307050306029C
S3151001D6400003080400020401040300010601030893
S3151001D6500608040402060000000000000000000095
S3151001D66000000000000000000000000000000000A3
S3151001D6700000000000000000060606080102050071
S3151001D6800202020003040808040306050004080840
S3151001D6900202020105030708000703010700020140
S3151001D6A00203020204010701000000000508030736
S3151001D6B0070000050306030604030105000607001B
S3151001D6C00000000000000000000000000000000043
S3151001D6D00000000000000000000000000A05020B17
S3151001D6E0020005000700010303040B0B00040300ED
S3151001D6F00A0006030104080304000A0400060800D0
S3151001D7000102060B0B000604010A010400020008BF
S3151001D7100105040707080A000000000000000000C8
S3151001D72000000000000000000000000000000000E2
S3151001D73000000000000000000000000000000000D2
S3151001D7400B0103080901020401000B0B0109000377
S3151001D750010502000003080B06030908010304066C
S3151001D760010207050809070B02000207000400035E
S3151001D77001040B05070501030B070000000000005B
S3151001D7800000000000000000000000000000000082
S3151001D7900000000000000000000000000000000072
S3151001D7A0000000000A030B060B080106020103081C
S3151001D7B0080108070900000A020504030204070A02
S3151001D7C004070B0009070108000208070A060B0BDC
S3151001D7D006000907000605030300000A04090000F4
S3151001D7E00000000000000000000000000000000022
S3151001D7F00000000000000000000000000000000012
S3151001D80000000000000000000405010B07030904D5
S3151001D810030200010203070B0B09040508070601A1
S3151001D820070002020901020800030B0405010307A0
S3151001D83005030609000308040002040B0403000192
S3151001D8400601030806080B04090600000000000083
S3151001D85000000000000000000000000000000000B1
S3151001D8600000000000000000000000000B06060882
S3151001D8700A020B0B02090200030408080403060539
S3151001D880090B080802020A01050307080B0B03011D
S3151001D890070002010A0302020B0B0701000900002F
S3151001D8A005080A090700000503060A06040301050F
S3151001D8B00006070000000000000000000000000044
S3151001D8C00000000000000000000000000000000041
S3151001D8D00805020B020008000700010303040B0BE5
S3151001D8E0000403000A0806030104080304000A04DD
S3151001D8F0000608000102060B08000604010A0104CD
S3151001D90000020008010504070708080000000000CE
S3151001D91000000000000000000000000000000000F0
S3151001D92000000000000000000000000000000000E0
S3151001D930000000000B0103080901020401000B0598
S3151001D94001090003010502000003080B060309087B
S3151001D95001030406010207050808070B0200020766
S3151001D9600004000301040905070501030907000066
S3151001D9700000000000000000000000000000000090
S3151001D9800000000000000000000000000000000080
S3151001D99000000000000000000A0309060B0801063A
S3151001D9A002010308080108070900000A0205040319
S3151001D9B00204070A04070B000807090800020807F2
S3151001D9C00A06090B06000907000605030300000AEB
S3151001D9D00409000000000000000000000000000023
S3151001D9E00000000000000000000000000000000020
S3151001D9F00000000000000000000000000405010BFB
S3151001DA0007030904030200010203070B01090405B8
S3151001DA1008070601070002020901020800030B04A8
S3151001DA200501030705030609000308040002040B98
S3151001DA30040300010601030806080B040906000089
S3151001DA4000000000000000000000000000000000BF
S3151001DA5000000000000000000000000000000000AF
S3151001DA600B0606080A02090B02080200030408083D
S3151001DA7004030605090B080802020A010503070833
S3151001DA800B090301070002010A030202090B070130
S3151001DA900009000005080A090700000503060A0621
S3151001DAA00403010500060700000000000000000045
S3151001DAB0000000000000000000000000000000004F
S3151001DAC0000000000A05020B020005000700010311
S3151001DAD003040B0B000403000A00060301040803E8
S3151001DAE004000A04000608000102060B0B000604D6
S3151001DAF0010A0104000200080105040707080A00CB
S3151001DB0000000000000000000000000000000000FE
S3151001DB1000000000000000000000000000000000EE
S3151001DB2000000000000000000B0A030809010204AE
S3151001DB3001000B0B01090003010502000003080B8C
S3151001DB4006030908090A0406010207050809070B55
S3151001DB50020002070004000301040B050A05010374
S3151001DB600B0700000000000000000000000000008C
S3151001DB70000000000000000000000000000000008E
S3151001DB800000000000000000000000000A030B0660
S3151001DB900B08010602010308080108070900000A1B
S3151001DBA0020504030204070A04070B000907090802
S3151001DBB0000208070A060B0B0600090700060503F3
S3151001DBC00300000A04090000000000000000000024
S3151001DBD0000000000000000000000000000000002E
S3151001DBE0000000000000000000000000000000001E
S3151001DBF00405010B0703090A030200010203070BBF
S3151001DC000B090405080706010700020209010A08A3
S3151001DC1000030B04050103070503060900030804A5
S3151001DC200002040B0A0300010601030806080B048F
S3151001DC3009060000000000000000000000000000BE
S3151001DC4000000000000000000000000000000000BD
S3151001DC50000000000B0606080A020B0B020902005F
S3151001DC600304080804030605090B080802020A0141
S3151001DC70050307080B0B0301070002010A03020241
S3151001DC800B0B07010009000005080A09070000052A
S3151001DC9003060A060403010500060700000000003A
S3151001DCA0000000000000000000000000000000005D
S3151001DCB00000000000000000090502010200090031
S3151001DCC0070001030304020100040300090006030F
S3151001DCD001040803040009040006080001020602F3
S3151001DCE003000604010901040002000801050407E6
S3151001DCF007080900000000000000000000000000F5
S3151001DD0000000000000000000000000000000000FC
S3151001DD1000000000000000000000000009010308D7
S3151001DD2009010204010005050109000301050209A3
S3151001DD30000308070603090809030406010207057B
S3151001DD400809070402000207000400030104010583
S3151001DD50090501030607000000000000000000008D
S3151001DD60000000000000000000000000000000009C
S3151001DD70000000000000000000000000000000008C
S3151001DD800A03090604080106020103080801080727
S3151001DD900900000A020504030204070A0407080021
S3151001DDA009070908000208070A06050906000907F6
S3151001DDB0000605030300000A040900000000000024
S3151001DDC0000000000000000000000000000000003C
S3151001DDD0000000000000000000000000000000002C
S3151001DDE000000000040501050703090403020001F0
S3151001DDF002030702010904050807060107000202CA
S3151001DE0009010208000305040501030705030609B4
S3151001DE1000030804000204040403000106010308B8
S3151001DE2006080404090600000000000000000000B6
S3151001DE3000000000000000000000000000000000CB
S3151001DE400000000000000000040606090402050196
S3151001DE5002090200030A0808040306050905080851
S3151001DE6002020601050A090800070301070002015B
S3151001DE7005090202040A070100090000050808093C
S3151001DE80070000050306090604030105000607003D
S3151001DE90000000000000000000000000000000006B
S3151001DEA0000000000000000000000000010D020546
S3151001DEB0020C050007000D03030104000004030111
S3151001DEC00007060801040D030400000400060800FB
S3151001DED0010C060D07000604010D010400020008DD
S3151001DEE0010504070D080C000000000000000000E9
S3151001DEF0000000000000000000000000000000000B
S3151001DF0000000000000000000000000000000000FA
S3151001DF1004010C080901020401000B0501050003A7
S3151001DF2001050C0000030807060309060903040688
S3151001DF30010207050809070B020002070004000386
S3151001DF400104010C070501030B0700000000000086
S3151001DF5000000000000000000000000000000000AA
S3151001DF60000000000000000000000000000000009A
S3151001DF700000000001030B060408030D0C01030841
S3151001DF800801080709000D0302050403020407042A
S3151001DF90040D0B00090C090800020807020D050BF8
S3151001DFA00600020D0006050303000D03040C000014
S3151001DFB0000000000000000000000000000000004A
S3151001DFC0000000000000000000000000000000003A
S3151001DFD000000000000000000405010B07030909F9
S3151001DFE0090200010203070C0109040508020601D2
S3151001DFF0070002020C0102030003050405010307D1
S3151001E00005030609000C08050002040B04030001B0
S3151001E01006010308060804040906000000000000B2
S3151001E02000000000000000000000000000000000D9
S3151001E0300000000000000000000000000B0C060D9F
S3151001E04004020501020C0200030408080403060574
S3151001E050000B0D08020205010503070C0007030159
S3151001E060070002010203020D040B07010000000064
S3151001E070050805070D00000503060706040301053B
S3151001E080000607000000000000000000000000006C
S3151001E0900000000000000000000000000000000069
S3151001E0A0010D02050201050007000D030301040A13
S3151001E0B0000403010007060801040D03040000040F
S3151001E0C0000A08000102060D07000604010D0104ED
S3151001E0D000020008010504070D0A030000000000F4
S3151001E0E00000000000000000000000000000000019
S3151001E0F00000000000000000000000000000000009
S3151001E1000000000004010408090A020401000B05BD
S3151001E1100105000301050500000A080706030906A3
S3151001E12009030406010207050809070B0200020785
S3151001E1300004000301040106070A01030B0700008E
S3151001E14000000000000000000000000000000000B8
S3151001E15000000000000000000000000000000000A8
S3151001E160000000000000000001030B060408030D67
S3151001E170070103080A01080A09000D030205040331
S3151001E18002040704040D0B0A09080908000208070E
S3151001E190020D050B0600020D0006050A03000D030C
S3151001E1A0040900000000000000000000000000004B
S3151001E1B00000000000000000000000000000000048
S3151001E1C00000000000000000000000000405010B23
S3151001E1D00703090A090200010203070401090405DC
S3151001E1E00802060107000A020501020300030504DD
S3151001E1F00501030705030609000608050002040BBD
S3151001E200040300010601030A0608040409060000B6
S3151001E21000000000000000000000000000000000E7
S3151001E22000000000000000000000000000000000D7
S3151001E230020706010402050102080200030A080882
S3151001E24004030605000201080202050105030A0975
S3151001E250000703010700020102030201040207017C
S3151001E260000A000A0508050701000005030607064E
S3151001E270040301050006070000000000000000006D
S3151001E2800000000000000000000000000000000077
S3151001E290000000000A09020B020005000700010335
S3151001E2A00304010B000903000A0006030104080315
S3151001E2B004000A0400060B00090206020B000604FC
S3151001E2C0010A01040002000901050407070B0A00EF
S3151001E2D00000000000000000000000000000000027
S3151001E2E00000000000000000000000000000000017
S3151001E2F000000000000000000A01030809010204E1
S3151001E3000100030101090003010502000003080AC7
S3151001E3100603090809030406010207050809070A85
S3151001E32002000207000400030104020507050103A8
S3151001E3300A070000000000000000000000000000B5
S3151001E34000000000000000000000000000000000B6
S3151001E3500000000000000000000000000A030B0688
S3151001E360050801060201030B080108070900000A46
S3151001E370020504030204070A04070B00090709082A
S3151001E380000208070A06040B060009070006050322
S3151001E390030B000A04090000000000000000000041
S3151001E3A00000000000000000000000000000000056
S3151001E3B00000000000000000000000000000000046
S3151001E3C00405010A070309040302000102030704F5
S3151001E3D00A090405080706010700020209010208D5
S3151001E3E000030A04050103070503060900030804CF
S3151001E3F00002040A040300010601030806080504C5
S3151001E40009060000000000000000000000000000E6
S3151001E41000000000000000000000000000000000E5
S3151001E420000000000B0606080A020B07020902008B
S3151001E4300304080804030605090B080802020A0169
S3151001E44005030708080B0301070002010A0302026C
S3151001E450010B07010009000005080A09070000055C
S3151001E460030B0A060403010500060700000000005D
S3151001E4700000000000000000000000000000000085
S3151001E480000000000000000008050201020008005B
S3151001E4900700010303040203000403000108060335
S3151001E4A00104080304000204000608000102060420
S3151001E4B0080006040103010400020008010504070F
S3151001E4C0070808000000000000000000000000001E
S3151001E4D00000000000000000000000000000000025
S3151001E4E00000000000000000000000000501030804
S3151001E4F009010204010006050109000301050200D4
S3151001E50000030807060309080903040601020705A3
S3151001E51008080708020002070004000301040905A0
S3151001E52007050103090700000000000000000000B4
S3151001E53000000000000000000000000000000000C4
S3151001E54000000000000000000000000000000000B4
S3151001E5500403090601080106020103080801080758
S3151001E5600900000502050403020407060407020058
S3151001E5700807090800020807070609030600090724
S3151001E580000605030300000804090000000000004E
S3151001E5900000000000000000000000000000000064
S3151001E5A00000000000000000000000000000000054
S3151001E5B00000000004050104070309040302000119
S3151001E5C002030705010904050807060107000202EF
S3151001E5D009010208000306040501030705030609DC
S3151001E5E000030804000204070403000106010308DE
S3151001E5F006080804090600000000000000000000DB
S3151001E60000000000000000000000000000000000F3
S3151001E61000000000000000000106060801020902C0
S3151001E6200208020003040808040306050903080882
S3151001E630020202010503070804090301070002018A
S3151001E6400303020209050701000900000508040970
S3151001E6500700000503060506040301050006070069
S3151001E6600000000000000000000000000000000093
S3151001E6700000000000000000000000000D05060D5E
S3151001E68006040D04070405070704060D0404070410
S3151001E6900508060D0504080D04040D0404060804F6
S3151001E6A005060D04080D0604050D050404060D08DE
S3151001E6B00505040D0D080804000000000000000007
S3151001E6C00000000000000000000000000000000033
S3151001E6D00000000000000000000000000000000023
S3151001E6E0050D0708080D060405040D050508040D9A
S3151001E6F00505060D040708070607080D0D0704068C
S3151001E7000D060705080D070806040D0704040D0775
S3151001E71005040805070D050708070000000000009D
S3151001E72000000000000000000000000000000000D2
S3151001E73000000000000000000000000000000000C2
S3151001E740000000000D0D08060D0805060605070D4B
S3151001E750080508070804040D06050D070604070633
S3151001E7600407060D0807080D0406080D0706080715
S3151001E7700604080D0406050D07040408040D00001F
S3151001E7800000000000000000000000000000000072
S3151001E7900000000000000000000000000000000062
S3151001E7A000000000000000000405050D070D080417
S3151001E7B0070604050D0707050508040D08070605D4
S3151001E7C0070D06060805060804070D0405050D07BD
S3151001E7D005070608040D0804040D04070407040DB3
S3151001E7E006050708060808040D0D000000000000C4
S3151001E7F00000000000000000000000000000000002
S3151001E800000000000000000000000000050D0608D1
S3151001E810050D08060608060D0D0408080407060D61
S3151001E8200807080D06060605050707080D0807055A
S3151001E8300D040605070D060608050D050408040D49
S3151001E8400508040807040D050D0605060407050548
S3151001E8500406070000000000000000000000000090
S3151001E8600000000000000000000000000000000091
S3151001E8700105020B020C050007000103030A0B0038
S3151001E88000040301000C060C01040A030400000431
S3151001E89000060800010C06020B0006040101010422
S3151001E8A000020008010504070A0800000000000024
S3151001E8B00000000000000000000000000000000041
S3151001E8C00000000000000000000000000000000031
S3151001E8D0000000000C010C08090A020401000B05D6
S3151001E8E00105000301050200000308070603090CD0
S3151001E8F009030406010207050809070B0A000207A6
S3151001E9000004000A0104010C070501030B070000AE
S3151001E91000000000000000000000000000000000E0
S3151001E92000000000000000000000000000000000D0
S3151001E93000000000000000000A030B0604080C0684
S3151001E9400C01030808010807090000030205040366
S3151001E9500204070404070B00090C09080002080742
S3151001E9600A06050B06000207000605030300000A46
S3151001E970040C000000000000000000000000000070
S3151001E9800000000000000000000000000000000070
S3151001E9900000000000000000000000000405010B4B
S3151001E9A007030909090200010203070C01090405FD
S3151001E9B0080A0601070002020C01020A00030504F7
S3151001E9C00501030705030609000C080C0002040BD8
S3151001E9D004030001060103080608040409060000E1
S3151001E9E00000000000000000000000000000000010
S3151001E9F00000000000000000000000000000000000
S3151001EA000B0C060C0A020501020C0200030408088D
S3151001EA1004030605000B080802020A010503070C88
S3151001EA20000703010700020102030202040B07019A
S3151001EA300000000005080A070700000503060A067C
S3151001EA400403010500060700000000000000000095
S3151001EA50000000000000000000000000000000009F
S3151001EA60000000000105020B020C0500070001035E
S3151001EA70030A0B0000040301000C060C01040A032F
S3151001EA800400000400060800010C06020B0006042F
S3151001EA900101010400020008010504070A0800002B
S3151001EAA0000000000000000000000000000000004F
S3151001EAB0000000000000000000000000000000003F
S3151001EAC000000000000000000C010C08090A0204F5
S3151001EAD001000B05010500030105020000030807EB
S3151001EAE00603090C09030406010207050809070BA9
S3151001EAF00A0002070004000A0104010C07050103BC
S3151001EB000B070000000000000000000000000000DC
S3151001EB1000000000000000000000000000000000DE
S3151001EB200000000000000000000000000A030B06B0
S3151001EB3004080C060C010308080108070900000364
S3151001EB40020504030204070404070B00090C090853
S3151001EB50000208070A06050B060002070006050350
S3151001EB600300000A040C0000000000000000000071
S3151001EB70000000000000000000000000000000007E
S3151001EB80000000000000000000000000000000006E
S3151001EB900405010B07030909090200010203070C09
S3151001EBA001090405080A0601070002020C01020AFE
S3151001EBB0000305040501030705030609000C080CEB
S3151001EBC00002040B040300010601030806080404ED
S3151001EBD0090600000000000000000000000000000F
S3151001EBE0000000000000000000000000000000000E
S3151001EBF0000000000B0C060C0A020501020C0200B3
S3151001EC000304080804030605000B080802020A019A
S3151001EC100503070C000703010700020102030202A4
S3151001EC20040B07010000000005080A07070000058C
S3151001EC3003060A060403010500060700000000008A
S3151001EC4000000000000000000000000000000000AD
S3151001EC5000000000000000003C3A3A42473C3A3AB4
S3151001EC6042473C3A3A42473C3A3A42473C3A3A42A0
S3151001EC70473C3A3A42473C3A3A42473C3A3A42478B
S3151001EC803C3A3A42473C3A3A42473C3A3A42473C86
S3151001EC903A3A42473C3A3A42473C3A3A42473C3A78
S3151001ECA03A42470014000000320000004B000000F9
S3151001ECB064000000080A0C000000040506000000AC
S3151001ECC00A0A0A000000080A0C000000080F1400C6
S3151001ECD0000008090B000000080F140000000000D6
S3151001ECE0C8002C019001F40146505A6464788CA036
S3151001ECF0B4C8DCF0080A0C00000004050600000088
S3151001ED000A0A0A000000080A0C000000080F140085
S3151001ED10000008090B000000080F14000000000095
S3151001ED2028003200FA0000001E002800960000009C
S3151001ED30190023006400000014001E004B0000009F
S3151001ED400F0019003C0000000C0014002D000000FB
S3151001ED5009000F002300000006000A001E00000033
S3151001ED60030006001900000000000000000000006A
S3151001ED70000000000000000000000000000000007C
S3151001ED8005000A001400000005000A001400000026
S3151001ED9005000A001400000005000A001400000016
S3151001EDA00A0014001E0000000F001E0032000000B1
S3151001EDB01400280046000000190032005A00000015
S3151001EDC01E003C006400000000000000000000006E
S3151001EDD004000A001400000004000A0014000000D8
S3151001EDE004000A00140000000600140028000000A8
S3151001EDF006001400280000000A0028003C0000004C
S3151001EE000A0028005000000014003C0064000000B5
S3151001EE1028005000780000000000000000000000EB
S3151001EE2000000000000000000000000000000000CB
S3151001EE3005000A001400000005000A001400000075
S3151001EE4005000A001400000005000A001400000065
S3151001EE5005000A00140000000A0014003200000028
S3151001EE600A001400320000001E003C00640000007D
S3151001EE701E003C00640000000000000000000000BD
S3151001EE800000000000000000000000000000020069
S3151001EE900500140064000000050014006400000061
S3151001EEA00500280078000000050028007800000001
S3151001EEB00A003C008C0000000A003C008C000A008D
S3151001EEC02800640096000A002800640096001400C9
S3151001EED05000C800960014005000C800C409140060
S3151001EEE05000C800C4090000000000000000000026
S3151001EEF000000000000000000000000000000000FB
S3151001EF0005000A001400000005000F001E00000095
S3151001EF100800140023000000080014002800000057
S3151001EF200A0019002D00000014001E003200000016
S3151001EF3014001E003C0000001E00280046000000C0
S3151001EF4023002D005000000000000000000000000A
S3151001EF50000000000000000000000000000000009A
S3151001EF60000000000000000000000000000000008A
S3151001EF7003000A001900000004000F001E00000023
S3151001EF8005000F002800000005000F0032000000E8
S3151001EF900500140046000000070019006400000077
S3151001EFA0070019006400000007001E00960000000B
S3151001EFB007001E00960000000A003200FA00000049
S3151001EFC0000000000000000000000000000000002A
S3151001EFD00000000000000101010101000000000015
S3151001EFE002020202020001020100020100010201F5
S3151001EFF000000001010202020100000102020202E8
S3151001F00001000001020100010100010201000101DC
S3151001F01001000201010102000100010002010201C9
S3151001F02002010100010101010201010000020000BB
S3151001F03002020002020002020200010101010100A6
S3151001F0400000000002020202020001020100020198
S3151001F0500001020000010000020201020201020287
S3151001F060020101000000010001010100020101017C
S3151001F070020001000100020102010201000100016A
S3151001F0800102010201010100010101010201010058
S3151001F0900200020002000200020100020001010149
S3151001F0A00101010000000000020202020200010239
S3151001F0B00100020100010201000000010102020229
S3151001F0C0010000010202020201000001000100011B
S3151001F0D00102010201000101010202010101000107
S3151001F0E001000102010102010000010001000201FB
S3151001F0F002010200000200000202000202010002E7
S3151001F10000010101010101000000000002020202DA
S3151001F11002000102010002010001020000010202C7
S3151001F12002020101000100010201010201000100B8
S3151001F13001010100020101010001000001020102A9
S3151001F140020100010100010201010201000000019A
S3151001F1500201020201000101000102020102010085
S3151001F1600000000001020202020100000102020277
S3151001F170020100000000010001000201020102006B
S3151001F1800101010202010101000100000001010259
S3151001F190020201000100010200000000000000014E
S3151001F1A0000000010101000001020100000100013F
S3151001F1B00000000001000001000000000001010034
S3151001F1C00001010000000002000000000201000021
S3151001F1D00102000001010101010101020101010108
S3151001F1E000010101020202010100000001010201F8
S3151001F1F002010100010001010101020101010100E9
S3151001F20001010201010101000101010102000201D6
S3151001F21001000200010202020202020203020202BC
S3151001F22002010202020303030202010101020203A7
S3151001F2300203020201020102020202030202020297
S3151001F2400102020302020202010202020203010387
S3151001F250020201030102030303030303030203036F
S3151001F2600302020203030201020303020302030360
S3151001F270030302030302030303030302020303024C
S3151001F2800203030303010303030301020303020140
S3151001F2900303010101010100000000000202020244
S3151001F2A00200000102020202010000000200020037
S3151001F2B00200020002010002000101020002010027
S3151001F2C00202020002000000020001020100020116
S3151001F2D00001020100010201010201000100010009
S3151001F2E001000201020102010000000101020202F5
S3151001F2F001010100010101010201010001010100E9
S3151001F30002010101020002010200020001000201D4
S3151001F31001010101000000000002020202020001C7
S3151001F32002010002010001020100000001010202B6
S3151001F33002010000010202020201000001020100A5
S3151001F3400101000102010001010100020101010296
S3151001F3500001000100020102010201010001010187
S3151001F3600102010100000200000202000202000275
S3151001F3700202000200000002010200020101000265
S3151001F380000100020002000200020002E803000070
S3151001F3902C0100003200000088130000E803000071
S3151001F3A0C80000007A260000C4090000D00700003A
S3151001F3B094110000F4010000F4010000282300005C
S3151001F3C028230000102700003C00000096000000D2
S3151001F3D0C80000005802000000000000941100004F
S3151001F3E098260000C4090000D007000094110000FF
S3151001F3F0F4010000F401000054240000542400001C
S3151001F400102700003C00000096000000C800000014
S3151001F410580200000000000094110000C0260000F0
S3151001F420C4090000D007000094110000F401000087
S3151001F430F4010000C0260000C026000010270000BD
S3151001F4403C00000096000000C800000058020000B1
S3151001F4500000000094110000DE260000C40900001F
S3151001F460D007000094110000F4010000F40100001F
S3151001F470E4250000E4250000102700003C000000F0
S3151001F48096000000C80000005802000000000000AD
S3151001F49094110000FC260000C4090000D0070000EA
S3151001F4A094110000F4010000F4010000FC26000094
S3151001F4B0FC260000102700003C000000960000000A
S3151001F4C0C80000005802000000000000941100005E
S3151001F4D07A260000C4090000D00700008813000036
S3151001F4E0F4010000000000007A2600007A260000D0
S3151001F4F0102700003C00000096000000C800000024
S3151001F5005802000000000000941100009826000027
S3151001F510C4090000D007000088130000F4010000A0
S3151001F5200000000098260000982600001027000011
S3151001F5303C00000096000000C800000058020000C0
S3151001F5400000000094110000C0260000C40900004C
S3151001F550D007000088130000F4010000000000002D
S3151001F560C0260000C0260000102700003C00000045
S3151001F57096000000C80000005802000000000000BC
S3151001F58094110000DE260000C4090000D007000017
S3151001F59088130000F401000000000000DE260000C0
S3151001F5A0DE260000102700003C0000009600000037
S3151001F5B0C80000005802000000000000941100006D
S3151001F5C0FC260000C4090000D007000088130000C3
S3151001F5D0F401000000000000FC260000FC260000DB
S3151001F5E0102700003C00000096000000C800000033
S3151001F5F058020000000000009411000034210000A0
S3151001F600B80B0000D0070000A00F0000F4010000A5
S3151001F610F4010000B01D0000B01D0000B01D000077
S3151001F6201E0000006400000032000000C800000047
S3151001F63000000000B80B000060220000B80B0000AB
S3151001F640D0070000A00F0000F4010000F401000033
S3151001F6500820000008200000082000001E000000FD
S3151001F6606400000032000000C80000000000000025
S3151001F670B80B0000F0230000B80B0000D007000003
S3151001F680A00F0000F4010000F4010000282300007F
S3151001F69028230000282300001E000000640000003B
S3151001F6A032000000C800000000000000B80B000086
S3151001F6B01C250000B80B0000D0070000A00F0000A9
S3151001F6C0F4010000F40100001C2500001C250000B7
S3151001F6D01C2500001E00000064000000320000001E
S3151001F6E0C800000000000000B80B0000482600000A
S3151001F6F0B80B0000D0070000A00F0000F4010000B5
S3151001F700F4010000482600004826000048260000A3
S3151001F7101E0000006400000032000000C800000056
S3151001F72000000000B80B0000080A0C0000000405D8
S3151001F730060000000A0A0A000000080A0C00000070
S3151001F740080F1400000008090B000000080F140030
S3151001F750000000000000000001000000020000008F
S3151001F7600300000004000000050000000600000070
S3151001F7700700000008000000090000000A00000050
S3151001F7800B0000000C0000000D0000000E00000030
S3151001F790080A0C0000000405060000000A0A0A0007
S3151001F7A00000080A0C000000080F140000000809E8
S3151001F7B00B000000080F14000000000002030000F7
S3151001F7C011270000844E000031750000B64E00006E
S3151001F7D011270000844E000031750000E84E00002C
S3151001F7E0112700001A4F000031750000E84E000085
S3151001F7F000000000010000000200000003000000EC
S3151001F80004000000050000000600000007000000CB
S3151001F81008000000090000000A0000000B000000AB
S3151001F8200C0000000D0000000E0000000F0000008B
S3151001F830100000001100000012000000130000006B
S3151001F840080A0C0000000405060000000A0A0A0056
S3151001F8500000080A0C000000080F14000000080937
S3151001F8600B000000080F140000000000000000004B
S3151001F8700100000002000000030000000400000067
S3151001F8800500000006000000070000000800000047
S3151001F890090000000A0000000B0000000C00000027
S3151001F8A00D0000000E000000000000000100000025
S3151001F8B00200000003000000040000000500000023
S3151001F8C00600000007000000080000000900000003
S3151001F8D00A0000000B0000000C0000000D000000E3
S3151001F8E00E000000000000000100000002000000F0
S3151001F8F003000000040000000500000006000000DF
S3151001F9000700000008000000090000000A000000BE
S3151001F9100B0000000C0000000D0000000E0000009E
S3151001F92000000000010000000200000003000000BA
S3151001F930040000000500000006000000070000009A
S3151001F94008000000090000000A0000000B0000007A
S3151001F9500C0000000D0000000E0000000000280041
S3151001F9603200FA0000001E0028009600000019005F
S3151001F97023006400000014001E004B0000000F005D
S3151001F98019003C0000000C0014002D0000000900B5
S3151001F9900F002300000006000A001E0000000300ED
S3151001F9A00600190000000000000000000000000021
S3151001F9B0000000000000000000000000000005002B
S3151001F9C00A001400000005000A00140000000500DA
S3151001F9D00A001400000005000A00140000000A00C5
S3151001F9E014001E0000000F001E003200000014005B
S3151001F9F0280046000000190032005A0000001E00BF
S3151001FA003C0064000000000000000000000004003B
S3151001FA100A001400000004000A001400000004008B
S3151001FA200A00140000000600140028000000060059
S3151001FA301400280000000A0028003C0000000A00FB
S3151001FA4028005000000014003C006400000028004B
S3151001FA5050007800000000000000000000000000C7
S3151001FA60000000000000000000000000000005007A
S3151001FA700A001400000005000A0014000000050029
S3151001FA800A001400000005000A0014000000050019
S3151001FA900A00140000000A001400320000000A00D7
S3151001FAA01400320000001E003C00640000001E001D
S3151001FAB03C0064000000000000000000000000008F
S3151001FAC00000000000000000000000000200050018
S3151001FAD01400640000000500140064000000050015
S3151001FAE028007800000005002800780000000A00B0
S3151001FAF03C008C0000000A003C008C000A00280023
S3151001FB00640096000A002800640096001400500054
S3151001FB10C800960014005000C800C4091400500013
S3151001FB20C800C40900000000000000000000000029
S3151001FB3000000000000000000000000000000500A9
S3151001FB400A001400000005000F001E000000080046
S3151001FB5014002300000008001400280000000A0009
S3151001FB6019002D00000014001E00320000001400C0
S3151001FB701E003C0000001E00280046000000230065
S3151001FB802D005000000000000000000000000000E1
S3151001FB90000000000000000000000000000000004E
S3151001FBA0000000000000000000000000000003003B
S3151001FBB00A001900000004000F001E0000000500D5
S3151001FBC00F002800000005000F003200000005009C
S3151001FBD01400460000000700190064000000070029
S3151001FBE019006400000007001E00960000000700BF
S3151001FBF01E00960000000A003200FA000000000004
S3151001FC0000000000000000000000000000000000DD
S3151001FC1000000000000028003200FA0000001E005B
S3151001FC20280096000000190023006400000014004B
S3151001FC301E004B0000000F0019003C0000000C00D4
S3151001FC4014002D00000009000F002300000006001B
S3151001FC500A001E0000000300060019000000000043
S3151001FC60000000000000000000000000000000007D
S3151001FC7000000000000005000A0014000000050045
S3151001FC800A001400000005000A0014000000050017
S3151001FC900A00140000000A0014001E0000000F00E4
S3151001FCA01E00320000001400280046000000190052
S3151001FCB032005A0000001E003C00640000000000E3
S3151001FCC000000000000004000A00140000000400F7
S3151001FCD00A001400000004000A00140000000600C7
S3151001FCE014002800000006001400280000000A0075
S3151001FCF028003C0000000A002800500000001400F3
S3151001FD003C0064000000280050007800000000004C
S3151001FD1000000000000000000000000000000000CC
S3151001FD2000000000000005000A0014000000050094
S3151001FD300A001400000005000A0014000000050066
S3151001FD400A001400000005000A00140000000A0051
S3151001FD501400320000000A001400320000001E00D8
S3151001FD603C00640000001E003C006400000000001E
S3151001FD70000000000000000000000000000000006C
S3151001FD8000000000020005001400640000000500D8
S3151001FD90140064000000050028007800000005002A
S3151001FDA02800780000000A003C008C0000000A00C0
S3151001FDB03C008C000A002800640096000A00280006
S3151001FDC06400960014005000C800960014005000FC
S3151001FDD0C800C40914005000C800C409000000007E
S3151001FDE000000000000000000000000000000000FC
S3151001FDF000000000000005000A00140000000500C4
S3151001FE000F001E0000000800140023000000080067
S3151001FE101400280000000A0019002D00000014002B
S3151001FE201E003200000014001E003C0000001E00DF
S3151001FE3028004600000023002D005000000000009D
S3151001FE40000000000000000000000000000000009B
S3151001FE50000000000000000000000000000000008B
S3151001FE6000000000000003000A0019000000040051
S3151001FE700F001E00000005000F00280000000500FD
S3151001FE800F003200000005001400460000000700B4
S3151001FE901900640000000700190064000000070043
S3151001FEA01E009600000007001E00960000000A00C2
S3151001FEB03200FA00000000000000000000000000FF
S3151001FEC000000000000000000000000000002800F3
S3151001FED03200FA0000001E002800960000001900EA
S3151001FEE023006400000014001E004B0000000F00E8
S3151001FEF019003C0000000C0014002D000000090040
S3151001FF000F002300000006000A001E000000030077
S3151001FF1006001900000000000000000000000000AB
S3151001FF2000000000000000000000000000000500B5
S3151001FF300A001400000005000A0014000000050064
S3151001FF400A001400000005000A00140000000A004F
S3151001FF5014001E0000000F001E00320000001400E5
S3151001FF60280046000000190032005A0000001E0049
S3151001FF703C006400000000000000000000000400C6
S3151001FF800A001400000004000A0014000000040016
S3151001FF900A001400000006001400280000000600E4
S3151001FFA01400280000000A0028003C0000000A0086
S3151001FFB028005000000014003C00640000002800D6
S3151001FFC05000780000000000000000000000000052
S3151001FFD00000000000000000000000000000050005
S3151001FFE00A001400000005000A00140000000500B4
S3151001FFF00A001400000005000A00140000000500A4
S315100200000A00140000000A001400320000000A0060
S315100200101400320000001E003C00640000001E00A6
S315100200203C00640000000000000000000000000018
S3151002003000000000000000000000000002000500A1
S31510020040140064000000050014006400000005009E
S3151002005028007800000005002800780000000A0039
S315100200603C008C0000000A003C008C000A002800AC
S31510020070640096000A0028006400960014005000DE
S31510020080C800960014005000C800C409140050009D
S31510020090C800C409000000000000000000000000B3
S315100200A00000000000000000000000000000050033
S315100200B00A001400000005000F001E0000000800D0
S315100200C014002300000008001400280000000A0093
S315100200D019002D00000014001E003200000014004A
S315100200E01E003C0000001E002800460000002300EF
S315100200F02D0050000000000000000000000000006B
S3151002010000000000000000000000000000000000D7
S3151002011000000000000000000000000000000300C4
S315100201200A001900000004000F001E00000005005E
S315100201300F002800000005000F0032000000050025
S3151002014014004600000007001900640000000700B2
S3151002015019006400000007001E0096000000070048
S315100201601E00960000000A003200FA00000000008D
S315100201700000000000000000000000000000000067
S3151002018000000000080A0C0000000405060000002A
S315100201900A0A0A000000080A0C000000080F1400E0
S315100201A0000008090B000000080F140000000000F0
S315100201B02B7F0000008793030000C0E0F0F8FC30AC
S315100201C0313233343536373839414243444546475E
S315100201D048494A4B4C4D4E4F50515253545556570F
S315100201E058595A00DEF1134F3F6BC32C5BE9C85BBB
S315100201F0C77759A517919DFF6B268B20B9E9251252
S31510020200F952F433D32939467A428786988E8ABCB4
S31510020210A47399D8D8AC9CAB14FE9045B044D4AC18
S31510020220742C337F7982CB5785E345E33497E5D235
S315100202309E0530AEE80596B8361BF82F93906F18C8
S31510020240633C57062AFB3F9FA331479AF67441CC6B
S31510020250D509B0D2546AB89DE5344F6CFC6445F0AA
S31510020260C01C3378CEB6AB3B297742CD03AE2AE615
S315100202706E212AE08D9172EF6B13566F71A3DEA574
S315100202807AAF535E679BA2EF4D8F27F41885C7DBB3
S315100202904CA6C4AC1A8985DFB68627240566A74AFA
S315100202A0C662AC69C481B104331B41466F7C507B74
S315100202B0042CBA558C2AAAB1C3AF2F11F5997CA575
S315100202C059669C0F8E538E20B357174149F4ADF5DC
S315100202D089E0169B094FD0309788DE307FBA0A2103
S315100202E0BA9538025E47146059EFFA67F9F27667E3
S315100202F0D24ED2A256C31E373BDF6DC923EDECE8B0
S315100203009EC1361E58B001E5A6E9DF67E02282A13A
S315100203106705206D0DBA065677F3FCEEF80FA71B8C
S3151002032013A8F50B6656DF0BE89AEE7DD3DD6469EA
S31510020330FE2DE3608AE439FFEA6A705D15CE938476
S31510020340A3F02D5939B0E7F080B03B752DBF967DDD
S31510020350C0B93EEF2236D505C5B5C7CE430CA4A704
S31510020360FE147411B0473399D6A04894D5746350CD
S31510020370B85EC049FFC1B198B8C5F4910926ABA2BF
S31510020380B8210C64E6884E91295189F29763C2DC32
S31510020390C78A32AE172BA31366E5A7D217879380A7
S315100203A0F653925870C152ADE75BDDB653A37FDBAD
S315100203B0C57D32E90C4FACD3A0CDDECAF45F0A0775
S315100203C04692E447D32EB642A94FD718A405CB2F8F
S315100203D07E039E53499FBD73575F6AD71222536A93
S315100203E0A2F65A6814BF6698C388763B0A89D9BCA6
S315100203F067E1F420F943135D11D944355CDFAAFB9A
S3151002040059E405C8BB4ED80BEC51413409B7CC366A
S315100204106243E28E9C9A17BF9828E320C9FFF228FE
S31510020420537D897FBAF52A72CD3846833C29A01EA0
S31510020430FC9B3DCD12D516AAD3C4D027A17532EF97
S31510020440D066B9F9C3D54E6260F19E229CDE73BDA9
S315100204509EC35D397BBD051FA8BE909DDC0E0C1A8E
S3151002046081792B21360E22B2E14F72E825BD2A5C24
S31510020470E84FD4BAE2B82849D233EE91D835083EBD
S31510020480A6605057B1AC53F88AB296148218E8385F
S31510020490660A0BB4233F401F6D97AD58D40F8EB525
S315100204A07DAC503D2BCD8E6922CB2F235923DDD522
S315100204B014C8471FB70B1BF371A6253C189CDD55B4
S315100204C0DF56FE3E99F1F4F148613865EA5098908C
S315100204D0188D70BCFF329BCB6D0FF908E921AE3136
S315100204E0F644FBD35AD74ECD9B763E768334BB1851
S315100204F0AB77CBD68A6B7D3A0CF8466D0F8307AC79
S31510020500454999F38DC406689D6B86A8225D516391
S3151002051048D20AFB872F2481134541F2BCB62E9787
S31510020520B4BCC86CBF90C5047F0F2EA789A9683AC0
S31510020530AAC086E954A1AD35F0663FE662DDA5A6EE
S31510020540C0DE8E159A09AC3C06D24EF46FF774C90A
S31510020550F36DE89017B7979D551F3DF7DD60645808
S315100205600481BE15782C69F04AF8C3C77570EF8FEF
S315100205705CF3DAD2E9E3B5F9B1D3423790E0B828A1
S31510020580B29514136D90070851A7B7BBB1A0C60850
S31510020590FB3B1E60771E23EBDE19FDAC8F2A6F9490
S315100205A09E3C890A861EBFC97D65DA912E35CFF12A
S315100205B087706D9D5FCF054669197D52CC82E574B1
S315100205C025CFDDF940FF275179E975A484FF63032E
S315100205D0F9D446FED948E105EC11D8784AB36ADD5A
S315100205E084CFC64E2D47A68B02A87C6E17919DFF0F
S315100205F06B268B20AC6D4963B29A5EB3672BA5F658
S31510020600795C2E6700070E091C1B1215383F36310E
S3151002061024232A2D70777E796C6B6265484F46418A
S3151002062054535A5DE0E7EEE9FCFBF2F5D8DFD6D17A
S31510020630C4C3CACD90979E998C8B8285A8AFA6A16A
S31510020640B4B3BABDC7C0C9CEDBDCD5D2FFF8F1F65A
S31510020650E3E4EDEAB7B0B9BEABACA5A28F8881864A
S3151002066093949D9A2720292E3B3C35321F1811163A
S3151002067003040D0A5750595E4B4C45426F6861662A
S3151002068073747D7A898E878095929B9CB1B6BFB81A
S31510020690ADAAA3A4F9FEF7F0E5E2EBECC1C6CFC80A
S315100206A0DDDAD3D4696E676075727B7C51565F58FA
S315100206B04D4A4344191E171005020B0C21262F28EA
S315100206C03D3A33344E49404752555C5B7671787FDA
S315100206D06A6D64633E39303722252C2B0601080FCA
S315100206E01A1D1413AEA9A0A7B2B5BCBB9691989FBA
S315100206F08A8D8483DED9D0D7C2C5CCCBE6E1E8EFAA
S31510020700FAFDF4F3010000000300000007000000E8
S315100207100F0000001E0000005A000000B400000086
S3151002072068010000FFFFFFFFA0860100400D0300D5
S3151002073020A1070040420F0080841E00404B4C004F
S3151002074080969800002D3101FFFFFFFF1027000051
S31510020750204E00003075000050C3000080380100A2
S31510020760A0860100F0490200400D0300E093040048
S3151002077010270000204E00003075000050C3000004
S31510020780A0860100400D0300E093040020A107009B
S3151002079000350C000000000032000000640000006A
S315100207A0E8030000D007000088130000102700009D
S315100207B0204E000050C300000000C1C081C140019C
S315100207C001C3C003800241C201C6C006800741C7E9
S315100207D00005C1C581C4400401CCC00C800D41CDB9
S315100207E0000FC1CF81CE400E000AC1CA81CB400B89
S315100207F001C9C009800841C801D8C018801941D959
S31510020800001BC1DB81DA401A001EC1DE81DF401FE8
S3151002081001DDC01D801C41DC0014C1D481D54015F8
S3151002082001D7C017801641D601D2C012801341D308
S315100208300011C1D181D0401001F0C030803141F198
S315100208400033C1F381F240320036C1F681F74037E8
S3151002085001F5C035803441F4003CC1FC81FD403DB8
S3151002086001FFC03F803E41FE01FAC03A803B41FB88
S315100208700039C1F981F840380028C1E881E94029D8
S3151002088001EBC02B802A41EA01EEC02E802F41EFE8
S31510020890002DC1ED81EC402C01E4C024802541E5F8
S315100208A00027C1E781E640260022C1E281E3402308
S315100208B001E1C021802041E001A0C060806141A118
S315100208C00063C1A381A240620066C1A681A74067E8
S315100208D001A5C065806441A4006CC1AC81AD406DB8
S315100208E001AFC06F806E41AE01AAC06A806B41AB88
S315100208F00069C1A981A840680078C1B881B9407958
S3151002090001BBC07B807A41BA01BEC07E807F41BFE7
S31510020910007DC1BD81BC407C01B4C074807541B5F7
S315100209200077C1B781B640760072C1B281B3407307
S3151002093001B1C071807041B00050C1908191405197
S315100209400193C053805241920196C05680574197E7
S315100209500055C19581944054019CC05C805D419DB7
S31510020960005FC19F819E405E005AC19A819B405B87
S315100209700199C059805841980188C04880494189D7
S31510020980004BC18B818A404A004EC18E818F404FE7
S31510020990018DC04D804C418C0044C18481854045F7
S315100209A00187C047804641860182C0428043418307
S315100209B00041C18181804040FFFFFFFFFFFFFFFF23
S315100209C0FFE0F0FFFFF1FFFFFFFFFFFFFFFFFFFF5B
S315100209D0FFFFFFFFFFFFFFFFE0FFFFFFFFFFFFFF2E
S315100209E0FFFFFF3EFFF2FF3F3435363738393A3BC9
S315100209F03C3DFFFFFF00FFFFFF0001020304050657
S31510020A000708090A0B0C0D0E0F10111213141516E6
S31510020A10171819FFFFFFFFFFFF1A1B1C1D1E1F20B1
S31510020A202122232425262728292A2B2C2D2E2F3026
S31510020A30313233FFFFFFFFFF000401010000000007
S31510020A400000010004040101040001010404010074
S31510020A50040000000000010000040000000401016F
S31510020A600404010100040000040400010400010151
S31510020A70000000010400000004040000000400014C
S31510020A80000400010004010000040100000001013D
S31510020A900000010104040001040001000400000129
S31510020AA0040000010400010000000000040400001C
S31510020AB00404010000000001000001000404010109
S31510020AC00400000000000101000401010000000101
S31510020AD000000001000400000400010100000100F2
S31510020AE000040100040000010004000004000000DC
S31510020AF004040001040401000404010104000100BD
S31510020B0000000101040400010400000104040000B5
S31510020B1004040100000401010404000000040001A1
S31510020B20000400010000000004000100000401009E
S31510020B300000000004000101208010800080008067
S31510020B40008000002080100000001000200000002D
S31510020B5020001080208000802000008020801080DD
S31510020B6000801080000000800080008000001000CD
S31510020B7020000000200010800080100020001000CD
S31510020B80208000800000000000000080008000002D
S31510020B90208010000000108020001000200000802D
S31510020BA000000000008010002080000000801080ED
S31510020BB0000010802080000000000000208010003D
S31510020BC0200010800000100020800080000010809D
S31510020BD000801080008000000000108000800080DD
S31510020BE020000000208010802080100020000000CD
S31510020BF0008000000000008020800000008010802D
S31510020C0000001000200000802000100020800080CC
S31510020C10200000802000100000801000000000005C
S31510020C2000800080208000000000008020001080DC
S31510020C3020801080008010000802000000020208C6
S31510020C400000000008000208000200080000000070
S31510020C50080202000002000808000200080000084C
S31510020C60080000080000020008020208080002003C
S31510020C700000020808020000000000080800000038
S31510020C800002020800020000000202000000020830
S31510020C900800020808020200080200080002020008
S31510020CA000000200080200080800000008020208FC
S31510020CB000020000000000080002020800000008FE
S31510020CC008000200080200000000020000020208EA
S31510020CD000020008000000000002000008000200E6
S31510020CE008020208000200080800000800020000BC
S31510020CF000000000080002080802000800000200B6
S31510020D00000000080802020808000000080202009B
S31510020D10000202000800000800000208080200088B
S31510020D200802000000000208080202000800000083
S31510020D300800020800020200012080008120000043
S31510020D408120000080000000802080008100800049
S31510020D500100800001200000000000000020800039
S31510020D600020800081208000810000000000000029
S31510020D7080008000010080000100000000200000B9
S31510020D80000080000120800080000000000080002A
S31510020D900120000080200000810080000100000078
S31510020DA0802000008000800000200000802080004B
S31510020DB081208000810000008000800001008000F8
S31510020DC000208000812080008100000000000000C9
S31510020DD000000000002080008020000080008000BB
S31510020DE081008000010000000120800081200000A7
S31510020DF08120000080000000812080008100000018
S31510020E000100000000200000010080000120000007
S31510020E1080208000810080000120000080200000D8
S31510020E200000800001208000800000000000800089
S31510020E30002000008020800000010000000108024E
S31510020E400000080200010042000008000001000034
S31510020E5000000040000008020001084000000800DF
S31510020E600001000200010840000100420000084291
S31510020E7000010800000000400000000200000840C7
S31510020E800000084000000000000100400001084276
S31510020E900001084200010002000008420001004061
S31510020EA000000000000000420001080200000002DB
S31510020EB00000004200010800000008000001004284
S31510020EC000010000000000020000004000000802BD
S31510020ED0000100420001084000010002000000402B
S31510020EE0000008420001080200010840000100004B
S31510020EF0000000020000084200010842000108003A
S31510020F000000004200010842000008020000000032
S31510020F100000084000000042000108000001000223
S31510020F200001004000000800000000000000084018
S31510020F3000010802000100401000002000004020BD
S31510020F400040000010404020000040201000000029
S31510020F501040402000004000004000201040400099
S31510020F600000400010000020100040000040002049
S31510020F700000002010400000000000001000400099
S31510020F8010400020004000000040400010400020A9
S31510020F901000000010004020100040200000000049
S31510020FA01040400000404020104000000040400029
S31510020FB000404020000000200040002010000000E9
S31510020FC01000402000404000104040200000400029
S31510020FD010400000100000200000400000400020D9
S31510020FE00000002010400000100000201040402099
S31510020FF000404000000040201040400000404020C9
S315100210000000000010004020100000000040000008
S315100210100000402010404000004000001000400038
S315100210201040002000000000004040200000002078
S315100210301000400010400020000020000200200492
S315100210400208000400000000000800000208000464
S3151002105002082000000820040208200400002000D4
S31510021060000000000200000402000000000000045C
S3151002107002002004020800000008000402082000F2
S3151002108002002000000800040200000400002004F0
S3151002109000082004020020000000200400080000BE
S315100210A002080000020820040008200002000000C6
S315100210B000000004000820000000000400082000C0
S315100210C000002000020800040208000402002004A6
S315100210D002002004020000000200200000000004AA
S315100210E00008000400002000000820040208000086
S315100210F00208200000082004020800000200000472
S31510021100020820040000200400082000000000004D
S31510021110020000000208200400000000020820005D
S315100211200000200400080000020000040008000469
S3151002113000080000020020004010001000100000FD
S3151002114000000400401004100000001040100010AF
S3151002115040000000000000104000040000000410CF
S315100211604010041000100400001004104010040077
S3151002117000100000400000000000041040000010A3
S31510021180001000104010000000100400400004007F
S31510021190400004100010041040100000000000006F
S315100211A00000000040000410400000100010001063
S315100211B04010040000000400401004000000040067
S315100211C0001004100010000040000000400004103F
S315100211D00010000040100400001000104000000033
S315100211E0400000100000041040000410000000101F
S315100211F0000004004010001000000000401004100F
S3151002120040000400400000100000041000100010FE
S3151002121040100010000000004010041000100400DE
S3151002122000100400401000004010000040000400AE
S315100212300000001000100410000000000100000061
S315100212400001000001010000000001000100010080
S31510021250000101000101010000000001010000016E
S31510021260000100010101000100000101010001015C
S31510021270000101010101010100000000000000014E
S315100212800000010000000101000100000001000140
S31510021290000101000001010101000000010000012E
S315100212A0010001000100010101010000010100011C
S315100212B0010101000101010100000000000000000F
S315100212C00000000000000000000000003736001089
S315100212D0889100200000000080841E00000000009B
S315100212E008010000000000010000000000000000DC
S315100212F03031323334353637383941424344454634
S31510021300403058003031323334353637383961622D
S31510021310636465664030780004000008000000002F
S315100213200000000200010000100000000000000092
S31510021330000000000000F03F000000000000F83F2F
S3151002134000000000000000000000004003B8E23F69
S31510021350000000000000000006D0CF43EBFD4C3E1B
S31510021360033333333333E33FFFAB6FDBB66DDB3F10
S315100213704D268F515555D53F01411DA96074D13F58
S3151002138065DBC9934A86CD3FEF4E454A287ECA3F52
S315100213903E5555555555C53F93BDBE166CC166BFD4
S315100213A02CDE25AF6A56113FF16BD2C541BDBBBECD
S315100213B0D0A4BE726937663E00000000000000002D
S315100213C00D0A205B474D5D205265626F6F74206374
S315100213D06F6D7061726520706173733A20666C610D
S315100213E0673D257520286578706563743D257529D6
S315100213F02C206B65657020706572736973746564F1
S315100214002064656275672064617461000D0A205B51
S31510021410474D5D4672656547616D652070657273ED
S3151002142069737420626C6F6220696E69743A206601
S315100214306C61673D257520286578706563743D2556
S3151002144075292C206B6565702070657273697374CB
S3151002145065642064656275672064617461000000CA
S315100214600D0A205B474D5D20706572736973742097
S31510021470626C6F6220696E69743A20666C61673DB0
S31510021480257520286578706563743D2575292C208D
S315100214906B65657020706572736973746564206418
S315100214A065627567206461746100000041424344BD
S315100214B045464748494A4B4C4D4E4F50515253544C
S315100214C055565758595A6162636465666768696A00
S315100214D06B6C6D6E6F707172737475767778797ACC
S315100214E0303132333435363738392B2F000000007D
S315100214F069666C617368000073657269616C3000AD
S3151002150073657269616C310073657269616C320060
S315100215107573620074696D65723000006672616D72
S315100215200000000073797374656D00006C656400C9
S31510021530601602100000002064090000640000100A
S315100215409419021064090020C4280100C00000107A
S315100215501001000043000000F8FFFFFF004040406A
S31510021560404040404040414141414140404040405E
S31510021570404040404040404040404040400502020A
S3151002158002020202020202020202020202202020C9
S315100215902020202020202002020202020202909025
S315100215A09090909010101010101010101010101023
S315100215B01010101010101010020202020202888877
S315100215C08888888808080808080808080808080883
S315100215D0080808080808080802020202400000006B
S315100215E000000000000000000000000000000000E3
S315100215F000000000000000000000000000000000D3
S3151002160000000000000000000000000000000000C2
S3151002161000000000000000000000000000000000B2
S3151002162000000000000000000000000000000000A2
S315100216300000000000000000000000000000000092
S315100216400000000000000000000000000000000082
S315100216500000000000000000000000000000000072
S3151002166001CC72013264324B32145A0518320232EC
S31510021670035A04143206320772081E54CC0110B4EF
S31510021680041E04CD011064041AC4041E34CE0110C3
S31510021690A404150CCF01101812D10110F4D20110A6
S315100216A0E8D40110DCD60110D0D824181EDA0110A5
S315100216B0B8DC0110ACDE0110A0E0011094E20110BA
S315100216C088E401107CE6011070E8481809EA011056
S315100216D058EC01105D041A62041A67041A6C041A93
S315100216E071041A76041A7B041A80041A85041A8A5B
S315100216F0041A8F041A94041A99041A9E041AB4042A
S315100217001ABA041AC0041AC6041ACC041AD2041A33
S31510021710D8041AF4041AFA04111DED011006041A5B
S315100217200C041A12041A1804811A1E0C1A7E041AB0
S31510021730CE041E2EEE01108E041AFE041E6EEF014A
S3151002174010D6041B3AF06819041E02F1011098040F
S315100217508F92F201100FF34001DC72019AFF010120
S315100217609C1AF4B132322904290C326432C81A2C6A
S315100217700C6910A9044B1027041E28F701102E0419
S315100217801A34041A3A041A40041A46041A4C041A51
S3151002179090041A96041A9C041AA2041AA8041AAEE1
S315100217A0042AB4281AF82819041A4C041A52041ACC
S315100217B058041A5E041A64041E5CF90110BC041E55
S315100217C00CFA01106C041ACC041E3CFB0110AC047A
S315100217D01E14FC011074041AC4041E24FD01108484
S315100217E0041AF4041B64FE2819041E2CFF01107C33
S315100217F0041ADC04123C1C0210AC041E1C0102105A
S3151002180084041A8A041A90041A96041A9C041AA2B8
S31510021810041AA804015C172832012041111B105525
S31510021820041A57041A59041A5B041A5D0401101A91
S315100218305F145A61181A6308136DE61B10670809BC
S31510021840BA0401181E057D0110590401200247022F
S315100218501AFF01415CAC1402744A085D99611AF0D0
S315100218601C139406100820F54501103DFE580C1065
S315100218701DB1011081BA0110D53DA82BC201361136
S315100218800A1E01A52925C9211C4005B54409264071
S315100218909910392C0D2A10024015409980391B1DBA
S315100218A020024025401AF8E01ACCE01E0F4601101D
S315100218B04BE01A45E01AADE05BB53EE00E18150294
S315100218C0100C07201A08200A194C203B12016F1C13
S315100218D040584B071D02010203A9140902201301E5
S315100218E0015DC0FA09048D2E0705830240072A01FD
S315100218F00710080403090414034B124112491A581B
S3151002190004124E1A4D0C124E140A034912441A4569
S315100219100C21141803531A2F141232123012311AC0
S3151002192038063A360A01141973111A10A8411AE523
S31510021930A81A79A81A83A85F8DBB0110453FE871D2
S3151002194023E8031E95B9011014301394081F20D1F1
S31510021950470110B13081AA8130190A320829046967
S315100219601011CA70141A1C481AD8481E7948011048
S31510021970D1481A89785E01BC0110C9481A24200A76
S3151002198019C420415A2CBC9E01490110DF8CCB2F61
S3151002199040BCC10001A250BFDA51A7279CCB0E53FF
S315100219A088B09793CF229BF729197B0E5875C3FEE1
S315100219B03DB05CCD42F48503979F6BAD59FE044F43
S315100219C0660DDF2EA9515AED08B9A57B97165FDA77
S309100219D07603B7D0FB
S70500000000FA
